lon,lat,temperature_2m,precipitation,cloud_cover,wind_speed_10m,last_updated
-5.125,41.3125,27.4,0.0,0,1.17,2026-08-05T11:14:56Z
-4.875,41.3125,27.8,0.0,0,1.03,2026-08-05T11:14:56Z
-4.625,41.3125,28.1,0.0,0,1.06,2026-08-05T11:14:56Z
-4.375,41.3125,29.0,0.0,0,1.08,2026-08-05T11:14:56Z
-4.125,41.3125,28.6,0.0,0,1.35,2026-08-05T11:14:56Z
-3.875,41.3125,28.5,0.0,0,1.91,2026-08-05T11:14:56Z
-3.625,41.3125,29.0,0.0,0,1.32,2026-08-05T11:14:56Z
-3.375,41.3125,28.8,0.0,3,2.3,2026-08-05T11:14:56Z
-3.125,41.3125,28.0,0.0,5,2.25,2026-08-05T11:14:56Z
-2.875,41.3125,28.1,0.0,0,2.58,2026-08-05T11:14:56Z
-2.625,41.3125,28.2,0.0,0,2.14,2026-08-05T11:14:56Z
-2.375,41.3125,27.8,0.0,0,2.78,2026-08-05T11:14:56Z
-2.125,41.3125,29.8,0.0,0,2.53,2026-08-05T11:14:56Z
-1.875,41.3125,30.0,0.0,0,3.57,2026-08-05T11:14:56Z
-1.625,41.3125,30.1,0.0,0,4.32,2026-08-05T11:14:56Z
-1.375,41.375,27.9,0.0,0,4.03,2026-08-05T11:14:56Z
-1.125,41.3125,27.7,0.0,0,3.96,2026-08-05T11:14:56Z
-0.875,41.3125,27.9,0.0,12,4.25,2026-08-05T11:14:56Z
-0.625,41.3125,30.5,0.0,0,3.35,2026-08-05T11:14:56Z
-0.375,41.3125,31.3,0.0,0,2.27,2026-08-05T11:14:56Z
-0.125,41.3125,30.8,0.0,0,1.5,2026-08-05T11:14:56Z
0.125,41.3125,31.5,0.0,0,1.92,2026-08-05T11:14:56Z
0.375,41.3125,32.4,0.0,0,2.22,2026-08-05T11:14:56Z
0.625,41.3125,30.1,0.0,0,2.83,2026-08-05T11:14:56Z
0.875,41.375,31.9,0.0,19,2.5,2026-08-05T11:14:56Z
1.0625,41.3125,29.5,0.0,0,3.23,2026-08-05T11:14:56Z
1.375,41.3125,32.7,0.0,0,4.44,2026-08-05T11:14:56Z
1.625,41.3125,32.8,0.0,0,4.4,2026-08-05T11:14:56Z
1.875,41.3125,32.4,0.0,0,3.85,2026-08-05T11:14:56Z
2.125,41.3125,31.1,0.0,0,3.2,2026-08-05T11:14:56Z
2.375,41.3125,29.1,0.0,0,2.1,2026-08-05T11:14:56Z
2.625,41.3125,28.9,0.0,0,2.21,2026-08-05T11:14:56Z
2.875,41.3125,28.6,0.0,0,2.28,2026-08-05T11:14:56Z
3.125,41.3125,28.5,0.0,0,1.66,2026-08-05T11:14:56Z
3.375,41.3125,28.2,0.0,0,2.35,2026-08-05T11:14:56Z
3.625,41.3125,27.9,0.0,0,6.11,2026-08-05T11:14:56Z
3.875,41.3125,27.7,0.0,1,7.71,2026-08-05T11:14:56Z
4.125,41.3125,27.6,0.0,5,7.71,2026-08-05T11:14:56Z
4.375,41.3125,27.6,0.0,8,8.1,2026-08-05T11:14:56Z
4.625,41.3125,27.6,0.0,5,7.92,2026-08-05T11:14:56Z
4.875,41.3125,27.5,0.0,5,6.97,2026-08-05T11:14:56Z
5.125,41.3125,27.5,0.0,8,5.73,2026-08-05T11:14:56Z
5.375,41.3125,27.8,0.0,12,4.75,2026-08-05T11:14:56Z
5.625,41.3125,27.6,0.0,1,4.46,2026-08-05T11:14:56Z
5.875,41.3125,27.4,0.0,19,4.53,2026-08-05T11:14:56Z
6.125,41.3125,27.4,0.0,42,5.06,2026-08-05T11:14:56Z
6.375,41.3125,27.9,0.0,57,5.31,2026-08-05T11:14:56Z
6.625,41.3125,27.6,0.0,38,4.75,2026-08-05T11:14:56Z
6.875,41.3125,27.9,0.0,8,4.57,2026-08-05T11:14:56Z
7.125,41.3125,27.8,0.0,30,4.18,2026-08-05T11:14:56Z
7.375,41.3125,27.9,0.0,61,3.37,2026-08-05T11:14:56Z
7.625,41.3125,27.8,0.0,15,2.57,2026-08-05T11:14:56Z
7.875,41.3125,27.8,0.0,30,2.55,2026-08-05T11:14:56Z
8.125,41.3125,27.8,0.0,23,3.28,2026-08-05T11:14:56Z
8.375,41.3125,28.1,0.0,36,3.33,2026-08-05T11:14:56Z
8.625,41.3125,28.4,0.0,38,2.62,2026-08-05T11:14:56Z
8.875,41.3125,28.1,0.0,1,3.02,2026-08-05T11:14:56Z
9.125,41.3125,28.0,0.0,52,2.88,2026-08-05T11:14:56Z
9.375,41.3125,28.6,0.0,25,1.91,2026-08-05T11:14:56Z
9.625,41.3125,27.6,0.0,26,2.4,2026-08-05T11:14:56Z
-5.125,41.5625,27.4,0.0,0,0.81,2026-08-05T11:14:56Z
-4.875,41.5625,27.4,0.0,0,0.67,2026-08-05T11:14:56Z
-4.625,41.5625,27.8,0.0,0,1.36,2026-08-05T11:14:56Z
-4.375,41.5625,26.9,0.0,0,1.3,2026-08-05T11:14:56Z
-4.125,41.5625,28.0,0.0,0,0.95,2026-08-05T11:14:56Z
-3.875,41.5625,27.4,0.0,0,1.2,2026-08-05T11:14:56Z
-3.625,41.5625,27.9,0.0,0,1.65,2026-08-05T11:14:56Z
-3.375,41.5625,28.4,0.0,0,0.94,2026-08-05T11:14:56Z
-3.125,41.5625,29.0,0.0,0,0.78,2026-08-05T11:14:56Z
-2.875,41.5625,29.5,0.0,0,1.64,2026-08-05T11:14:56Z
-2.625,41.5625,29.9,0.0,0,2.21,2026-08-05T11:14:56Z
-2.375,41.5625,29.2,0.0,0,2.14,2026-08-05T11:14:56Z
-2.125,41.5625,28.9,0.0,0,2.62,2026-08-05T11:14:56Z
-1.875,41.5625,28.0,0.0,0,3.05,2026-08-05T11:14:56Z
-1.625,41.5625,29.0,0.0,0,3.35,2026-08-05T11:14:56Z
-1.375,41.5625,29.1,0.0,0,4.49,2026-08-05T11:14:56Z
-1.125,41.5625,27.4,0.0,37,4.74,2026-08-05T11:14:56Z
-0.875,41.5625,29.1,0.0,13,3.54,2026-08-05T11:14:56Z
-0.625,41.5625,30.6,0.0,0,3.18,2026-08-05T11:14:56Z
-0.375,41.5625,30.2,0.0,1,2.11,2026-08-05T11:14:56Z
-0.125,41.5625,30.3,0.0,3,1.02,2026-08-05T11:14:56Z
0.125,41.5625,30.9,0.0,3,2.06,2026-08-05T11:14:56Z
0.375,41.5625,32.2,0.0,0,2.47,2026-08-05T11:14:56Z
0.625,41.5625,32.2,0.0,0,2.4,2026-08-05T11:14:56Z
0.875,41.5625,31.6,0.0,0,1.92,2026-08-05T11:14:56Z
1.125,41.5625,32.8,0.0,0,2.24,2026-08-05T11:14:56Z
1.375,41.5625,32.1,0.0,0,4.0,2026-08-05T11:14:56Z
1.625,41.5625,32.8,0.0,0,3.01,2026-08-05T11:14:56Z
1.875,41.5625,34.9,0.0,1,3.35,2026-08-05T11:14:56Z
2.125,41.5625,33.6,0.0,5,3.61,2026-08-05T11:14:56Z
2.375,41.5625,32.1,0.0,0,4.43,2026-08-05T11:14:56Z
2.625,41.625,32.2,0.0,0,4.53,2026-08-05T11:14:56Z
2.875,41.5625,28.5,0.0,0,3.82,2026-08-05T11:14:56Z
3.125,41.5625,28.6,0.0,0,1.97,2026-08-05T11:14:56Z
3.375,41.5625,28.4,0.0,0,2.7,2026-08-05T11:14:56Z
3.625,41.5625,27.7,0.0,0,6.9,2026-08-05T11:14:56Z
3.875,41.5625,27.4,0.0,0,8.0,2026-08-05T11:14:56Z
4.125,41.5625,27.3,0.0,16,8.32,2026-08-05T11:14:56Z
4.375,41.5625,27.2,0.0,26,8.36,2026-08-05T11:14:56Z
4.625,41.5625,27.3,0.0,2,8.22,2026-08-05T11:14:56Z
4.875,41.5625,27.3,0.0,0,7.51,2026-08-05T11:14:56Z
5.125,41.5625,27.2,0.0,4,5.92,2026-08-05T11:14:56Z
5.375,41.5625,27.4,0.0,4,4.96,2026-08-05T11:14:56Z
5.625,41.5625,27.4,0.0,0,4.53,2026-08-05T11:14:56Z
5.875,41.5625,27.3,0.0,4,4.61,2026-08-05T11:14:56Z
6.125,41.5625,27.2,0.0,43,4.68,2026-08-05T11:14:56Z
6.375,41.5625,27.5,0.0,38,5.22,2026-08-05T11:14:56Z
6.625,41.5625,27.7,0.0,17,3.95,2026-08-05T11:14:56Z
6.875,41.5625,27.8,0.0,11,4.2,2026-08-05T11:14:56Z
7.125,41.5625,27.7,0.0,41,3.47,2026-08-05T11:14:56Z
7.375,41.5625,27.7,0.0,32,2.82,2026-08-05T11:14:56Z
7.625,41.5625,27.6,0.0,20,2.6,2026-08-05T11:14:56Z
7.875,41.5625,27.6,0.0,23,2.88,2026-08-05T11:14:56Z
8.125,41.5625,27.7,0.0,15,3.75,2026-08-05T11:14:56Z
8.375,41.5625,28.1,0.0,77,4.18,2026-08-05T11:14:56Z
8.625,41.5625,28.5,0.0,28,2.9,2026-08-05T11:14:56Z
8.875,41.5625,30.2,0.0,58,2.9,2026-08-05T11:14:56Z
9.125,41.625,27.1,0.1,100,1.3,2026-08-05T11:14:56Z
9.3125,41.625,30.7,0.0,54,2.08,2026-08-05T11:14:56Z
9.625,41.5625,27.7,0.0,63,0.36,2026-08-05T11:14:56Z
-5.125,41.8125,26.3,0.0,0,2.06,2026-08-05T11:14:56Z
-4.875,41.8125,25.7,0.0,0,1.08,2026-08-05T11:14:56Z
-4.625,41.8125,26.1,0.0,0,0.94,2026-08-05T11:14:56Z
-4.375,41.8125,26.2,0.0,0,1.14,2026-08-05T11:14:56Z
-4.125,41.8125,26.7,0.0,0,0.81,2026-08-05T11:14:56Z
-3.875,41.8125,27.6,0.0,0,0.61,2026-08-05T11:14:56Z
-3.625,41.8125,27.7,0.0,0,0.61,2026-08-05T11:14:56Z
-3.375,41.8125,28.1,0.0,0,1.28,2026-08-05T11:14:56Z
-3.125,41.8125,29.0,0.0,0,2.24,2026-08-05T11:14:56Z
-2.875,41.8125,28.3,0.0,10,2.42,2026-08-05T11:14:56Z
-2.625,41.8125,29.1,0.0,2,1.9,2026-08-05T11:14:56Z
-2.375,41.8125,28.9,0.0,0,1.99,2026-08-05T11:14:56Z
-2.125,41.8125,26.6,0.0,4,2.62,2026-08-05T11:14:56Z
-1.9375,41.8125,25.6,0.0,13,3.57,2026-08-05T11:14:56Z
-1.625,41.8125,27.3,0.0,0,4.75,2026-08-05T11:14:56Z
-1.375,41.8125,29.3,0.0,0,5.02,2026-08-05T11:14:56Z
-1.125,41.8125,29.4,0.0,0,4.05,2026-08-05T11:14:56Z
-0.875,41.8125,30.6,0.0,10,1.51,2026-08-05T11:14:56Z
-0.625,41.8125,30.4,0.0,11,1.65,2026-08-05T11:14:56Z
-0.375,41.8125,29.9,0.0,8,0.92,2026-08-05T11:14:56Z
-0.125,41.8125,31.0,0.0,14,1.52,2026-08-05T11:14:56Z
0.125,41.8125,32.3,0.0,21,2.34,2026-08-05T11:14:56Z
0.375,41.8125,32.4,0.0,10,2.86,2026-08-05T11:14:56Z
0.625,41.8125,31.6,0.0,0,2.9,2026-08-05T11:14:56Z
0.875,41.8125,32.5,0.0,0,2.28,2026-08-05T11:14:56Z
1.125,41.8125,32.3,0.0,0,2.24,2026-08-05T11:14:56Z
1.375,41.8125,33.5,0.0,0,2.48,2026-08-05T11:14:56Z
1.625,41.8125,31.8,0.0,0,2.79,2026-08-05T11:14:56Z
1.875,41.8125,33.2,0.0,0,2.62,2026-08-05T11:14:56Z
2.125,41.8125,32.3,0.0,36,3.86,2026-08-05T11:14:56Z
2.375,41.8125,30.8,0.0,77,3.01,2026-08-05T11:14:56Z
2.625,41.8125,32.4,0.0,32,4.25,2026-08-05T11:14:56Z
2.875,41.8125,34.0,0.0,24,3.91,2026-08-05T11:14:56Z
3.0625,41.8125,30.6,0.0,3,4.28,2026-08-05T11:14:56Z
3.375,41.8125,28.0,0.0,0,4.37,2026-08-05T11:14:56Z
3.625,41.8125,27.6,0.0,0,7.9,2026-08-05T11:14:56Z
3.875,41.8125,27.2,0.0,0,8.15,2026-08-05T11:14:56Z
4.125,41.8125,27.0,0.0,1,8.45,2026-08-05T11:14:56Z
4.375,41.8125,27.0,0.0,14,8.78,2026-08-05T11:14:56Z
4.625,41.8125,27.1,0.0,0,8.52,2026-08-05T11:14:56Z
4.875,41.8125,27.2,0.0,0,7.79,2026-08-05T11:14:56Z
5.125,41.8125,27.1,0.0,0,6.2,2026-08-05T11:14:56Z
5.375,41.8125,27.2,0.0,0,5.15,2026-08-05T11:14:56Z
5.625,41.8125,27.2,0.0,0,4.81,2026-08-05T11:14:56Z
5.875,41.8125,27.3,0.0,3,4.74,2026-08-05T11:14:56Z
6.125,41.8125,27.3,0.0,24,4.39,2026-08-05T11:14:56Z
6.375,41.8125,27.4,0.0,36,4.33,2026-08-05T11:14:56Z
6.625,41.8125,27.6,0.0,46,3.3,2026-08-05T11:14:56Z
6.875,41.8125,27.7,0.0,13,3.35,2026-08-05T11:14:56Z
7.125,41.8125,27.8,0.0,24,3.35,2026-08-05T11:14:56Z
7.375,41.8125,28.1,0.0,52,2.12,2026-08-05T11:14:56Z
7.625,41.8125,27.9,0.0,18,2.39,2026-08-05T11:14:56Z
7.875,41.8125,27.8,0.0,29,3.11,2026-08-05T11:14:56Z
8.125,41.8125,28.3,0.0,51,3.4,2026-08-05T11:14:56Z
8.375,41.8125,28.4,0.0,51,4.03,2026-08-05T11:14:56Z
8.625,41.8125,28.0,0.0,10,3.02,2026-08-05T11:14:56Z
8.875,41.8125,28.5,0.0,64,1.8,2026-08-05T11:14:56Z
9.125,41.8125,25.1,0.2,100,1.82,2026-08-05T11:14:56Z
9.3125,41.8125,28.7,0.1,98,2.13,2026-08-05T11:14:56Z
9.625,41.8125,28.2,0.0,21,1.52,2026-08-05T11:14:56Z
-5.125,42.0625,25.4,0.0,1,2.79,2026-08-05T11:14:56Z
-4.875,42.0625,25.6,0.0,0,2.64,2026-08-05T11:14:56Z
-4.625,42.0625,26.2,0.0,0,2.39,2026-08-05T11:14:56Z
-4.375,42.0625,25.9,0.0,0,1.66,2026-08-05T11:14:56Z
-4.125,42.0625,26.5,0.0,0,1.43,2026-08-05T11:14:56Z
-3.875,42.0625,26.8,0.0,0,0.85,2026-08-05T11:14:56Z
-3.625,42.0625,27.2,0.0,0,1.82,2026-08-05T11:14:56Z
-3.375,42.0625,29.1,0.0,0,1.92,2026-08-05T11:14:56Z
-3.125,42.0625,25.5,0.0,0,3.18,2026-08-05T11:14:56Z
-2.875,42.0625,26.3,0.0,37,2.92,2026-08-05T11:14:56Z
-2.625,42.0625,24.9,0.0,29,0.71,2026-08-05T11:14:56Z
-2.375,42.0625,27.4,0.0,57,2.97,2026-08-05T11:14:56Z
-2.125,42.0625,25.7,0.0,0,3.22,2026-08-05T11:14:56Z
-1.875,42.0625,26.5,0.0,0,3.93,2026-08-05T11:14:56Z
-1.625,42.0625,28.4,0.0,0,4.65,2026-08-05T11:14:56Z
-1.375,42.0625,28.7,0.0,0,4.66,2026-08-05T11:14:56Z
-1.125,42.0625,29.9,0.0,0,3.05,2026-08-05T11:14:56Z
-0.875,42.0625,29.7,0.0,2,2.02,2026-08-05T11:14:56Z
-0.625,42.0625,30.6,0.0,0,1.48,2026-08-05T11:14:56Z
-0.375,42.0625,31.4,0.0,18,2.06,2026-08-05T11:14:56Z
-0.125,42.0625,31.3,0.0,0,2.73,2026-08-05T11:14:56Z
0.125,42.0625,31.6,0.0,0,3.22,2026-08-05T11:14:56Z
0.375,42.0625,31.6,0.0,6,3.51,2026-08-05T11:14:56Z
0.625,42.0625,29.2,0.0,4,3.65,2026-08-05T11:14:56Z
0.875,42.0625,32.0,0.0,0,2.18,2026-08-05T11:14:56Z
1.125,42.125,27.0,0.0,0,3.21,2026-08-05T11:14:56Z
1.3125,42.125,30.0,0.0,0,3.75,2026-08-05T11:14:56Z
1.625,42.125,25.9,0.0,0,2.69,2026-08-05T11:14:56Z
1.875,42.0625,31.4,0.0,0,4.16,2026-08-05T11:14:56Z
2.125,42.0625,30.4,0.0,0,3.91,2026-08-05T11:14:56Z
2.375,42.0625,30.6,0.0,5,3.24,2026-08-05T11:14:56Z
2.625,42.0625,32.1,0.0,83,2.73,2026-08-05T11:14:56Z
2.875,42.0625,34.0,0.0,5,2.01,2026-08-05T11:14:56Z
3.125,42.0625,33.8,0.0,0,3.41,2026-08-05T11:14:56Z
3.375,42.0625,28.0,0.0,0,6.94,2026-08-05T11:14:56Z
3.625,42.0625,27.4,0.0,0,7.62,2026-08-05T11:14:56Z
3.875,42.0625,27.1,0.0,1,7.98,2026-08-05T11:14:56Z
4.125,42.0625,26.9,0.0,0,8.19,2026-08-05T11:14:56Z
4.375,42.0625,26.8,0.0,0,8.38,2026-08-05T11:14:56Z
4.625,42.0625,26.9,0.0,0,8.14,2026-08-05T11:14:56Z
4.875,42.0625,26.9,0.0,0,7.47,2026-08-05T11:14:56Z
5.125,42.0625,27.1,0.0,0,6.09,2026-08-05T11:14:56Z
5.375,42.0625,27.1,0.0,0,5.38,2026-08-05T11:14:56Z
5.625,42.0625,27.1,0.0,0,5.23,2026-08-05T11:14:56Z
5.875,42.0625,27.2,0.0,2,4.68,2026-08-05T11:14:56Z
6.125,42.0625,27.3,0.0,33,4.18,2026-08-05T11:14:56Z
6.375,42.0625,27.5,0.0,30,3.47,2026-08-05T11:14:56Z
6.625,42.0625,27.5,0.0,10,2.28,2026-08-05T11:14:56Z
6.875,42.0625,27.4,0.0,0,3.18,2026-08-05T11:14:56Z
7.125,42.0625,28.2,0.0,4,2.57,2026-08-05T11:14:56Z
7.375,42.0625,27.9,0.0,20,2.68,2026-08-05T11:14:56Z
7.625,42.0625,28.0,0.0,16,2.78,2026-08-05T11:14:56Z
7.875,42.0625,28.1,0.0,34,3.33,2026-08-05T11:14:56Z
8.125,42.0625,28.3,0.0,44,3.83,2026-08-05T11:14:56Z
8.375,42.0625,28.4,0.0,27,3.98,2026-08-05T11:14:56Z
8.625,42.125,30.0,0.0,43,2.96,2026-08-05T11:14:56Z
8.875,42.0625,30.5,0.0,100,2.28,2026-08-05T11:14:56Z
9.125,42.125,24.4,0.2,95,0.95,2026-08-05T11:14:56Z
9.375,42.0625,31.6,0.0,56,3.3,2026-08-05T11:14:56Z
9.625,42.0625,28.1,0.0,40,2.34,2026-08-05T11:14:56Z
-5.14,42.33,25.9,0.0,2,3.42,2026-08-05T11:14:56Z
-4.89,42.33,25.3,0.0,0,4.0,2026-08-05T11:14:56Z
-4.64,42.33,25.6,0.0,0,3.96,2026-08-05T11:14:56Z
-4.39,42.33,25.6,0.0,0,4.03,2026-08-05T11:14:56Z
-4.14,42.33,26.1,0.0,0,3.26,2026-08-05T11:14:56Z
-3.89,42.33,25.0,0.0,0,3.29,2026-08-05T11:14:56Z
-3.64,42.33,24.5,0.0,0,3.75,2026-08-05T11:14:56Z
-3.39,42.33,21.9,0.0,0,2.55,2026-08-05T11:14:56Z
-3.14,42.33,21.6,0.0,0,2.24,2026-08-05T11:14:56Z
-2.89,42.33,22.3,0.0,0,2.2,2026-08-05T11:14:56Z
-2.64,42.33,19.4,0.0,0,2.11,2026-08-05T11:14:56Z
-2.39,42.33,23.7,0.0,0,2.24,2026-08-05T11:14:56Z
-2.14,42.33,26.4,0.0,0,3.91,2026-08-05T11:14:56Z
-1.89,42.33,27.9,0.0,0,3.68,2026-08-05T11:14:56Z
-1.64,42.33,29.3,0.0,0,4.39,2026-08-05T11:14:56Z
-1.39,42.33,29.7,0.0,0,2.51,2026-08-05T11:14:56Z
-1.14,42.33,29.3,0.0,2,3.22,2026-08-05T11:14:56Z
-0.89,42.33,28.5,0.0,3,2.6,2026-08-05T11:14:56Z
-0.64,42.33,27.1,0.0,0,3.38,2026-08-05T11:14:56Z
-0.39,42.33,26.5,0.0,0,3.1,2026-08-05T11:14:56Z
-0.14,42.33,27.6,0.0,95,3.22,2026-08-05T11:14:56Z
0.11,42.33,29.9,0.0,0,3.2,2026-08-05T11:14:56Z
0.36,42.33,29.9,0.0,0,2.45,2026-08-05T11:14:56Z
0.61,42.33,23.9,0.0,54,2.79,2026-08-05T11:14:56Z
0.86,42.33,27.1,0.0,0,2.37,2026-08-05T11:14:56Z
1.11,42.33,25.7,0.0,0,2.82,2026-08-05T11:14:56Z
1.36,42.33,27.6,0.0,41,4.22,2026-08-05T11:14:56Z
1.61,42.33,25.4,0.0,0,3.08,2026-08-05T11:14:56Z
1.86,42.33,22.1,0.0,7,2.33,2026-08-05T11:14:56Z
2.11,42.33,23.7,0.0,17,3.31,2026-08-05T11:14:56Z
2.36,42.33,26.6,0.0,66,4.24,2026-08-05T11:14:56Z
2.61,42.33,29.9,0.0,0,2.0,2026-08-05T11:14:56Z
2.86,42.33,34.2,0.0,0,2.73,2026-08-05T11:14:56Z
3.11,42.33,34.1,0.0,0,5.26,2026-08-05T11:14:56Z
3.36,42.33,27.1,0.0,0,6.01,2026-08-05T11:14:56Z
3.61,42.33,27.0,0.0,0,7.83,2026-08-05T11:14:56Z
3.86,42.33,26.6,0.0,0,7.53,2026-08-05T11:14:56Z
4.11,42.33,26.4,0.0,0,7.92,2026-08-05T11:14:56Z
4.36,42.33,26.3,0.0,0,8.3,2026-08-05T11:14:56Z
4.61,42.33,26.4,0.0,0,8.6,2026-08-05T11:14:56Z
4.86,42.33,26.6,0.0,0,8.38,2026-08-05T11:14:56Z
5.11,42.33,26.2,0.0,0,7.86,2026-08-05T11:14:56Z
5.36,42.33,26.3,0.0,0,7.35,2026-08-05T11:14:56Z
5.61,42.33,26.5,0.0,0,5.66,2026-08-05T11:14:56Z
5.86,42.33,26.9,0.0,5,4.11,2026-08-05T11:14:56Z
6.11,42.33,26.9,0.0,3,1.1,2026-08-05T11:14:56Z
6.36,42.33,27.0,0.0,0,1.39,2026-08-05T11:14:56Z
6.61,42.33,27.0,0.0,23,1.43,2026-08-05T11:14:56Z
6.86,42.33,27.0,0.0,0,1.41,2026-08-05T11:14:56Z
7.11,42.33,27.0,0.0,0,1.94,2026-08-05T11:14:56Z
7.36,42.33,27.1,0.0,0,1.8,2026-08-05T11:14:56Z
7.61,42.33,27.2,0.0,2,1.97,2026-08-05T11:14:56Z
7.86,42.33,27.3,0.0,1,2.76,2026-08-05T11:14:56Z
8.11,42.33,27.6,0.0,2,3.94,2026-08-05T11:14:56Z
8.375,42.3125,28.2,0.0,30,3.11,2026-08-05T11:14:56Z
8.625,42.375,31.0,0.0,69,1.93,2026-08-05T11:14:56Z
8.875,42.3125,18.9,0.3,100,1.17,2026-08-05T11:14:56Z
9.0625,42.25,23.8,0.2,69,0.89,2026-08-05T11:14:56Z
9.375,42.3125,24.4,0.0,79,2.78,2026-08-05T11:14:56Z
9.625,42.3125,28.2,0.0,14,3.41,2026-08-05T11:14:56Z
-5.14,42.58,24.6,0.0,9,2.47,2026-08-05T11:14:56Z
-4.89,42.58,24.5,0.0,20,3.48,2026-08-05T11:14:56Z
-4.64,42.58,24.3,0.0,0,3.22,2026-08-05T11:14:56Z
-4.39,42.58,25.0,0.0,6,3.95,2026-08-05T11:14:56Z
-4.14,42.58,24.6,0.0,0,4.03,2026-08-05T11:14:56Z
-3.89,42.58,24.1,0.0,5,2.78,2026-08-05T11:14:56Z
-3.64,42.58,23.3,0.0,3,4.33,2026-08-05T11:14:56Z
-3.39,42.58,24.1,0.0,0,2.71,2026-08-05T11:14:56Z
-3.14,42.58,23.4,0.0,13,4.26,2026-08-05T11:14:56Z
-2.89,42.58,25.3,0.0,12,4.55,2026-08-05T11:14:56Z
-2.64,42.58,24.5,0.0,0,2.8,2026-08-05T11:14:56Z
-2.39,42.58,25.2,0.0,4,1.57,2026-08-05T11:14:56Z
-2.14,42.58,27.8,0.0,0,2.3,2026-08-05T11:14:56Z
-1.89,42.58,29.2,0.0,0,3.09,2026-08-05T11:14:56Z
-1.64,42.58,28.2,0.0,0,4.32,2026-08-05T11:14:56Z
-1.39,42.58,29.6,0.0,3,1.02,2026-08-05T11:14:56Z
-1.14,42.58,27.9,0.0,0,3.59,2026-08-05T11:14:56Z
-0.89,42.58,30.8,0.0,0,3.06,2026-08-05T11:14:56Z
-0.64,42.58,29.3,0.0,1,1.89,2026-08-05T11:14:56Z
-0.39,42.58,29.1,0.0,33,2.5,2026-08-05T11:14:56Z
-0.15,42.58,24.8,0.0,97,2.83,2026-08-05T11:14:56Z
0.11,42.58,22.5,0.0,75,3.13,2026-08-05T11:14:56Z
0.36,42.58,24.1,0.0,3,3.24,2026-08-05T11:14:56Z
0.61,42.58,13.1,0.0,94,3.4,2026-08-05T11:14:56Z
0.86,42.58,19.7,0.0,100,5.09,2026-08-05T11:14:56Z
1.11,42.58,24.9,0.0,47,1.75,2026-08-05T11:14:56Z
1.36,42.58,21.4,0.0,1,2.66,2026-08-05T11:14:56Z
1.61,42.58,20.5,0.0,55,3.61,2026-08-05T11:14:56Z
1.86,42.58,15.5,0.0,87,3.32,2026-08-05T11:14:56Z
2.11,42.58,23.0,0.0,75,2.76,2026-08-05T11:14:56Z
2.36,42.58,30.2,0.0,0,3.89,2026-08-05T11:14:56Z
2.61,42.58,29.6,0.0,0,2.59,2026-08-05T11:14:56Z
2.86,42.58,33.3,0.0,0,4.65,2026-08-05T11:14:56Z
3.11,42.58,27.2,0.0,0,4.03,2026-08-05T11:14:56Z
3.36,42.58,27.5,0.0,0,5.67,2026-08-05T11:14:56Z
3.61,42.58,27.0,0.0,0,6.04,2026-08-05T11:14:56Z
3.86,42.58,27.0,0.0,0,7.3,2026-08-05T11:14:56Z
4.11,42.58,26.7,0.0,0,7.15,2026-08-05T11:14:56Z
4.36,42.58,26.6,0.0,0,7.5,2026-08-05T11:14:56Z
4.61,42.58,26.5,0.0,0,7.44,2026-08-05T11:14:56Z
4.86,42.58,26.5,0.0,0,7.8,2026-08-05T11:14:56Z
5.11,42.58,26.3,0.0,0,7.0,2026-08-05T11:14:56Z
5.36,42.58,26.1,0.0,0,6.86,2026-08-05T11:14:56Z
5.61,42.58,26.5,0.0,0,5.69,2026-08-05T11:14:56Z
5.86,42.58,26.7,0.0,0,3.99,2026-08-05T11:14:56Z
6.11,42.58,27.0,0.0,0,1.3,2026-08-05T11:14:56Z
6.36,42.58,27.0,0.0,1,0.51,2026-08-05T11:14:56Z
6.61,42.58,27.1,0.0,2,1.84,2026-08-05T11:14:56Z
6.86,42.58,27.3,0.0,0,3.61,2026-08-05T11:14:56Z
7.11,42.58,27.7,0.0,67,2.95,2026-08-05T11:14:56Z
7.36,42.58,27.6,0.0,79,1.71,2026-08-05T11:14:56Z
7.61,42.58,27.5,0.0,25,3.37,2026-08-05T11:14:56Z
7.86,42.58,27.7,0.0,0,3.85,2026-08-05T11:14:56Z
8.11,42.58,27.8,0.0,10,4.85,2026-08-05T11:14:56Z
8.375,42.5625,28.4,0.0,45,2.77,2026-08-05T11:14:56Z
8.6875,42.5,30.7,0.0,51,2.5,2026-08-05T11:14:56Z
8.875,42.5625,29.0,0.0,72,2.82,2026-08-05T11:14:56Z
9.125,42.5625,29.8,0.0,48,2.93,2026-08-05T11:14:56Z
9.375,42.5625,29.3,0.0,83,2.51,2026-08-05T11:14:56Z
9.625,42.5625,28.5,0.0,12,3.52,2026-08-05T11:14:56Z
-5.14,42.83,24.0,0.0,30,1.49,2026-08-05T11:14:56Z
-4.89,42.83,21.0,0.0,39,2.5,2026-08-05T11:14:56Z
-4.64,42.83,22.0,0.0,3,3.8,2026-08-05T11:14:56Z
-4.39,42.83,22.2,0.0,1,4.03,2026-08-05T11:14:56Z
-4.14,42.83,22.0,0.0,11,2.77,2026-08-05T11:14:56Z
-3.89,42.83,23.8,0.0,28,3.09,2026-08-05T11:14:56Z
-3.64,42.83,18.4,0.0,21,2.19,2026-08-05T11:14:56Z
-3.39,42.83,24.4,0.0,79,3.4,2026-08-05T11:14:56Z
-3.14,42.83,21.4,0.0,100,1.84,2026-08-05T11:14:56Z
-2.89,42.83,20.1,0.0,82,1.84,2026-08-05T11:14:56Z
-2.64,42.83,22.1,0.0,94,4.18,2026-08-05T11:14:56Z
-2.39,42.83,21.6,0.0,100,3.61,2026-08-05T11:14:56Z
-2.14,42.83,21.5,0.0,71,4.49,2026-08-05T11:14:56Z
-1.89,42.83,23.4,0.0,14,4.53,2026-08-05T11:14:56Z
-1.64,42.83,27.6,0.0,3,4.29,2026-08-05T11:14:56Z
-1.39,42.83,26.5,0.0,4,2.52,2026-08-05T11:14:56Z
-1.14,42.83,26.2,0.0,20,2.34,2026-08-05T11:14:56Z
-0.89,42.83,23.5,0.0,5,3.5,2026-08-05T11:14:56Z
-0.65,42.83,21.1,0.0,44,2.09,2026-08-05T11:14:56Z
-0.39,42.83,24.5,0.0,53,3.92,2026-08-05T11:14:56Z
-0.14,42.83,21.9,0.0,0,3.48,2026-08-05T11:14:56Z
0.11,42.83,12.6,0.0,95,4.46,2026-08-05T11:14:56Z
0.36,42.83,19.0,0.0,100,0.78,2026-08-05T11:14:56Z
0.61,42.83,21.9,0.0,92,3.77,2026-08-05T11:14:56Z
0.86,42.83,16.2,0.0,58,2.2,2026-08-05T11:14:56Z
1.11,42.83,17.1,0.0,100,0.86,2026-08-05T11:14:56Z
1.36,42.83,17.4,0.0,100,0.82,2026-08-05T11:14:56Z
1.61,42.83,25.2,0.0,10,3.89,2026-08-05T11:14:56Z
1.86,42.83,19.0,0.0,100,2.26,2026-08-05T11:14:56Z
2.11,42.83,26.1,0.0,33,2.21,2026-08-05T11:14:56Z
2.36,42.83,26.4,0.0,21,5.58,2026-08-05T11:14:56Z
2.61,42.83,30.7,0.0,0,4.05,2026-08-05T11:14:56Z
2.86,42.83,32.9,0.0,0,5.76,2026-08-05T11:14:56Z
3.11,42.83,29.1,0.0,0,6.26,2026-08-05T11:14:56Z
3.36,42.83,27.7,0.0,0,6.54,2026-08-05T11:14:56Z
3.61,42.83,27.4,0.0,0,6.74,2026-08-05T11:14:56Z
3.86,42.83,27.1,0.0,0,6.81,2026-08-05T11:14:56Z
4.11,42.83,27.0,0.0,0,6.62,2026-08-05T11:14:56Z
4.36,42.83,26.7,0.0,0,6.85,2026-08-05T11:14:56Z
4.61,42.83,26.5,0.0,0,7.34,2026-08-05T11:14:56Z
4.86,42.83,26.5,0.0,0,7.75,2026-08-05T11:14:56Z
5.11,42.83,26.3,0.0,0,8.12,2026-08-05T11:14:56Z
5.36,42.83,26.3,0.0,0,7.32,2026-08-05T11:14:56Z
5.61,42.83,26.6,0.0,0,5.25,2026-08-05T11:14:56Z
5.86,42.83,26.8,0.0,0,4.28,2026-08-05T11:14:56Z
6.11,42.83,27.1,0.0,0,2.95,2026-08-05T11:14:56Z
6.36,42.83,26.9,0.0,0,2.52,2026-08-05T11:14:56Z
6.61,42.83,27.3,0.0,0,0.98,2026-08-05T11:14:56Z
6.86,42.83,27.5,0.0,0,2.31,2026-08-05T11:14:56Z
7.11,42.83,27.6,0.0,51,2.15,2026-08-05T11:14:56Z
7.36,42.83,27.6,0.0,0,3.45,2026-08-05T11:14:56Z
7.61,42.83,27.6,0.0,0,4.12,2026-08-05T11:14:56Z
7.86,42.83,27.8,0.0,0,4.46,2026-08-05T11:14:56Z
8.11,42.83,27.8,0.0,3,4.95,2026-08-05T11:14:56Z
8.375,42.8125,28.6,0.0,37,2.55,2026-08-05T11:14:56Z
8.625,42.8125,28.3,0.0,39,1.75,2026-08-05T11:14:56Z
8.875,42.8125,28.2,0.0,20,2.02,2026-08-05T11:14:56Z
9.125,42.8125,28.6,0.0,9,2.73,2026-08-05T11:14:56Z
9.375,42.8125,31.0,0.0,66,0.92,2026-08-05T11:14:56Z
9.625,42.8125,28.6,0.0,11,3.44,2026-08-05T11:14:56Z
-5.14,43.08,19.5,0.0,21,4.81,2026-08-05T11:14:56Z
-4.89,43.08,17.8,0.0,60,0.63,2026-08-05T11:14:56Z
-4.63,43.09,17.9,0.0,100,0.41,2026-08-05T11:14:56Z
-4.39,43.08,15.7,0.0,100,0.89,2026-08-05T11:14:56Z
-4.14,43.08,17.9,0.0,100,1.56,2026-08-05T11:14:56Z
-3.89,43.08,20.2,0.0,100,1.7,2026-08-05T11:14:56Z
-3.64,43.08,18.6,0.0,100,2.15,2026-08-05T11:14:56Z
-3.4,43.07,17.9,0.0,89,2.5,2026-08-05T11:14:56Z
-3.14,43.08,20.7,0.0,100,2.01,2026-08-05T11:14:56Z
-2.89,43.08,18.9,0.0,85,1.8,2026-08-05T11:14:56Z
-2.64,43.08,18.9,0.0,100,1.4,2026-08-05T11:14:56Z
-2.39,43.08,18.3,0.0,100,1.66,2026-08-05T11:14:56Z
-2.14,43.08,24.3,0.0,97,2.28,2026-08-05T11:14:56Z
-1.89,43.08,22.6,0.0,100,1.99,2026-08-05T11:14:56Z
-1.64,43.08,22.3,0.0,100,3.2,2026-08-05T11:14:56Z
-1.39,43.08,20.1,0.0,100,2.05,2026-08-05T11:14:56Z
-1.14,43.08,19.3,0.0,100,1.91,2026-08-05T11:14:56Z
-0.89,43.08,21.9,0.0,100,1.55,2026-08-05T11:14:56Z
-0.64,43.08,18.9,0.0,100,1.7,2026-08-05T11:14:56Z
-0.39,43.08,17.2,0.0,100,1.91,2026-08-05T11:14:56Z
-0.14,43.08,19.3,0.0,100,1.0,2026-08-05T11:14:56Z
0.11,43.08,18.3,0.0,100,1.12,2026-08-05T11:14:56Z
0.36,43.08,20.2,0.0,100,1.88,2026-08-05T11:14:56Z
0.61,43.08,23.6,0.0,100,0.92,2026-08-05T11:14:56Z
0.86,43.08,25.3,0.0,100,1.03,2026-08-05T11:14:56Z
1.11,43.08,25.3,0.0,100,1.99,2026-08-05T11:14:56Z
1.36,43.08,26.2,0.0,91,1.86,2026-08-05T11:14:56Z
1.61,43.08,26.6,0.0,32,2.48,2026-08-05T11:14:56Z
1.86,43.08,26.1,0.0,26,3.32,2026-08-05T11:14:56Z
2.11,43.08,27.6,0.0,16,4.5,2026-08-05T11:14:56Z
2.36,43.08,26.5,0.0,1,4.15,2026-08-05T11:14:56Z
2.61,43.08,30.5,0.0,0,5.89,2026-08-05T11:14:56Z
2.86,43.08,31.2,0.0,0,7.07,2026-08-05T11:14:56Z
3.11,43.09,31.7,0.0,0,7.98,2026-08-05T11:14:56Z
3.36,43.08,27.8,0.0,0,5.98,2026-08-05T11:14:56Z
3.61,43.08,27.5,0.0,0,6.31,2026-08-05T11:14:56Z
3.86,43.08,27.4,0.0,0,6.0,2026-08-05T11:14:56Z
4.11,43.08,27.3,0.0,0,6.3,2026-08-05T11:14:56Z
4.36,43.08,26.7,0.0,0,5.84,2026-08-05T11:14:56Z
4.61,43.08,26.0,0.0,0,6.43,2026-08-05T11:14:56Z
4.86,43.08,25.9,0.0,0,8.04,2026-08-05T11:14:56Z
5.11,43.08,25.6,0.0,0,7.84,2026-08-05T11:14:56Z
5.36,43.08,25.9,0.0,0,7.53,2026-08-05T11:14:56Z
5.61,43.08,26.7,0.0,0,6.15,2026-08-05T11:14:56Z
5.86,43.08,32.2,0.0,0,3.31,2026-08-05T11:14:56Z
6.12,43.09,29.9,0.0,0,5.08,2026-08-05T11:14:56Z
6.36,43.09,29.7,0.0,0,4.3,2026-08-05T11:14:56Z
6.61,43.08,27.7,0.0,0,3.09,2026-08-05T11:14:56Z
6.86,43.08,27.8,0.0,0,2.69,2026-08-05T11:14:56Z
7.11,43.08,27.5,0.0,0,1.46,2026-08-05T11:14:56Z
7.36,43.08,27.5,0.0,0,3.06,2026-08-05T11:14:56Z
7.61,43.08,27.6,0.0,87,3.41,2026-08-05T11:14:56Z
7.86,43.08,27.7,0.0,65,4.74,2026-08-05T11:14:56Z
8.11,43.08,27.8,0.0,82,5.05,2026-08-05T11:14:56Z
8.375,43.0625,28.7,0.0,55,3.1,2026-08-05T11:14:56Z
8.625,43.0625,28.3,0.0,9,1.3,2026-08-05T11:14:56Z
8.875,43.0625,28.4,0.0,9,1.2,2026-08-05T11:14:56Z
9.125,43.0625,28.4,0.0,14,1.66,2026-08-05T11:14:56Z
9.375,43.0,31.7,0.0,53,2.67,2026-08-05T11:14:56Z
9.625,43.0625,28.4,0.0,32,4.24,2026-08-05T11:14:56Z
-5.14,43.33,21.2,0.0,100,1.9,2026-08-05T11:14:56Z
-4.89,43.33,17.1,0.0,100,3.24,2026-08-05T11:14:56Z
-4.64,43.33,20.3,0.0,100,0.73,2026-08-05T11:14:56Z
-4.39,43.33,19.9,0.0,100,1.36,2026-08-05T11:14:56Z
-4.14,43.33,19.7,0.0,100,1.87,2026-08-05T11:14:56Z
-3.89,43.33,20.5,0.0,100,2.06,2026-08-05T11:14:56Z
-3.64,43.33,20.1,0.0,100,1.56,2026-08-05T11:14:56Z
-3.39,43.33,21.0,0.1,100,2.0,2026-08-05T11:14:56Z
-3.14,43.33,22.2,0.0,97,2.5,2026-08-05T11:14:56Z
-2.89,43.33,21.4,0.0,100,3.4,2026-08-05T11:14:56Z
-2.64,43.33,22.3,0.0,100,1.98,2026-08-05T11:14:56Z
-2.4,43.32,23.1,0.0,100,3.52,2026-08-05T11:14:56Z
-2.14,43.33,22.8,0.0,100,4.09,2026-08-05T11:14:56Z
-1.89,43.33,22.1,0.0,100,2.62,2026-08-05T11:14:56Z
-1.64,43.33,21.5,0.0,100,1.39,2026-08-05T11:14:56Z
-1.39,43.33,26.3,0.0,97,2.09,2026-08-05T11:14:56Z
-1.14,43.33,25.5,0.0,100,1.39,2026-08-05T11:14:56Z
-0.89,43.33,24.9,0.0,100,1.66,2026-08-05T11:14:56Z
-0.64,43.33,24.6,0.0,100,1.58,2026-08-05T11:14:56Z
-0.39,43.33,25.3,0.0,100,1.39,2026-08-05T11:14:56Z
-0.14,43.34,23.4,0.0,94,1.5,2026-08-05T11:14:56Z
0.12,43.34,24.0,0.0,96,2.1,2026-08-05T11:14:56Z
0.36,43.34,24.8,0.0,92,1.63,2026-08-05T11:14:56Z
0.62,43.34,24.8,0.0,96,1.99,2026-08-05T11:14:56Z
0.86,43.34,25.4,0.0,94,2.34,2026-08-05T11:14:56Z
1.12,43.34,25.4,0.0,98,2.52,2026-08-05T11:14:56Z
1.36,43.34,27.1,0.0,84,2.97,2026-08-05T11:14:56Z
1.62,43.34,27.7,0.0,66,3.36,2026-08-05T11:14:56Z
1.86,43.34,28.6,0.0,48,4.34,2026-08-05T11:14:56Z
2.11,43.33,28.5,0.0,1,4.77,2026-08-05T11:14:56Z
2.36,43.33,29.0,0.0,13,4.43,2026-08-05T11:14:56Z
2.61,43.33,31.0,0.0,0,5.46,2026-08-05T11:14:56Z
2.86,43.33,33.1,0.0,0,4.83,2026-08-05T11:14:56Z
3.11,43.33,35.0,0.0,3,5.78,2026-08-05T11:14:56Z
3.36,43.33,35.5,0.0,0,2.72,2026-08-05T11:14:56Z
3.61,43.33,31.2,0.0,0,2.15,2026-08-05T11:14:56Z
3.86,43.33,27.8,0.0,0,6.62,2026-08-05T11:14:56Z
4.11,43.33,27.0,0.0,0,4.61,2026-08-05T11:14:56Z
4.36,43.33,26.2,0.0,0,6.26,2026-08-05T11:14:56Z
4.61,43.33,25.9,0.0,0,6.45,2026-08-05T11:14:56Z
4.86,43.34,29.3,0.0,0,8.1,2026-08-05T11:14:56Z
5.11,43.33,34.9,0.0,0,6.5,2026-08-05T11:14:56Z
5.36,43.33,35.7,0.0,0,5.98,2026-08-05T11:14:56Z
5.61,43.33,33.8,0.0,0,1.73,2026-08-05T11:14:56Z
5.86,43.33,32.1,0.0,0,1.92,2026-08-05T11:14:56Z
6.11,43.33,33.2,0.0,0,2.12,2026-08-05T11:14:56Z
6.36,43.33,35.6,0.0,0,1.21,2026-08-05T11:14:56Z
6.61,43.33,33.7,0.0,0,3.7,2026-08-05T11:14:56Z
6.86,43.33,28.1,0.0,0,4.16,2026-08-05T11:14:56Z
7.11,43.33,27.9,0.0,0,1.63,2026-08-05T11:14:56Z
7.36,43.33,27.7,0.0,0,2.7,2026-08-05T11:14:56Z
7.61,43.33,27.9,0.0,55,2.55,2026-08-05T11:14:56Z
7.86,43.33,27.6,0.0,2,4.38,2026-08-05T11:14:56Z
8.11,43.33,27.5,0.0,92,5.08,2026-08-05T11:14:56Z
8.375,43.3125,28.6,0.0,31,4.53,2026-08-05T11:14:56Z
8.625,43.3125,28.6,0.0,45,3.83,2026-08-05T11:14:56Z
8.875,43.3125,28.6,0.0,34,3.61,2026-08-05T11:14:56Z
9.125,43.3125,28.6,0.0,42,4.31,2026-08-05T11:14:56Z
9.375,43.3125,28.7,0.0,55,4.2,2026-08-05T11:14:56Z
9.625,43.3125,28.9,0.0,50,3.16,2026-08-05T11:14:56Z
-5.14,43.58,21.4,0.0,100,3.42,2026-08-05T11:14:56Z
-4.89,43.58,21.5,0.0,100,3.2,2026-08-05T11:14:56Z
-4.64,43.58,21.5,0.0,100,2.84,2026-08-05T11:14:56Z
-4.39,43.58,21.6,0.0,100,3.14,2026-08-05T11:14:56Z
-4.14,43.58,21.7,0.0,100,3.23,2026-08-05T11:14:56Z
-3.89,43.58,21.7,0.0,100,3.42,2026-08-05T11:14:56Z
-3.64,43.58,21.7,0.0,100,3.47,2026-08-05T11:14:56Z
-3.39,43.58,21.8,0.6,100,4.03,2026-08-05T11:14:56Z
-3.14,43.58,22.1,0.0,100,3.3,2026-08-05T11:14:56Z
-2.89,43.58,22.2,0.0,100,3.47,2026-08-05T11:14:56Z
-2.64,43.58,22.2,0.0,100,4.24,2026-08-05T11:14:56Z
-2.39,43.58,22.6,0.0,100,3.35,2026-08-05T11:14:56Z
-2.14,43.58,22.8,0.0,100,4.08,2026-08-05T11:14:56Z
-1.89,43.58,22.7,0.0,100,4.41,2026-08-05T11:14:56Z
-1.64,43.58,23.1,0.0,100,4.0,2026-08-05T11:14:56Z
-1.39,43.58,25.9,0.0,100,3.08,2026-08-05T11:14:56Z
-1.14,43.58,25.7,0.0,100,3.54,2026-08-05T11:14:56Z
-0.89,43.58,26.0,0.0,100,1.39,2026-08-05T11:14:56Z
-0.64,43.58,26.2,0.0,100,1.62,2026-08-05T11:14:56Z
-0.38,43.58,25.0,0.0,96,0.6,2026-08-05T11:14:56Z
-0.14,43.58,24.6,0.0,98,1.63,2026-08-05T11:14:56Z
0.12,43.58,24.8,0.0,86,1.65,2026-08-05T11:14:56Z
0.36,43.58,25.1,0.0,91,1.6,2026-08-05T11:14:56Z
0.62,43.58,25.9,0.0,90,2.28,2026-08-05T11:14:56Z
0.86,43.58,26.0,0.0,87,2.37,2026-08-05T11:14:56Z
1.12,43.58,26.2,0.0,91,3.14,2026-08-05T11:14:56Z
1.36,43.58,27.5,0.0,67,3.89,2026-08-05T11:14:56Z
1.62,43.58,27.9,0.0,45,4.84,2026-08-05T11:14:56Z
1.86,43.58,28.5,0.0,37,4.68,2026-08-05T11:14:56Z
2.12,43.58,29.1,0.0,67,4.62,2026-08-05T11:14:56Z
2.36,43.58,28.9,0.0,9,4.64,2026-08-05T11:14:56Z
2.62,43.58,26.8,0.0,16,4.74,2026-08-05T11:14:56Z
2.86,43.56,31.4,0.0,12,3.31,2026-08-05T11:14:56Z
3.1,43.58,34.1,0.0,0,4.88,2026-08-05T11:14:56Z
3.36,43.58,35.9,0.0,0,4.42,2026-08-05T11:14:56Z
3.62,43.58,34.8,0.0,0,3.74,2026-08-05T11:14:56Z
3.86,43.58,34.7,0.0,4,3.4,2026-08-05T11:14:56Z
4.12,43.58,33.8,0.0,0,3.38,2026-08-05T11:14:56Z
4.36,43.58,34.9,0.0,0,2.85,2026-08-05T11:14:56Z
4.62,43.58,35.5,0.0,0,5.14,2026-08-05T11:14:56Z
4.86,43.58,35.8,0.0,0,6.2,2026-08-05T11:14:56Z
5.12,43.58,35.1,0.0,0,6.04,2026-08-05T11:14:56Z
5.36,43.58,34.7,0.0,0,4.74,2026-08-05T11:14:56Z
5.62,43.58,32.0,0.0,0,3.08,2026-08-05T11:14:56Z
5.86,43.58,33.5,0.0,13,2.08,2026-08-05T11:14:56Z
6.12,43.58,34.7,0.0,17,1.46,2026-08-05T11:14:56Z
6.36,43.58,32.1,0.0,0,2.91,2026-08-05T11:14:56Z
6.62,43.58,34.6,0.0,0,3.18,2026-08-05T11:14:56Z
6.86,43.58,33.1,0.0,0,2.8,2026-08-05T11:14:56Z
7.11,43.58,33.3,0.0,0,3.49,2026-08-05T11:14:56Z
7.36,43.58,27.7,0.0,0,3.09,2026-08-05T11:14:56Z
7.61,43.58,27.7,0.0,14,3.51,2026-08-05T11:14:56Z
7.86,43.58,27.8,0.0,1,4.72,2026-08-05T11:14:56Z
8.11,43.58,27.6,0.0,21,4.03,2026-08-05T11:14:56Z
8.375,43.5625,28.2,0.0,29,3.89,2026-08-05T11:14:56Z
8.625,43.5625,28.4,0.0,56,3.88,2026-08-05T11:14:56Z
8.875,43.5625,28.4,0.0,45,3.8,2026-08-05T11:14:56Z
9.125,43.5625,28.4,0.0,20,3.41,2026-08-05T11:14:56Z
9.375,43.5625,28.5,0.0,8,3.1,2026-08-05T11:14:56Z
9.625,43.5625,28.5,0.0,5,2.75,2026-08-05T11:14:56Z
-5.14,43.83,21.4,0.0,38,3.42,2026-08-05T11:14:56Z
-4.89,43.83,21.5,0.0,100,3.54,2026-08-05T11:14:56Z
-4.64,43.83,21.5,0.0,100,2.94,2026-08-05T11:14:56Z
-4.39,43.83,21.6,0.0,100,3.3,2026-08-05T11:14:56Z
-4.14,43.83,21.6,0.0,100,3.52,2026-08-05T11:14:56Z
-3.89,43.83,21.7,0.0,100,3.0,2026-08-05T11:14:56Z
-3.64,43.83,21.8,0.0,100,2.9,2026-08-05T11:14:56Z
-3.39,43.83,22.0,0.0,100,3.31,2026-08-05T11:14:56Z
-3.14,43.83,22.2,0.0,100,3.5,2026-08-05T11:14:56Z
-2.89,43.83,22.3,0.0,100,3.82,2026-08-05T11:14:56Z
-2.64,43.83,22.5,0.0,98,4.0,2026-08-05T11:14:56Z
-2.39,43.83,22.7,0.0,100,3.31,2026-08-05T11:14:56Z
-2.14,43.83,22.6,0.0,97,4.21,2026-08-05T11:14:56Z
-1.89,43.83,22.5,0.0,100,3.61,2026-08-05T11:14:56Z
-1.64,43.83,22.7,0.0,100,3.5,2026-08-05T11:14:56Z
-1.39,43.83,24.3,0.0,100,3.4,2026-08-05T11:14:56Z
-1.14,43.83,25.9,0.0,100,2.28,2026-08-05T11:14:56Z
-0.89,43.83,26.6,0.0,100,0.98,2026-08-05T11:14:56Z
-0.64,43.83,26.1,0.0,98,0.92,2026-08-05T11:14:56Z
-0.38,43.84,26.5,0.0,98,0.57,2026-08-05T11:14:56Z
-0.14,43.84,26.6,0.0,93,0.82,2026-08-05T11:14:56Z
0.12,43.84,25.9,0.0,98,0.94,2026-08-05T11:14:56Z
0.36,43.84,25.8,0.0,95,1.43,2026-08-05T11:14:56Z
0.62,43.84,26.2,0.0,98,2.77,2026-08-05T11:14:56Z
0.86,43.84,26.1,0.0,96,3.12,2026-08-05T11:14:56Z
1.12,43.84,26.6,0.0,76,3.85,2026-08-05T11:14:56Z
1.36,43.84,27.0,0.0,69,4.92,2026-08-05T11:14:56Z
1.62,43.84,27.2,0.0,38,4.9,2026-08-05T11:14:56Z
1.86,43.84,29.1,0.0,30,4.88,2026-08-05T11:14:56Z
2.12,43.84,29.3,0.0,62,4.33,2026-08-05T11:14:56Z
2.36,43.84,27.7,0.0,68,4.48,2026-08-05T11:14:56Z
2.6,43.82,26.5,0.0,74,5.22,2026-08-05T11:14:56Z
2.86,43.84,30.2,0.0,17,5.76,2026-08-05T11:14:56Z
3.12,43.84,30.1,0.0,20,5.31,2026-08-05T11:14:56Z
3.36,43.84,30.1,0.0,25,4.38,2026-08-05T11:14:56Z
3.62,43.82,34.9,0.0,29,0.54,2026-08-05T11:14:56Z
3.86,43.84,34.8,0.0,2,0.41,2026-08-05T11:14:56Z
4.12,43.84,36.3,0.0,0,1.68,2026-08-05T11:14:56Z
4.36,43.84,35.4,0.0,6,2.09,2026-08-05T11:14:56Z
4.62,43.84,34.1,0.0,0,5.3,2026-08-05T11:14:56Z
4.86,43.84,35.0,0.0,0,5.8,2026-08-05T11:14:56Z
5.12,43.82,32.6,0.0,0,5.74,2026-08-05T11:14:56Z
5.36,43.84,33.3,0.0,0,4.92,2026-08-05T11:14:56Z
5.62,43.82,32.4,0.0,30,2.76,2026-08-05T11:14:56Z
5.86,43.84,35.3,0.0,22,0.82,2026-08-05T11:14:56Z
6.12,43.84,32.7,0.0,2,2.1,2026-08-05T11:14:56Z
6.36,43.84,25.3,0.0,13,3.92,2026-08-05T11:14:56Z
6.62,43.82,27.8,0.0,0,5.01,2026-08-05T11:14:56Z
6.86,43.84,30.5,0.0,22,2.91,2026-08-05T11:14:56Z
7.1,43.82,28.7,0.0,0,3.26,2026-08-05T11:14:56Z
7.36,43.84,29.7,0.0,0,3.29,2026-08-05T11:14:56Z
7.64,43.86,28.5,0.0,12,3.68,2026-08-05T11:14:56Z
7.86,43.84,30.7,0.0,43,3.18,2026-08-05T11:14:56Z
8.12,43.84,28.4,0.0,17,3.74,2026-08-05T11:14:56Z
8.36,43.84,28.3,0.0,24,3.73,2026-08-05T11:14:56Z
8.62,43.84,28.2,0.0,26,3.04,2026-08-05T11:14:56Z
8.86,43.84,28.3,0.0,0,2.52,2026-08-05T11:14:56Z
9.12,43.84,28.5,0.0,0,2.35,2026-08-05T11:14:56Z
9.36,43.84,28.7,0.0,2,2.51,2026-08-05T11:14:56Z
9.62,43.84,28.2,0.0,0,1.86,2026-08-05T11:14:56Z
-5.14,44.08,21.4,0.0,4,3.32,2026-08-05T11:14:56Z
-4.89,44.08,21.4,0.0,72,3.85,2026-08-05T11:14:56Z
-4.64,44.08,21.4,0.0,81,3.36,2026-08-05T11:14:56Z
-4.39,44.08,21.4,0.0,87,3.33,2026-08-05T11:14:56Z
-4.14,44.08,21.5,0.0,100,3.24,2026-08-05T11:14:56Z
-3.89,44.08,21.6,0.0,100,3.19,2026-08-05T11:14:56Z
-3.64,44.08,21.8,0.0,100,3.32,2026-08-05T11:14:56Z
-3.39,44.08,22.0,0.0,100,2.98,2026-08-05T11:14:56Z
-3.14,44.08,22.2,0.0,100,2.84,2026-08-05T11:14:56Z
-2.89,44.08,22.4,0.0,99,3.28,2026-08-05T11:14:56Z
-2.64,44.08,22.5,0.0,100,3.73,2026-08-05T11:14:56Z
-2.39,44.08,22.6,0.0,78,4.26,2026-08-05T11:14:56Z
-2.14,44.08,22.8,0.0,99,4.2,2026-08-05T11:14:56Z
-1.89,44.08,22.9,0.0,100,4.04,2026-08-05T11:14:56Z
-1.64,44.08,23.0,0.0,93,4.24,2026-08-05T11:14:56Z
-1.39,44.08,23.4,0.0,100,5.0,2026-08-05T11:14:56Z
-1.14,44.08,25.7,0.0,100,2.02,2026-08-05T11:14:56Z
-0.89,44.08,24.5,0.0,100,2.48,2026-08-05T11:14:56Z
-0.64,44.08,25.9,0.0,100,1.1,2026-08-05T11:14:56Z
-0.38,44.08,26.1,0.0,99,1.22,2026-08-05T11:14:56Z
-0.14,44.08,25.8,0.0,100,1.52,2026-08-05T11:14:56Z
0.12,44.08,26.1,0.0,100,1.33,2026-08-05T11:14:56Z
0.36,44.08,26.7,0.0,98,1.65,2026-08-05T11:14:56Z
0.62,44.08,26.2,0.0,92,2.64,2026-08-05T11:14:56Z
0.86,44.08,27.1,0.0,99,3.41,2026-08-05T11:14:56Z
1.12,44.08,27.5,0.0,98,3.04,2026-08-05T11:14:56Z
1.36,44.08,26.4,0.0,87,3.72,2026-08-05T11:14:56Z
1.62,44.08,27.2,0.0,85,4.16,2026-08-05T11:14:56Z
1.86,44.08,27.9,0.0,56,4.46,2026-08-05T11:14:56Z
2.12,44.08,28.8,0.0,60,4.33,2026-08-05T11:14:56Z
2.36,44.08,27.8,0.0,85,3.19,2026-08-05T11:14:56Z
2.62,44.08,26.9,0.0,39,5.02,2026-08-05T11:14:56Z
2.86,44.08,29.7,0.0,0,5.2,2026-08-05T11:14:56Z
3.12,44.08,29.2,0.0,7,5.38,2026-08-05T11:14:56Z
3.36,44.08,30.2,0.0,0,4.24,2026-08-05T11:14:56Z
3.64,44.1,31.9,0.0,61,2.62,2026-08-05T11:14:56Z
3.86,44.08,32.9,0.0,49,2.47,2026-08-05T11:14:56Z
4.12,44.08,36.3,0.0,16,1.52,2026-08-05T11:14:56Z
4.36,44.08,34.7,0.0,22,2.61,2026-08-05T11:14:56Z
4.62,44.08,34.3,0.0,0,5.22,2026-08-05T11:14:56Z
4.86,44.08,35.1,0.0,0,6.62,2026-08-05T11:14:56Z
5.12,44.08,35.5,0.0,0,4.8,2026-08-05T11:14:56Z
5.36,44.08,29.7,0.0,67,1.2,2026-08-05T11:14:56Z
5.62,44.08,29.0,0.0,43,3.49,2026-08-05T11:14:56Z
5.84,44.08,29.1,0.0,55,3.6,2026-08-05T11:14:56Z
6.12,44.08,32.1,0.0,3,2.1,2026-08-05T11:14:56Z
6.36,44.06,26.9,0.0,83,1.3,2026-08-05T11:14:56Z
6.6,44.08,24.9,0.0,0,3.35,2026-08-05T11:14:56Z
6.86,44.08,30.9,0.0,0,3.85,2026-08-05T11:14:56Z
7.12,44.06,31.4,0.0,0,2.69,2026-08-05T11:14:56Z
7.34,44.1,21.0,0.0,8,3.05,2026-08-05T11:14:56Z
7.62,44.08,26.6,0.0,1,2.97,2026-08-05T11:14:56Z
7.86,44.08,27.0,0.0,8,2.92,2026-08-05T11:14:56Z
8.1,44.1,28.7,0.0,44,2.46,2026-08-05T11:14:56Z
8.36,44.08,28.3,0.0,4,2.7,2026-08-05T11:14:56Z
8.62,44.08,28.2,0.0,0,2.71,2026-08-05T11:14:56Z
8.86,44.08,28.2,0.0,7,0.98,2026-08-05T11:14:56Z
9.12,44.08,28.1,0.0,0,0.92,2026-08-05T11:14:56Z
9.36,44.08,28.2,0.0,0,1.8,2026-08-05T11:14:56Z
9.62,44.08,28.2,0.0,0,1.8,2026-08-05T11:14:56Z
-5.14,44.33,21.5,0.0,4,2.69,2026-08-05T11:14:56Z
-4.89,44.33,21.4,0.0,0,3.56,2026-08-05T11:14:56Z
-4.64,44.33,21.4,0.0,1,3.25,2026-08-05T11:14:56Z
-4.39,44.33,21.4,0.0,44,2.69,2026-08-05T11:14:56Z
-4.14,44.33,21.5,0.0,44,2.97,2026-08-05T11:14:56Z
-3.89,44.33,21.6,0.0,94,3.25,2026-08-05T11:14:56Z
-3.64,44.33,21.8,0.0,100,3.12,2026-08-05T11:14:56Z
-3.39,44.33,21.9,0.0,81,3.19,2026-08-05T11:14:56Z
-3.14,44.33,22.0,0.0,100,3.0,2026-08-05T11:14:56Z
-2.89,44.33,22.1,0.0,100,2.92,2026-08-05T11:14:56Z
-2.64,44.33,22.4,0.0,100,3.13,2026-08-05T11:14:56Z
-2.39,44.33,22.6,0.0,100,2.92,2026-08-05T11:14:56Z
-2.14,44.33,22.7,0.0,98,3.04,2026-08-05T11:14:56Z
-1.89,44.33,22.7,0.0,100,3.16,2026-08-05T11:14:56Z
-1.64,44.33,22.8,0.0,100,3.57,2026-08-05T11:14:56Z
-1.39,44.33,23.2,0.0,92,4.25,2026-08-05T11:14:56Z
-1.14,44.33,25.7,0.0,100,2.28,2026-08-05T11:14:56Z
-0.89,44.33,24.9,0.0,100,1.61,2026-08-05T11:14:56Z
-0.64,44.33,26.6,0.0,100,1.63,2026-08-05T11:14:56Z
-0.38,44.34,25.8,0.0,79,2.0,2026-08-05T11:14:56Z
-0.14,44.34,25.4,0.0,94,1.84,2026-08-05T11:14:56Z
0.12,44.34,25.6,0.0,100,2.06,2026-08-05T11:14:56Z
0.36,44.34,26.4,0.0,98,2.41,2026-08-05T11:14:56Z
0.62,44.34,25.9,0.0,94,3.08,2026-08-05T11:14:56Z
0.86,44.34,25.4,0.0,89,3.62,2026-08-05T11:14:56Z
1.12,44.34,25.6,0.0,94,3.75,2026-08-05T11:14:56Z
1.36,44.34,25.8,0.0,86,3.45,2026-08-05T11:14:56Z
1.62,44.34,25.1,0.0,98,3.86,2026-08-05T11:14:56Z
1.86,44.34,26.6,0.0,69,4.16,2026-08-05T11:14:56Z
2.12,44.34,25.3,0.0,47,4.12,2026-08-05T11:14:56Z
2.36,44.34,25.4,0.0,50,4.33,2026-08-05T11:14:56Z
2.62,44.34,26.3,0.0,65,4.68,2026-08-05T11:14:56Z
2.86,44.34,25.6,0.0,87,4.39,2026-08-05T11:14:56Z
3.1,44.34,27.8,0.0,3,5.7,2026-08-05T11:14:56Z
3.38,44.34,29.7,0.0,0,3.98,2026-08-05T11:14:56Z
3.62,44.34,28.7,0.0,47,3.55,2026-08-05T11:14:56Z
3.86,44.32,27.1,0.0,85,2.57,2026-08-05T11:14:56Z
4.12,44.34,34.5,0.0,43,1.0,2026-08-05T11:14:56Z
4.36,44.34,34.4,0.0,32,3.19,2026-08-05T11:14:56Z
4.62,44.34,33.3,0.0,0,6.31,2026-08-05T11:14:56Z
4.86,44.34,34.1,0.0,0,6.0,2026-08-05T11:14:56Z
5.12,44.34,34.2,0.0,15,3.93,2026-08-05T11:14:56Z
5.34,44.32,30.7,0.0,3,3.13,2026-08-05T11:14:56Z
5.62,44.34,27.8,0.0,2,3.55,2026-08-05T11:14:56Z
5.86,44.34,31.7,0.0,25,2.52,2026-08-05T11:14:56Z
6.12,44.32,28.1,0.0,0,3.76,2026-08-05T11:14:56Z
6.36,44.34,26.2,0.0,45,3.0,2026-08-05T11:14:56Z
6.62,44.34,29.2,0.0,89,1.63,2026-08-05T11:14:56Z
6.86,44.34,20.5,0.0,25,5.58,2026-08-05T11:14:56Z
7.12,44.32,21.7,0.0,0,4.59,2026-08-05T11:14:56Z
7.36,44.34,26.2,0.0,33,3.55,2026-08-05T11:14:56Z
7.62,44.34,30.8,0.0,0,2.28,2026-08-05T11:14:56Z
7.86,44.34,30.7,0.0,0,1.73,2026-08-05T11:14:56Z
8.12,44.34,29.7,0.0,22,1.22,2026-08-05T11:14:56Z
8.36,44.34,29.8,0.0,0,2.86,2026-08-05T11:14:56Z
8.62,44.34,28.4,0.0,0,1.84,2026-08-05T11:14:56Z
8.86,44.34,28.4,0.0,0,2.1,2026-08-05T11:14:56Z
9.14,44.36,29.3,0.0,0,2.27,2026-08-05T11:14:56Z
9.34,44.32,30.0,0.0,0,2.7,2026-08-05T11:14:56Z
9.6,44.34,34.1,0.0,1,2.21,2026-08-05T11:14:56Z
-5.14,44.58,21.6,0.0,72,2.56,2026-08-05T11:14:56Z
-4.89,44.58,21.4,0.0,86,2.22,2026-08-05T11:14:56Z
-4.64,44.58,21.5,0.0,50,2.69,2026-08-05T11:14:56Z
-4.39,44.58,21.5,0.0,9,3.26,2026-08-05T11:14:56Z
-4.14,44.58,21.5,0.0,68,3.16,2026-08-05T11:14:56Z
-3.89,44.58,21.6,0.0,7,3.35,2026-08-05T11:14:56Z
-3.64,44.58,21.7,0.0,14,3.4,2026-08-05T11:14:56Z
-3.39,44.58,21.9,0.0,100,3.33,2026-08-05T11:14:56Z
-3.14,44.58,21.9,0.0,22,2.92,2026-08-05T11:14:56Z
-2.89,44.58,22.0,0.0,98,2.69,2026-08-05T11:14:56Z
-2.64,44.58,22.2,0.0,94,2.9,2026-08-05T11:14:56Z
-2.39,44.58,22.3,0.0,75,3.28,2026-08-05T11:14:56Z
-2.14,44.58,22.4,0.0,100,3.62,2026-08-05T11:14:56Z
-1.89,44.58,22.5,0.0,100,3.01,2026-08-05T11:14:56Z
-1.64,44.58,22.6,0.0,100,3.88,2026-08-05T11:14:56Z
-1.39,44.58,22.9,0.0,100,3.91,2026-08-05T11:14:56Z
-1.14,44.58,26.1,0.0,99,3.14,2026-08-05T11:14:56Z
-0.89,44.58,26.9,0.0,100,2.78,2026-08-05T11:14:56Z
-0.64,44.58,26.3,0.0,100,1.62,2026-08-05T11:14:56Z
-0.38,44.58,25.7,0.0,93,1.8,2026-08-05T11:14:56Z
-0.14,44.58,26.6,0.0,87,2.75,2026-08-05T11:14:56Z
0.12,44.58,26.1,0.0,87,2.69,2026-08-05T11:14:56Z
0.36,44.58,26.7,0.0,96,2.83,2026-08-05T11:14:56Z
0.62,44.58,26.4,0.0,91,1.98,2026-08-05T11:14:56Z
0.86,44.58,25.9,0.0,95,1.7,2026-08-05T11:14:56Z
1.12,44.58,25.7,0.0,96,2.59,2026-08-05T11:14:56Z
1.36,44.58,25.5,0.0,91,3.36,2026-08-05T11:14:56Z
1.62,44.58,26.1,0.0,75,4.36,2026-08-05T11:14:56Z
1.86,44.58,27.3,0.0,52,3.98,2026-08-05T11:14:56Z
2.12,44.58,28.8,0.0,9,4.1,2026-08-05T11:14:56Z
2.36,44.58,26.4,0.0,59,4.52,2026-08-05T11:14:56Z
2.62,44.58,26.5,0.0,51,4.49,2026-08-05T11:14:56Z
2.86,44.58,25.4,0.0,30,4.55,2026-08-05T11:14:56Z
3.12,44.58,24.4,0.0,39,4.04,2026-08-05T11:14:56Z
3.36,44.58,28.0,0.0,75,1.55,2026-08-05T11:14:56Z
3.62,44.58,25.6,0.0,50,3.52,2026-08-05T11:14:56Z
3.86,44.58,24.0,0.0,65,3.4,2026-08-05T11:14:56Z
4.1,44.6,28.1,0.0,76,1.82,2026-08-05T11:14:56Z
4.36,44.58,33.4,0.0,87,4.19,2026-08-05T11:14:56Z
4.62,44.58,32.0,0.0,0,5.97,2026-08-05T11:14:56Z
4.86,44.58,33.4,0.0,0,5.25,2026-08-05T11:14:56Z
5.12,44.58,28.5,0.0,0,5.16,2026-08-05T11:14:56Z
5.38,44.58,24.8,0.0,15,3.35,2026-08-05T11:14:56Z
5.62,44.6,24.0,0.0,32,3.31,2026-08-05T11:14:56Z
5.86,44.58,27.2,0.0,0,2.57,2026-08-05T11:14:56Z
6.12,44.58,29.6,0.0,0,1.25,2026-08-05T11:14:56Z
6.36,44.58,24.9,0.0,6,3.32,2026-08-05T11:14:56Z
6.62,44.6,20.5,0.0,0,5.64,2026-08-05T11:14:56Z
6.84,44.58,20.4,0.0,24,2.06,2026-08-05T11:14:56Z
7.12,44.58,25.3,0.0,30,3.76,2026-08-05T11:14:56Z
7.38,44.56,28.6,0.0,46,2.84,2026-08-05T11:14:56Z
7.62,44.58,34.2,0.0,1,2.91,2026-08-05T11:14:56Z
7.86,44.58,31.8,0.0,0,2.36,2026-08-05T11:14:56Z
8.12,44.58,31.0,0.0,0,1.1,2026-08-05T11:14:56Z
8.36,44.58,34.2,0.0,0,1.53,2026-08-05T11:14:56Z
8.6,44.58,34.2,0.0,0,1.04,2026-08-05T11:14:56Z
8.86,44.58,30.7,0.0,0,2.97,2026-08-05T11:14:56Z
9.12,44.56,25.7,0.0,0,2.66,2026-08-05T11:14:56Z
9.36,44.58,27.3,0.0,0,3.42,2026-08-05T11:14:56Z
9.62,44.56,29.6,0.0,0,3.01,2026-08-05T11:14:56Z
-5.14,44.83,21.5,0.0,3,3.05,2026-08-05T11:14:56Z
-4.89,44.83,21.5,0.0,6,3.33,2026-08-05T11:14:56Z
-4.64,44.83,21.6,0.0,5,3.5,2026-08-05T11:14:56Z
-4.39,44.83,21.7,0.0,82,3.26,2026-08-05T11:14:56Z
-4.14,44.83,21.8,0.0,39,3.51,2026-08-05T11:14:56Z
-3.89,44.83,22.0,0.0,83,3.77,2026-08-05T11:14:56Z
-3.64,44.83,21.9,0.0,35,2.37,2026-08-05T11:14:56Z
-3.39,44.83,21.9,0.0,4,2.69,2026-08-05T11:14:56Z
-3.14,44.83,21.9,0.0,20,3.36,2026-08-05T11:14:56Z
-2.89,44.83,22.0,0.0,44,3.77,2026-08-05T11:14:56Z
-2.64,44.83,22.1,0.0,62,3.11,2026-08-05T11:14:56Z
-2.39,44.83,22.2,0.0,5,2.69,2026-08-05T11:14:56Z
-2.14,44.83,22.2,0.0,9,2.76,2026-08-05T11:14:56Z
-1.89,44.83,22.3,0.0,0,2.69,2026-08-05T11:14:56Z
-1.64,44.83,22.2,0.0,4,3.14,2026-08-05T11:14:56Z
-1.39,44.83,22.5,0.0,63,3.4,2026-08-05T11:14:56Z
-1.14,44.83,25.6,0.0,100,2.83,2026-08-05T11:14:56Z
-0.89,44.83,26.4,0.0,100,2.69,2026-08-05T11:14:56Z
-0.64,44.83,28.0,0.0,100,3.16,2026-08-05T11:14:56Z
-0.38,44.84,25.1,0.0,94,2.83,2026-08-05T11:14:56Z
-0.14,44.84,26.7,0.0,88,3.66,2026-08-05T11:14:56Z
0.12,44.84,27.2,0.0,90,3.18,2026-08-05T11:14:56Z
0.36,44.84,26.6,0.0,99,2.92,2026-08-05T11:14:56Z
0.62,44.84,26.9,0.0,93,2.92,2026-08-05T11:14:56Z
0.86,44.84,25.9,0.0,97,2.69,2026-08-05T11:14:56Z
1.12,44.84,27.1,0.0,92,1.66,2026-08-05T11:14:56Z
1.36,44.84,26.6,0.0,97,2.58,2026-08-05T11:14:56Z
1.62,44.84,26.1,0.0,60,3.81,2026-08-05T11:14:56Z
1.86,44.84,25.3,0.0,50,4.44,2026-08-05T11:14:56Z
2.12,44.84,24.6,0.0,57,3.98,2026-08-05T11:14:56Z
2.36,44.84,24.8,0.0,70,3.34,2026-08-05T11:14:56Z
2.62,44.84,27.9,0.0,44,4.13,2026-08-05T11:14:56Z
2.86,44.84,26.1,0.0,89,4.7,2026-08-05T11:14:56Z
3.12,44.84,26.1,0.0,81,3.9,2026-08-05T11:14:56Z
3.36,44.84,25.2,0.0,50,2.73,2026-08-05T11:14:56Z
3.62,44.84,24.1,0.0,58,2.83,2026-08-05T11:14:56Z
3.86,44.84,23.6,0.0,54,3.01,2026-08-05T11:14:56Z
4.12,44.84,24.9,0.0,23,3.64,2026-08-05T11:14:56Z
4.36,44.82,26.1,0.0,79,3.42,2026-08-05T11:14:56Z
4.62,44.84,30.3,0.0,22,3.89,2026-08-05T11:14:56Z
4.86,44.84,33.1,0.0,0,6.36,2026-08-05T11:14:56Z
5.12,44.84,26.6,0.0,13,6.65,2026-08-05T11:14:56Z
5.36,44.84,23.5,0.0,5,3.81,2026-08-05T11:14:56Z
5.62,44.84,25.4,0.0,0,2.27,2026-08-05T11:14:56Z
5.86,44.84,26.0,0.0,23,2.94,2026-08-05T11:14:56Z
6.12,44.84,18.8,0.0,0,2.85,2026-08-05T11:14:56Z
6.38,44.84,20.3,0.0,28,2.83,2026-08-05T11:14:56Z
6.64,44.86,23.4,0.0,1,2.56,2026-08-05T11:14:56Z
6.88,44.86,15.9,0.0,92,2.73,2026-08-05T11:14:56Z
7.12,44.82,22.1,0.0,1,2.91,2026-08-05T11:14:56Z
7.36,44.84,33.2,0.0,0,0.94,2026-08-05T11:14:56Z
7.62,44.84,34.4,0.0,0,0.73,2026-08-05T11:14:56Z
7.86,44.84,33.7,0.0,0,1.77,2026-08-05T11:14:56Z
8.12,44.84,33.0,0.0,0,1.04,2026-08-05T11:14:56Z
8.36,44.84,34.3,0.0,0,0.64,2026-08-05T11:14:56Z
8.62,44.84,34.8,0.0,0,1.7,2026-08-05T11:14:56Z
8.86,44.84,35.4,0.0,0,2.56,2026-08-05T11:14:56Z
9.12,44.84,33.6,0.0,0,2.25,2026-08-05T11:14:56Z
9.36,44.84,29.4,0.0,10,2.73,2026-08-05T11:14:56Z
9.62,44.82,34.5,0.0,0,2.7,2026-08-05T11:14:56Z
-5.14,45.08,21.1,0.0,70,3.77,2026-08-05T11:14:56Z
-4.89,45.08,21.4,0.0,2,5.3,2026-08-05T11:14:56Z
-4.64,45.08,21.8,0.0,0,4.55,2026-08-05T11:14:56Z
-4.39,45.08,21.9,0.0,12,4.21,2026-08-05T11:14:56Z
-4.14,45.08,22.0,0.0,16,4.25,2026-08-05T11:14:56Z
-3.89,45.08,22.0,0.0,69,3.62,2026-08-05T11:14:56Z
-3.64,45.08,22.1,0.0,100,3.31,2026-08-05T11:14:56Z
-3.39,45.08,22.0,0.0,22,2.95,2026-08-05T11:14:56Z
-3.14,45.08,22.0,0.0,0,3.0,2026-08-05T11:14:56Z
-2.89,45.08,21.9,0.0,33,2.41,2026-08-05T11:14:56Z
-2.64,45.08,22.0,0.0,33,2.11,2026-08-05T11:14:56Z
-2.39,45.08,21.8,0.0,5,2.33,2026-08-05T11:14:56Z
-2.14,45.08,21.9,0.0,25,2.92,2026-08-05T11:14:56Z
-1.89,45.08,21.9,0.0,0,2.66,2026-08-05T11:14:56Z
-1.64,45.08,21.9,0.0,0,2.83,2026-08-05T11:14:56Z
-1.39,45.08,22.0,0.0,0,2.48,2026-08-05T11:14:56Z
-1.14,45.07,24.7,0.0,64,2.46,2026-08-05T11:14:56Z
-0.89,45.08,26.1,0.0,81,2.62,2026-08-05T11:14:56Z
-0.64,45.08,25.6,0.0,91,2.82,2026-08-05T11:14:56Z
-0.38,45.08,25.4,0.0,95,2.73,2026-08-05T11:14:56Z
-0.14,45.08,26.7,0.0,93,2.69,2026-08-05T11:14:56Z
0.12,45.08,26.6,0.0,93,2.95,2026-08-05T11:14:56Z
0.36,45.08,26.0,0.0,94,2.56,2026-08-05T11:14:56Z
0.62,45.08,25.5,0.0,97,3.13,2026-08-05T11:14:56Z
0.86,45.08,24.9,0.0,94,2.76,2026-08-05T11:14:56Z
1.12,45.08,25.0,0.0,92,3.24,2026-08-05T11:14:56Z
1.36,45.08,25.2,0.0,81,3.58,2026-08-05T11:14:56Z
1.62,45.08,25.1,0.0,37,3.75,2026-08-05T11:14:56Z
1.86,45.08,25.2,0.0,53,3.58,2026-08-05T11:14:56Z
2.12,45.08,25.6,0.0,70,3.53,2026-08-05T11:14:56Z
2.36,45.08,25.6,0.0,37,2.47,2026-08-05T11:14:56Z
2.62,45.08,22.4,0.0,74,3.76,2026-08-05T11:14:56Z
2.84,45.1,25.4,0.0,61,3.26,2026-08-05T11:14:56Z
3.12,45.08,25.9,0.0,68,2.12,2026-08-05T11:14:56Z
3.36,45.08,25.5,0.0,44,1.84,2026-08-05T11:14:56Z
3.62,45.08,25.3,0.0,29,2.97,2026-08-05T11:14:56Z
3.86,45.08,28.6,0.0,77,1.36,2026-08-05T11:14:56Z
4.12,45.08,23.8,0.0,85,2.68,2026-08-05T11:14:56Z
4.36,45.08,24.7,0.0,27,3.11,2026-08-05T11:14:56Z
4.62,45.08,29.8,0.0,67,4.03,2026-08-05T11:14:56Z
4.86,45.08,32.3,0.0,0,4.62,2026-08-05T11:14:56Z
5.12,45.08,31.7,0.0,14,4.32,2026-08-05T11:14:56Z
5.36,45.1,27.9,0.0,1,4.83,2026-08-05T11:14:56Z
5.62,45.08,19.0,0.0,76,1.32,2026-08-05T11:14:56Z
5.86,45.1,20.8,0.0,44,2.55,2026-08-05T11:14:56Z
6.12,45.08,21.2,0.0,12,3.6,2026-08-05T11:14:56Z
6.38,45.1,16.4,0.0,78,2.83,2026-08-05T11:14:56Z
6.64,45.06,21.6,0.0,8,2.62,2026-08-05T11:14:56Z
6.86,45.06,22.0,0.0,0,3.75,2026-08-05T11:14:56Z
7.1,45.08,17.9,0.0,94,3.22,2026-08-05T11:14:56Z
7.36,45.08,31.8,0.0,0,2.51,2026-08-05T11:14:56Z
7.62,45.08,34.5,0.0,0,1.36,2026-08-05T11:14:56Z
7.86,45.08,33.4,0.0,0,0.76,2026-08-05T11:14:56Z
8.12,45.08,33.4,0.0,0,0.51,2026-08-05T11:14:56Z
8.36,45.08,34.3,0.0,0,0.58,2026-08-05T11:14:56Z
8.62,45.08,35.2,0.0,0,0.64,2026-08-05T11:14:56Z
8.86,45.08,35.2,0.0,0,1.46,2026-08-05T11:14:56Z
9.12,45.08,35.3,0.0,0,2.06,2026-08-05T11:14:56Z
9.36,45.08,35.1,0.0,0,2.97,2026-08-05T11:14:56Z
9.62,45.08,34.2,0.0,6,3.0,2026-08-05T11:14:56Z
-5.14,45.33,21.4,0.0,0,4.06,2026-08-05T11:14:56Z
-4.89,45.33,21.4,0.0,5,3.89,2026-08-05T11:14:56Z
-4.64,45.33,21.4,0.0,100,3.75,2026-08-05T11:14:56Z
-4.39,45.33,21.6,0.0,100,3.91,2026-08-05T11:14:56Z
-4.14,45.33,21.5,0.0,27,4.06,2026-08-05T11:14:56Z
-3.89,45.33,21.6,0.0,0,3.52,2026-08-05T11:14:56Z
-3.64,45.33,21.8,0.0,45,4.0,2026-08-05T11:14:56Z
-3.39,45.33,21.9,0.0,7,3.44,2026-08-05T11:14:56Z
-3.14,45.33,21.8,0.0,0,3.45,2026-08-05T11:14:56Z
-2.89,45.33,21.8,0.0,3,3.02,2026-08-05T11:14:56Z
-2.64,45.33,21.6,0.0,4,1.75,2026-08-05T11:14:56Z
-2.39,45.33,21.7,0.0,4,2.15,2026-08-05T11:14:56Z
-2.14,45.33,21.6,0.0,5,2.15,2026-08-05T11:14:56Z
-1.89,45.33,21.6,0.0,0,2.8,2026-08-05T11:14:56Z
-1.64,45.33,21.6,0.0,9,3.09,2026-08-05T11:14:56Z
-1.39,45.33,21.4,0.0,0,1.68,2026-08-05T11:14:56Z
-1.14,45.33,24.0,0.0,38,2.6,2026-08-05T11:14:56Z
-0.89,45.33,26.1,0.0,78,4.6,2026-08-05T11:14:56Z
-0.64,45.34,25.5,0.0,90,3.96,2026-08-05T11:14:56Z
-0.38,45.34,25.4,0.0,95,3.85,2026-08-05T11:14:56Z
-0.14,45.34,25.2,0.0,88,3.21,2026-08-05T11:14:56Z
0.12,45.34,26.5,0.0,91,3.1,2026-08-05T11:14:56Z
0.36,45.34,26.0,0.0,94,2.66,2026-08-05T11:14:56Z
0.62,45.34,25.5,0.0,95,2.88,2026-08-05T11:14:56Z
0.86,45.34,25.2,0.0,88,3.18,2026-08-05T11:14:56Z
1.12,45.34,24.8,0.0,64,3.61,2026-08-05T11:14:56Z
1.36,45.34,24.9,0.0,68,3.38,2026-08-05T11:14:56Z
1.62,45.34,24.5,0.0,71,3.66,2026-08-05T11:14:56Z
1.86,45.34,24.5,0.0,74,3.28,2026-08-05T11:14:56Z
2.12,45.34,24.0,0.0,29,3.16,2026-08-05T11:14:56Z
2.36,45.34,25.8,0.0,64,2.6,2026-08-05T11:14:56Z
2.62,45.34,23.8,0.0,73,4.3,2026-08-05T11:14:56Z
2.86,45.34,22.4,0.0,93,4.97,2026-08-05T11:14:56Z
3.12,45.34,25.3,0.0,71,2.1,2026-08-05T11:14:56Z
3.36,45.34,29.2,0.0,9,1.4,2026-08-05T11:14:56Z
3.62,45.34,24.7,0.0,60,3.11,2026-08-05T11:14:56Z
3.86,45.34,25.9,0.0,57,2.88,2026-08-05T11:14:56Z
4.12,45.34,27.8,0.0,72,2.06,2026-08-05T11:14:56Z
4.36,45.34,25.5,0.0,12,2.5,2026-08-05T11:14:56Z
4.62,45.34,27.5,0.0,88,2.21,2026-08-05T11:14:56Z
4.86,45.34,31.9,0.0,29,3.71,2026-08-05T11:14:56Z
5.12,45.34,30.3,0.0,0,3.71,2026-08-05T11:14:56Z
5.36,45.34,29.1,0.0,34,3.32,2026-08-05T11:14:56Z
5.6,45.34,31.8,0.0,0,2.6,2026-08-05T11:14:56Z
5.86,45.36,20.8,0.0,84,2.22,2026-08-05T11:14:56Z
6.12,45.34,20.5,0.0,34,2.33,2026-08-05T11:14:56Z
6.36,45.36,22.8,0.0,10,2.6,2026-08-05T11:14:56Z
6.62,45.32,14.0,0.0,99,1.34,2026-08-05T11:14:56Z
6.86,45.34,14.5,0.0,80,4.81,2026-08-05T11:14:56Z
7.1,45.34,7.9,0.0,67,3.21,2026-08-05T11:14:56Z
7.34,45.32,24.9,0.0,0,2.94,2026-08-05T11:14:56Z
7.6,45.34,30.6,0.0,0,1.28,2026-08-05T11:14:56Z
7.86,45.34,32.9,0.0,22,0.42,2026-08-05T11:14:56Z
8.12,45.34,33.4,0.0,0,0.81,2026-08-05T11:14:56Z
8.36,45.34,34.5,0.0,0,0.22,2026-08-05T11:14:56Z
8.62,45.34,34.3,0.0,0,0.51,2026-08-05T11:14:56Z
8.86,45.34,34.8,0.0,0,0.45,2026-08-05T11:14:56Z
9.12,45.34,33.5,0.0,0,0.41,2026-08-05T11:14:56Z
9.36,45.34,34.9,0.0,0,0.14,2026-08-05T11:14:56Z
9.62,45.34,35.2,0.0,0,0.28,2026-08-05T11:14:56Z
-5.14,45.58,21.1,0.0,11,4.02,2026-08-05T11:14:56Z
-4.89,45.58,21.2,0.0,51,3.38,2026-08-05T11:14:56Z
-4.64,45.58,21.2,0.0,0,2.95,2026-08-05T11:14:56Z
-4.39,45.58,21.3,0.0,83,3.18,2026-08-05T11:14:56Z
-4.14,45.58,21.1,0.0,93,3.18,2026-08-05T11:14:56Z
-3.89,45.58,21.2,0.0,15,3.82,2026-08-05T11:14:56Z
-3.64,45.58,21.4,0.0,81,3.44,2026-08-05T11:14:56Z
-3.39,45.58,21.4,0.0,30,3.47,2026-08-05T11:14:56Z
-3.14,45.58,21.7,0.0,18,3.73,2026-08-05T11:14:56Z
-2.89,45.58,21.3,0.0,37,3.76,2026-08-05T11:14:56Z
-2.64,45.58,21.7,0.0,0,3.08,2026-08-05T11:14:56Z
-2.39,45.58,21.8,0.0,1,3.48,2026-08-05T11:14:56Z
-2.14,45.58,21.6,0.0,4,2.96,2026-08-05T11:14:56Z
-1.89,45.58,21.6,0.0,0,2.79,2026-08-05T11:14:56Z
-1.64,45.58,21.3,0.0,0,2.91,2026-08-05T11:14:56Z
-1.39,45.58,21.1,0.0,0,3.03,2026-08-05T11:14:56Z
-1.14,45.58,21.3,0.0,0,2.53,2026-08-05T11:14:56Z
-0.89,45.58,25.1,0.0,0,4.85,2026-08-05T11:14:56Z
-0.64,45.58,26.1,0.0,74,4.5,2026-08-05T11:14:56Z
-0.38,45.58,26.4,0.0,86,4.0,2026-08-05T11:14:56Z
-0.14,45.58,26.1,0.0,76,4.01,2026-08-05T11:14:56Z
0.12,45.58,25.8,0.0,96,3.14,2026-08-05T11:14:56Z
0.36,45.58,24.8,0.0,91,2.7,2026-08-05T11:14:56Z
0.62,45.58,24.3,0.0,86,2.51,2026-08-05T11:14:56Z
0.86,45.58,23.4,0.0,92,3.2,2026-08-05T11:14:56Z
1.12,45.58,23.4,0.0,87,3.32,2026-08-05T11:14:56Z
1.36,45.58,23.0,0.0,83,2.83,2026-08-05T11:14:56Z
1.62,45.58,23.4,0.0,89,3.32,2026-08-05T11:14:56Z
1.86,45.58,22.1,0.0,90,2.89,2026-08-05T11:14:56Z
2.12,45.58,21.4,0.0,54,3.61,2026-08-05T11:14:56Z
2.36,45.58,24.7,0.0,59,2.6,2026-08-05T11:14:56Z
2.62,45.58,23.5,0.0,76,3.08,2026-08-05T11:14:56Z
2.86,45.58,21.6,0.0,65,4.7,2026-08-05T11:14:56Z
3.12,45.58,27.3,0.0,93,1.49,2026-08-05T11:14:56Z
3.36,45.58,28.2,0.0,32,0.63,2026-08-05T11:14:56Z
3.62,45.58,25.4,0.0,45,2.64,2026-08-05T11:14:56Z
3.86,45.58,22.4,0.0,16,3.54,2026-08-05T11:14:56Z
4.12,45.58,27.7,0.0,0,1.98,2026-08-05T11:14:56Z
4.36,45.58,28.0,0.0,14,2.34,2026-08-05T11:14:56Z
4.62,45.58,28.9,0.0,86,0.36,2026-08-05T11:14:56Z
4.86,45.58,31.1,0.0,9,3.32,2026-08-05T11:14:56Z
5.12,45.58,28.8,0.0,20,3.26,2026-08-05T11:14:56Z
5.36,45.58,28.7,0.0,20,3.36,2026-08-05T11:14:56Z
5.62,45.58,29.6,0.0,8,2.33,2026-08-05T11:14:56Z
5.86,45.58,28.0,0.0,0,1.92,2026-08-05T11:14:56Z
6.1,45.58,21.7,0.0,36,2.01,2026-08-05T11:14:56Z
6.34,45.56,19.7,0.0,0,2.6,2026-08-05T11:14:56Z
6.62,45.6,17.5,0.0,65,1.08,2026-08-05T11:14:56Z
6.88,45.56,20.2,0.0,23,3.18,2026-08-05T11:14:56Z
7.12,45.58,16.8,0.0,57,2.7,2026-08-05T11:14:56Z
7.34,45.56,16.3,0.0,89,2.88,2026-08-05T11:14:56Z
7.62,45.58,19.0,0.0,5,2.51,2026-08-05T11:14:56Z
7.88,45.56,23.7,0.0,48,3.61,2026-08-05T11:14:56Z
8.12,45.58,31.7,0.0,0,1.3,2026-08-05T11:14:56Z
8.36,45.58,33.3,0.0,0,1.0,2026-08-05T11:14:56Z
8.62,45.58,34.5,0.0,0,1.14,2026-08-05T11:14:56Z
8.86,45.58,34.9,0.0,0,1.0,2026-08-05T11:14:56Z
9.12,45.58,34.8,0.0,0,0.41,2026-08-05T11:14:56Z
9.36,45.58,35.1,0.0,0,0.45,2026-08-05T11:14:56Z
9.62,45.58,34.6,0.0,0,1.2,2026-08-05T11:14:56Z
-5.14,45.83,20.9,0.0,0,4.9,2026-08-05T11:14:56Z
-4.89,45.83,21.2,0.0,32,4.62,2026-08-05T11:14:56Z
-4.64,45.83,21.2,0.0,82,4.02,2026-08-05T11:14:56Z
-4.39,45.83,21.2,0.0,78,3.22,2026-08-05T11:14:56Z
-4.14,45.83,21.2,0.0,4,3.02,2026-08-05T11:14:56Z
-3.89,45.83,21.2,0.0,79,3.08,2026-08-05T11:14:56Z
-3.64,45.83,21.2,0.0,100,3.05,2026-08-05T11:14:56Z
-3.39,45.83,21.2,0.0,98,3.82,2026-08-05T11:14:56Z
-3.14,45.83,21.1,0.0,100,2.94,2026-08-05T11:14:56Z
-2.89,45.83,21.1,0.0,14,2.87,2026-08-05T11:14:56Z
-2.64,45.83,21.3,0.0,83,3.86,2026-08-05T11:14:56Z
-2.39,45.83,21.5,0.0,15,2.94,2026-08-05T11:14:56Z
-2.14,45.83,21.6,0.0,1,3.92,2026-08-05T11:14:56Z
-1.89,45.83,21.6,0.0,20,4.08,2026-08-05T11:14:56Z
-1.64,45.83,21.3,0.0,4,2.91,2026-08-05T11:14:56Z
-1.39,45.83,21.2,0.0,21,3.03,2026-08-05T11:14:56Z
-1.14,45.83,24.6,0.0,5,5.22,2026-08-05T11:14:56Z
-0.89,45.83,25.6,0.0,59,4.34,2026-08-05T11:14:56Z
-0.64,45.84,25.7,0.0,77,4.55,2026-08-05T11:14:56Z
-0.38,45.84,26.4,0.0,62,4.7,2026-08-05T11:14:56Z
-0.14,45.84,25.5,0.0,87,4.73,2026-08-05T11:14:56Z
0.12,45.84,25.4,0.0,94,4.26,2026-08-05T11:14:56Z
0.36,45.84,25.4,0.0,95,3.81,2026-08-05T11:14:56Z
0.62,45.84,24.4,0.0,99,4.12,2026-08-05T11:14:56Z
0.86,45.84,23.8,0.0,94,4.3,2026-08-05T11:14:56Z
1.12,45.84,24.9,0.0,92,3.8,2026-08-05T11:14:56Z
1.36,45.84,24.5,0.0,81,4.08,2026-08-05T11:14:56Z
1.62,45.84,23.9,0.0,81,3.3,2026-08-05T11:14:56Z
1.86,45.84,22.7,0.0,88,3.59,2026-08-05T11:14:56Z
2.12,45.84,22.7,0.0,85,3.59,2026-08-05T11:14:56Z
2.36,45.84,23.1,0.0,59,3.26,2026-08-05T11:14:56Z
2.62,45.84,24.8,0.0,70,2.42,2026-08-05T11:14:56Z
2.86,45.84,24.9,0.0,76,3.16,2026-08-05T11:14:56Z
3.12,45.84,27.9,0.0,79,2.52,2026-08-05T11:14:56Z
3.36,45.84,29.3,0.0,65,2.55,2026-08-05T11:14:56Z
3.62,45.84,25.7,0.0,57,2.43,2026-08-05T11:14:56Z
3.86,45.84,28.3,0.0,57,3.21,2026-08-05T11:14:56Z
4.12,45.84,29.6,0.0,8,2.61,2026-08-05T11:14:56Z
4.36,45.82,27.2,0.0,41,2.94,2026-08-05T11:14:56Z
4.62,45.84,30.5,0.0,70,1.84,2026-08-05T11:14:56Z
4.86,45.84,30.9,0.0,15,2.81,2026-08-05T11:14:56Z
5.12,45.84,30.8,0.0,46,3.31,2026-08-05T11:14:56Z
5.36,45.84,28.4,0.0,2,4.2,2026-08-05T11:14:56Z
5.62,45.82,28.0,0.0,80,2.28,2026-08-05T11:14:56Z
5.86,45.82,26.3,0.0,18,2.15,2026-08-05T11:14:56Z
6.12,45.82,21.1,0.0,62,2.14,2026-08-05T11:14:56Z
6.38,45.82,21.1,0.0,85,2.31,2026-08-05T11:14:56Z
6.62,45.82,21.2,0.0,59,3.09,2026-08-05T11:14:56Z
6.86,45.84,1.2,0.0,91,6.79,2026-08-05T11:14:56Z
7.1,45.82,16.7,0.0,95,3.82,2026-08-05T11:14:56Z
7.36,45.84,26.3,0.0,0,1.58,2026-08-05T11:14:56Z
7.6,45.82,24.4,0.0,0,2.21,2026-08-05T11:14:56Z
7.86,45.84,16.4,0.0,91,3.39,2026-08-05T11:14:56Z
8.14,45.82,30.1,0.0,3,2.55,2026-08-05T11:14:56Z
8.36,45.82,30.5,0.0,0,2.75,2026-08-05T11:14:56Z
8.62,45.82,35.6,0.0,0,1.75,2026-08-05T11:14:56Z
8.86,45.84,33.0,0.0,0,1.13,2026-08-05T11:14:56Z
9.12,45.84,31.0,0.0,0,2.12,2026-08-05T11:14:56Z
9.36,45.84,33.4,0.0,0,1.92,2026-08-05T11:14:56Z
9.62,45.82,29.2,0.0,0,2.45,2026-08-05T11:14:56Z
-5.14,46.08,20.6,0.0,40,4.5,2026-08-05T11:14:56Z
-4.89,46.08,20.9,0.0,44,4.1,2026-08-05T11:14:56Z
-4.64,46.08,20.9,0.0,87,4.14,2026-08-05T11:14:56Z
-4.39,46.08,20.9,0.0,55,4.52,2026-08-05T11:14:56Z
-4.14,46.08,20.9,0.0,88,4.22,2026-08-05T11:14:56Z
-3.89,46.08,21.0,0.0,26,4.11,2026-08-05T11:14:56Z
-3.64,46.08,21.1,0.0,91,3.89,2026-08-05T11:14:56Z
-3.39,46.08,21.1,0.0,30,3.75,2026-08-05T11:14:56Z
-3.14,46.08,21.0,0.0,11,3.42,2026-08-05T11:14:56Z
-2.89,46.08,20.9,0.0,78,3.94,2026-08-05T11:14:56Z
-2.64,46.08,20.8,0.0,99,3.18,2026-08-05T11:14:56Z
-2.39,46.08,20.9,0.0,87,3.3,2026-08-05T11:14:56Z
-2.14,46.08,21.4,0.0,23,2.92,2026-08-05T11:14:56Z
-1.89,46.08,21.3,0.0,16,3.0,2026-08-05T11:14:56Z
-1.64,46.08,20.8,0.0,0,3.48,2026-08-05T11:14:56Z
-1.39,46.08,20.9,0.0,0,3.63,2026-08-05T11:14:56Z
-1.14,46.08,21.7,0.0,0,5.62,2026-08-05T11:14:56Z
-0.88,46.08,25.4,0.0,39,4.9,2026-08-05T11:14:56Z
-0.64,46.08,26.0,0.0,44,4.6,2026-08-05T11:14:56Z
-0.38,46.08,26.6,0.0,62,4.62,2026-08-05T11:14:56Z
-0.14,46.08,26.1,0.0,81,4.75,2026-08-05T11:14:56Z
0.12,46.08,25.8,0.0,80,4.97,2026-08-05T11:14:56Z
0.36,46.08,25.3,0.0,86,4.12,2026-08-05T11:14:56Z
0.62,46.08,24.5,0.0,93,3.64,2026-08-05T11:14:56Z
0.86,46.08,24.5,0.0,95,4.24,2026-08-05T11:14:56Z
1.12,46.08,24.9,0.0,95,4.65,2026-08-05T11:14:56Z
1.36,46.08,23.7,0.0,89,3.83,2026-08-05T11:14:56Z
1.62,46.08,24.2,0.0,88,4.44,2026-08-05T11:14:56Z
1.86,46.08,23.4,0.0,77,3.86,2026-08-05T11:14:56Z
2.12,46.08,24.3,0.0,93,4.41,2026-08-05T11:14:56Z
2.36,46.08,23.9,0.0,70,4.53,2026-08-05T11:14:56Z
2.62,46.08,24.4,0.0,71,4.32,2026-08-05T11:14:56Z
2.86,46.08,24.8,0.0,24,4.26,2026-08-05T11:14:56Z
3.12,46.08,26.3,0.0,82,2.87,2026-08-05T11:14:56Z
3.36,46.08,27.8,0.0,74,3.33,2026-08-05T11:14:56Z
3.62,46.08,26.9,0.0,67,2.68,2026-08-05T11:14:56Z
3.86,46.08,24.8,0.0,86,2.44,2026-08-05T11:14:56Z
4.12,46.08,29.0,0.0,50,3.14,2026-08-05T11:14:56Z
4.36,46.08,25.1,0.0,78,3.28,2026-08-05T11:14:56Z
4.62,46.08,28.1,0.0,84,1.6,2026-08-05T11:14:56Z
4.86,46.08,30.2,0.0,59,1.58,2026-08-05T11:14:56Z
5.12,46.08,29.3,0.0,37,3.44,2026-08-05T11:14:56Z
5.36,46.08,29.5,0.0,59,2.97,2026-08-05T11:14:56Z
5.62,46.08,24.5,0.0,23,2.25,2026-08-05T11:14:56Z
5.86,46.08,27.3,0.0,8,0.3,2026-08-05T11:14:56Z
6.12,46.06,25.2,0.0,55,1.9,2026-08-05T11:14:56Z
6.36,46.08,28.8,0.0,0,2.05,2026-08-05T11:14:56Z
6.62,46.08,23.7,0.0,51,2.82,2026-08-05T11:14:56Z
6.86,46.08,17.9,0.0,46,2.64,2026-08-05T11:14:56Z
7.12,46.1,26.8,0.0,9,3.35,2026-08-05T11:14:56Z
7.36,46.08,13.0,0.0,85,4.32,2026-08-05T11:14:56Z
7.6,46.08,9.6,0.0,91,2.86,2026-08-05T11:14:56Z
7.86,46.08,2.2,0.0,93,5.59,2026-08-05T11:14:56Z
8.12,46.08,22.9,0.0,0,2.98,2026-08-05T11:14:56Z
8.36,46.08,21.1,0.0,77,2.11,2026-08-05T11:14:56Z
8.62,46.08,28.1,0.0,0,2.87,2026-08-05T11:14:56Z
8.86,46.08,21.6,0.0,89,3.1,2026-08-05T11:14:56Z
9.12,46.1,25.3,0.0,0,3.0,2026-08-05T11:14:56Z
9.36,46.1,28.5,0.0,0,3.04,2026-08-05T11:14:56Z
9.6,46.08,26.3,0.0,69,2.97,2026-08-05T11:14:56Z
-5.14,46.33,20.5,0.0,13,4.46,2026-08-05T11:14:56Z
-4.89,46.33,20.6,0.0,65,4.62,2026-08-05T11:14:56Z
-4.64,46.33,20.7,0.0,46,4.6,2026-08-05T11:14:56Z
-4.39,46.33,20.7,0.0,10,4.11,2026-08-05T11:14:56Z
-4.14,46.33,20.6,0.0,26,4.76,2026-08-05T11:14:56Z
-3.89,46.33,20.6,0.0,77,4.96,2026-08-05T11:14:56Z
-3.64,46.33,20.7,0.0,92,5.46,2026-08-05T11:14:56Z
-3.39,46.33,20.8,0.0,80,5.03,2026-08-05T11:14:56Z
-3.14,46.33,20.8,0.0,69,5.17,2026-08-05T11:14:56Z
-2.89,46.33,20.8,0.0,1,3.61,2026-08-05T11:14:56Z
-2.64,46.33,20.6,0.0,0,4.53,2026-08-05T11:14:56Z
-2.39,46.33,20.6,0.0,78,4.24,2026-08-05T11:14:56Z
-2.14,46.33,21.0,0.0,60,3.49,2026-08-05T11:14:56Z
-1.89,46.33,20.9,0.0,100,3.16,2026-08-05T11:14:56Z
-1.64,46.33,20.5,0.0,21,3.31,2026-08-05T11:14:56Z
-1.39,46.33,21.3,0.0,0,6.21,2026-08-05T11:14:56Z
-1.14,46.33,24.7,0.0,13,5.82,2026-08-05T11:14:56Z
-0.88,46.34,25.8,0.0,49,5.05,2026-08-05T11:14:56Z
-0.64,46.34,26.9,0.0,47,5.14,2026-08-05T11:14:56Z
-0.38,46.34,26.7,0.0,65,4.67,2026-08-05T11:14:56Z
-0.14,46.34,25.7,0.0,67,4.87,2026-08-05T11:14:56Z
0.12,46.34,25.6,0.0,64,5.29,2026-08-05T11:14:56Z
0.36,46.34,25.9,0.0,79,5.35,2026-08-05T11:14:56Z
0.62,46.34,25.8,0.0,79,4.72,2026-08-05T11:14:56Z
0.86,46.34,25.7,0.0,76,5.53,2026-08-05T11:14:56Z
1.12,46.34,25.5,0.0,92,5.82,2026-08-05T11:14:56Z
1.36,46.34,25.1,0.0,92,4.93,2026-08-05T11:14:56Z
1.62,46.34,24.7,0.0,81,5.51,2026-08-05T11:14:56Z
1.86,46.34,25.2,0.0,84,4.88,2026-08-05T11:14:56Z
2.12,46.34,25.8,0.0,61,5.35,2026-08-05T11:14:56Z
2.36,46.34,24.6,0.0,83,5.73,2026-08-05T11:14:56Z
2.62,46.34,26.3,0.0,86,4.51,2026-08-05T11:14:56Z
2.86,46.34,25.7,0.0,75,4.41,2026-08-05T11:14:56Z
3.12,46.34,25.9,0.0,50,4.54,2026-08-05T11:14:56Z
3.36,46.34,28.2,0.0,71,4.02,2026-08-05T11:14:56Z
3.62,46.34,27.6,0.0,78,3.64,2026-08-05T11:14:56Z
3.86,46.34,28.3,0.0,41,3.49,2026-08-05T11:14:56Z
4.12,46.34,28.6,0.0,31,3.77,2026-08-05T11:14:56Z
4.36,46.34,27.5,0.0,14,4.3,2026-08-05T11:14:56Z
4.62,46.34,27.9,0.0,38,3.86,2026-08-05T11:14:56Z
4.86,46.34,30.1,0.0,41,1.58,2026-08-05T11:14:56Z
5.12,46.34,29.4,0.0,37,2.55,2026-08-05T11:14:56Z
5.36,46.34,29.4,0.0,27,3.48,2026-08-05T11:14:56Z
5.62,46.34,27.7,0.0,35,2.67,2026-08-05T11:14:56Z
5.86,46.32,22.8,0.0,45,2.86,2026-08-05T11:14:56Z
6.12,46.34,27.4,0.0,0,1.64,2026-08-05T11:14:56Z
6.36,46.34,26.3,0.0,3,1.21,2026-08-05T11:14:56Z
6.62,46.34,26.0,0.0,0,2.48,2026-08-05T11:14:56Z
6.86,46.34,22.3,0.0,32,2.81,2026-08-05T11:14:56Z
7.1,46.32,19.6,0.0,80,3.05,2026-08-05T11:14:56Z
7.36,46.34,14.5,0.0,77,3.33,2026-08-05T11:14:56Z
7.62,46.34,25.1,0.0,0,2.02,2026-08-05T11:14:56Z
7.86,46.34,20.6,0.0,60,2.94,2026-08-05T11:14:56Z
8.1,46.32,16.1,0.0,89,1.64,2026-08-05T11:14:56Z
8.36,46.34,18.9,0.0,0,3.76,2026-08-05T11:14:56Z
8.62,46.34,30.8,0.0,0,0.4,2026-08-05T11:14:56Z
8.86,46.34,22.6,0.0,14,2.34,2026-08-05T11:14:56Z
9.12,46.34,25.8,0.0,0,2.24,2026-08-05T11:14:56Z
9.36,46.32,28.9,0.0,0,2.15,2026-08-05T11:14:56Z
9.64,46.34,20.4,0.0,0,3.4,2026-08-05T11:14:56Z
-5.14,46.58,20.3,0.0,82,4.19,2026-08-05T11:14:56Z
-4.89,46.58,20.4,0.0,87,4.83,2026-08-05T11:14:56Z
-4.64,46.58,20.3,0.0,81,4.68,2026-08-05T11:14:56Z
-4.39,46.58,20.3,0.0,88,4.46,2026-08-05T11:14:56Z
-4.14,46.58,20.3,0.0,84,4.88,2026-08-05T11:14:56Z
-3.89,46.58,20.3,0.0,52,5.39,2026-08-05T11:14:56Z
-3.64,46.58,20.3,0.0,72,5.66,2026-08-05T11:14:56Z
-3.39,46.58,20.6,0.0,3,5.44,2026-08-05T11:14:56Z
-3.14,46.58,20.6,0.0,80,4.94,2026-08-05T11:14:56Z
-2.89,46.58,20.7,0.0,3,4.7,2026-08-05T11:14:56Z
-2.64,46.58,20.4,0.0,19,3.7,2026-08-05T11:14:56Z
-2.39,46.58,20.2,0.0,0,3.7,2026-08-05T11:14:56Z
-2.14,46.58,19.9,0.0,0,4.05,2026-08-05T11:14:56Z
-1.89,46.58,19.8,0.0,86,3.41,2026-08-05T11:14:56Z
-1.64,46.58,24.1,0.0,27,5.85,2026-08-05T11:14:56Z
-1.39,46.58,25.2,0.0,70,5.4,2026-08-05T11:14:56Z
-1.14,46.58,25.4,0.0,100,4.73,2026-08-05T11:14:56Z
-0.88,46.58,25.0,0.0,41,4.63,2026-08-05T11:14:56Z
-0.64,46.58,25.4,0.0,39,4.74,2026-08-05T11:14:56Z
-0.38,46.58,24.8,0.0,39,4.75,2026-08-05T11:14:56Z
-0.14,46.58,24.7,0.0,55,4.63,2026-08-05T11:14:56Z
0.12,46.58,25.7,0.0,55,5.35,2026-08-05T11:14:56Z
0.36,46.58,25.7,0.0,61,3.83,2026-08-05T11:14:56Z
0.62,46.58,26.2,0.0,75,5.1,2026-08-05T11:14:56Z
0.86,46.58,26.3,0.0,89,4.83,2026-08-05T11:14:56Z
1.12,46.58,26.0,0.0,94,5.07,2026-08-05T11:14:56Z
1.36,46.58,25.7,0.0,86,4.34,2026-08-05T11:14:56Z
1.62,46.58,25.1,0.0,96,5.82,2026-08-05T11:14:56Z
1.86,46.58,25.8,0.0,79,5.32,2026-08-05T11:14:56Z
2.12,46.58,26.3,0.0,91,5.1,2026-08-05T11:14:56Z
2.36,46.58,26.8,0.0,71,5.36,2026-08-05T11:14:56Z
2.62,46.58,26.5,0.0,68,4.62,2026-08-05T11:14:56Z
2.86,46.58,25.6,0.0,59,4.85,2026-08-05T11:14:56Z
3.12,46.58,26.7,0.0,80,4.92,2026-08-05T11:14:56Z
3.36,46.58,27.0,0.0,86,4.01,2026-08-05T11:14:56Z
3.62,46.58,27.8,0.0,61,4.52,2026-08-05T11:14:56Z
3.86,46.58,27.8,0.0,64,3.8,2026-08-05T11:14:56Z
4.12,46.58,27.9,0.0,52,4.52,2026-08-05T11:14:56Z
4.36,46.58,27.6,0.0,47,4.26,2026-08-05T11:14:56Z
4.62,46.58,28.8,0.0,62,4.0,2026-08-05T11:14:56Z
4.86,46.58,29.4,0.0,76,3.3,2026-08-05T11:14:56Z
5.12,46.58,29.9,0.0,71,3.2,2026-08-05T11:14:56Z
5.36,46.58,29.5,0.0,41,0.72,2026-08-05T11:14:56Z
5.62,46.58,27.5,0.0,39,3.61,2026-08-05T11:14:56Z
5.86,46.58,25.8,0.0,66,3.36,2026-08-05T11:14:56Z
6.12,46.6,22.7,0.0,82,3.2,2026-08-05T11:14:56Z
6.36,46.58,25.0,0.0,53,2.48,2026-08-05T11:14:56Z
6.62,46.58,27.0,0.0,2,1.44,2026-08-05T11:14:56Z
6.86,46.58,25.0,0.0,57,2.61,2026-08-05T11:14:56Z
7.14,46.6,22.0,0.0,48,2.33,2026-08-05T11:14:56Z
7.36,46.58,24.1,0.0,46,1.84,2026-08-05T11:14:56Z
7.62,46.58,21.8,0.0,15,3.37,2026-08-05T11:14:56Z
7.86,46.56,15.6,0.0,93,1.9,2026-08-05T11:14:56Z
8.12,46.6,11.2,0.0,85,2.3,2026-08-05T11:14:56Z
8.36,46.6,13.8,0.0,87,3.73,2026-08-05T11:14:56Z
8.62,46.58,13.2,0.0,88,6.61,2026-08-05T11:14:56Z
8.86,46.58,16.0,0.0,77,4.76,2026-08-05T11:14:56Z
9.12,46.58,21.0,0.0,0,4.81,2026-08-05T11:14:56Z
9.36,46.58,21.8,0.0,9,4.4,2026-08-05T11:14:56Z
9.6,46.6,28.3,0.0,5,0.63,2026-08-05T11:14:56Z
-5.14,46.83,20.0,0.0,5,5.08,2026-08-05T11:14:56Z
-4.89,46.83,20.1,0.0,17,5.09,2026-08-05T11:14:56Z
-4.64,46.83,20.1,0.0,0,4.68,2026-08-05T11:14:56Z
-4.39,46.83,20.1,0.0,7,5.14,2026-08-05T11:14:56Z
-4.14,46.83,20.0,0.0,43,4.76,2026-08-05T11:14:56Z
-3.89,46.83,20.1,0.0,99,5.62,2026-08-05T11:14:56Z
-3.64,46.83,20.1,0.0,81,4.61,2026-08-05T11:14:56Z
-3.39,46.83,20.2,0.0,0,5.25,2026-08-05T11:14:56Z
-3.14,46.83,20.1,0.0,80,5.48,2026-08-05T11:14:56Z
-2.89,46.83,20.2,0.0,37,4.61,2026-08-05T11:14:56Z
-2.64,46.83,20.2,0.0,84,3.96,2026-08-05T11:14:56Z
-2.39,46.83,19.8,0.0,17,3.3,2026-08-05T11:14:56Z
-2.14,46.83,21.9,0.0,15,4.66,2026-08-05T11:14:56Z
-1.89,46.83,24.1,0.0,76,5.6,2026-08-05T11:14:56Z
-1.64,46.83,23.9,0.0,92,5.25,2026-08-05T11:14:56Z
-1.39,46.83,24.2,0.0,89,4.2,2026-08-05T11:14:56Z
-1.14,46.83,24.4,0.0,53,4.77,2026-08-05T11:14:56Z
-0.88,46.84,23.4,0.0,66,5.63,2026-08-05T11:14:56Z
-0.64,46.84,24.5,0.0,70,5.3,2026-08-05T11:14:56Z
-0.38,46.84,25.5,0.0,78,4.54,2026-08-05T11:14:56Z
-0.14,46.84,25.6,0.0,66,4.59,2026-08-05T11:14:56Z
0.12,46.84,25.8,0.0,52,5.38,2026-08-05T11:14:56Z
0.36,46.84,25.7,0.0,57,4.55,2026-08-05T11:14:56Z
0.62,46.84,25.8,0.0,47,4.9,2026-08-05T11:14:56Z
0.86,46.84,25.2,0.0,68,4.11,2026-08-05T11:14:56Z
1.12,46.84,25.7,0.0,87,5.91,2026-08-05T11:14:56Z
1.36,46.84,25.9,0.0,70,6.04,2026-08-05T11:14:56Z
1.62,46.84,25.8,0.0,72,5.79,2026-08-05T11:14:56Z
1.86,46.84,25.4,0.0,85,6.02,2026-08-05T11:14:56Z
2.12,46.84,26.7,0.0,70,4.66,2026-08-05T11:14:56Z
2.36,46.84,26.8,0.0,87,6.04,2026-08-05T11:14:56Z
2.62,46.84,27.1,0.0,84,4.78,2026-08-05T11:14:56Z
2.86,46.84,26.5,0.0,84,5.28,2026-08-05T11:14:56Z
3.12,46.84,27.0,0.0,62,4.98,2026-08-05T11:14:56Z
3.36,46.84,26.7,0.0,89,4.68,2026-08-05T11:14:56Z
3.62,46.84,27.2,0.0,53,4.6,2026-08-05T11:14:56Z
3.86,46.84,27.1,0.0,55,4.51,2026-08-05T11:14:56Z
4.12,46.84,27.6,0.0,45,5.3,2026-08-05T11:14:56Z
4.36,46.84,28.3,0.0,17,5.4,2026-08-05T11:14:56Z
4.62,46.84,30.0,0.0,48,4.95,2026-08-05T11:14:56Z
4.86,46.84,29.8,0.0,78,3.83,2026-08-05T11:14:56Z
5.12,46.84,30.2,0.0,46,2.79,2026-08-05T11:14:56Z
5.36,46.84,29.9,0.0,42,2.69,2026-08-05T11:14:56Z
5.62,46.84,28.1,0.0,55,1.0,2026-08-05T11:14:56Z
5.86,46.84,25.2,0.0,58,2.84,2026-08-05T11:14:56Z
6.12,46.84,26.2,0.0,90,3.34,2026-08-05T11:14:56Z
6.36,46.84,23.8,0.0,52,2.55,2026-08-05T11:14:56Z
6.6,46.82,27.3,0.0,68,2.5,2026-08-05T11:14:56Z
6.86,46.84,27.5,0.0,16,1.0,2026-08-05T11:14:56Z
7.12,46.84,26.8,0.0,27,1.63,2026-08-05T11:14:56Z
7.36,46.84,24.4,0.0,57,2.56,2026-08-05T11:14:56Z
7.6,46.82,26.5,0.0,22,2.25,2026-08-05T11:14:56Z
7.86,46.84,24.4,0.0,15,2.14,2026-08-05T11:14:56Z
8.1,46.84,22.5,0.0,17,2.26,2026-08-05T11:14:56Z
8.36,46.84,21.8,0.0,47,2.42,2026-08-05T11:14:56Z
8.6,46.84,19.5,0.0,99,2.2,2026-08-05T11:14:56Z
8.86,46.82,12.8,0.0,92,6.21,2026-08-05T11:14:56Z
9.1,46.82,21.4,0.0,3,2.9,2026-08-05T11:14:56Z
9.36,46.82,28.5,0.0,8,2.06,2026-08-05T11:14:56Z
9.62,46.84,28.7,0.0,0,2.38,2026-08-05T11:14:56Z
-5.14,47.08,19.6,0.0,20,5.17,2026-08-05T11:14:56Z
-4.89,47.08,19.5,0.0,0,4.11,2026-08-05T11:14:56Z
-4.64,47.08,19.5,0.0,86,5.66,2026-08-05T11:14:56Z
-4.39,47.08,19.9,0.0,24,4.83,2026-08-05T11:14:56Z
-4.14,47.08,19.9,0.0,2,5.41,2026-08-05T11:14:56Z
-3.89,47.08,19.9,0.0,15,5.64,2026-08-05T11:14:56Z
-3.64,47.08,19.9,0.0,10,5.91,2026-08-05T11:14:56Z
-3.39,47.08,19.9,0.0,4,5.56,2026-08-05T11:14:56Z
-3.14,47.08,19.9,0.0,0,4.94,2026-08-05T11:14:56Z
-2.89,47.08,19.8,0.0,0,4.95,2026-08-05T11:14:56Z
-2.64,47.08,19.9,0.0,0,5.22,2026-08-05T11:14:56Z
-2.39,47.08,19.5,0.0,1,5.38,2026-08-05T11:14:56Z
-2.14,47.08,19.7,0.0,2,4.62,2026-08-05T11:14:56Z
-1.89,47.08,23.2,0.0,4,6.18,2026-08-05T11:14:56Z
-1.64,47.08,24.0,0.0,37,5.43,2026-08-05T11:14:56Z
-1.39,47.08,24.2,0.0,75,4.7,2026-08-05T11:14:56Z
-1.14,47.08,25.3,0.0,33,5.5,2026-08-05T11:14:56Z
-0.88,47.08,24.2,0.0,94,4.4,2026-08-05T11:14:56Z
-0.64,47.08,24.1,0.0,93,5.32,2026-08-05T11:14:56Z
-0.38,47.08,24.9,0.0,83,5.82,2026-08-05T11:14:56Z
-0.14,47.08,25.4,0.0,89,5.0,2026-08-05T11:14:56Z
0.12,47.08,25.8,0.0,81,5.05,2026-08-05T11:14:56Z
0.36,47.08,25.7,0.0,87,4.9,2026-08-05T11:14:56Z
0.62,47.08,25.8,0.0,58,4.81,2026-08-05T11:14:56Z
0.86,47.08,25.5,0.0,70,5.1,2026-08-05T11:14:56Z
1.12,47.08,25.2,0.0,76,4.94,2026-08-05T11:14:56Z
1.36,47.08,25.0,0.0,68,5.54,2026-08-05T11:14:56Z
1.62,47.08,25.1,0.0,72,5.88,2026-08-05T11:14:56Z
1.86,47.08,25.5,0.0,69,6.99,2026-08-05T11:14:56Z
2.12,47.08,26.1,0.0,71,6.72,2026-08-05T11:14:56Z
2.36,47.08,26.6,0.0,61,5.92,2026-08-05T11:14:56Z
2.62,47.08,26.7,0.0,47,5.98,2026-08-05T11:14:56Z
2.86,47.08,26.7,0.0,78,6.1,2026-08-05T11:14:56Z
3.12,47.08,26.4,0.0,91,5.64,2026-08-05T11:14:56Z
3.36,47.08,25.0,0.0,61,3.89,2026-08-05T11:14:56Z
3.62,47.08,26.5,0.0,70,4.27,2026-08-05T11:14:56Z
3.86,47.08,26.3,0.0,76,5.34,2026-08-05T11:14:56Z
4.12,47.08,25.6,0.0,4,5.02,2026-08-05T11:14:56Z
4.36,47.08,27.9,0.0,57,4.61,2026-08-05T11:14:56Z
4.62,47.08,27.9,0.0,72,4.71,2026-08-05T11:14:56Z
4.86,47.08,29.1,0.0,84,3.8,2026-08-05T11:14:56Z
5.12,47.08,29.6,0.0,53,2.7,2026-08-05T11:14:56Z
5.36,47.08,30.4,0.0,47,3.18,2026-08-05T11:14:56Z
5.62,47.08,30.0,0.0,55,2.14,2026-08-05T11:14:56Z
5.86,47.08,28.4,0.0,65,2.16,2026-08-05T11:14:56Z
6.12,47.08,25.9,0.0,54,2.22,2026-08-05T11:14:56Z
6.36,47.08,23.0,0.0,67,2.34,2026-08-05T11:14:56Z
6.6,47.08,22.3,0.0,98,2.94,2026-08-05T11:14:56Z
6.86,47.08,22.7,0.0,55,2.91,2026-08-05T11:14:56Z
7.1,47.1,24.5,0.0,49,2.2,2026-08-05T11:14:56Z
7.36,47.08,26.2,0.0,0,1.66,2026-08-05T11:14:56Z
7.62,47.08,26.9,0.0,57,1.6,2026-08-05T11:14:56Z
7.86,47.08,25.5,0.0,22,3.11,2026-08-05T11:14:56Z
8.12,47.08,28.2,0.0,1,4.2,2026-08-05T11:14:56Z
8.36,47.08,28.4,0.0,3,2.66,2026-08-05T11:14:56Z
8.62,47.08,26.0,0.0,10,1.7,2026-08-05T11:14:56Z
8.86,47.08,23.7,0.0,40,3.18,2026-08-05T11:14:56Z
9.12,47.08,22.8,0.0,5,3.32,2026-08-05T11:14:56Z
9.36,47.08,30.9,0.0,1,3.82,2026-08-05T11:14:56Z
9.6,47.06,17.1,0.0,75,2.56,2026-08-05T11:14:56Z
-5.14,47.33,19.4,0.0,61,4.62,2026-08-05T11:14:56Z
-4.89,47.33,19.4,0.0,0,5.38,2026-08-05T11:14:56Z
-4.64,47.33,19.4,0.0,86,5.66,2026-08-05T11:14:56Z
-4.39,47.33,19.7,0.0,87,4.81,2026-08-05T11:14:56Z
-4.14,47.33,19.6,0.0,23,5.77,2026-08-05T11:14:56Z
-3.89,47.33,19.6,0.0,0,5.9,2026-08-05T11:14:56Z
-3.64,47.33,19.5,0.0,0,5.98,2026-08-05T11:14:56Z
-3.39,47.33,19.5,0.0,37,5.92,2026-08-05T11:14:56Z
-3.14,47.33,22.4,0.0,10,5.58,2026-08-05T11:14:56Z
-2.88,47.34,20.9,0.0,65,5.68,2026-08-05T11:14:56Z
-2.64,47.33,19.6,0.0,1,5.8,2026-08-05T11:14:56Z
-2.39,47.33,22.4,0.0,35,6.22,2026-08-05T11:14:56Z
-2.14,47.33,24.1,0.0,50,5.52,2026-08-05T11:14:56Z
-1.89,47.33,23.9,0.0,48,5.99,2026-08-05T11:14:56Z
-1.64,47.33,24.1,0.0,26,5.19,2026-08-05T11:14:56Z
-1.39,47.33,24.2,0.0,52,5.0,2026-08-05T11:14:56Z
-1.14,47.34,24.7,0.0,60,5.31,2026-08-05T11:14:56Z
-0.88,47.34,24.4,0.0,74,5.3,2026-08-05T11:14:56Z
-0.64,47.34,24.8,0.0,80,5.32,2026-08-05T11:14:56Z
-0.38,47.34,24.8,0.0,77,5.54,2026-08-05T11:14:56Z
-0.14,47.34,25.3,0.0,88,5.2,2026-08-05T11:14:56Z
0.12,47.34,25.3,0.0,62,4.06,2026-08-05T11:14:56Z
0.36,47.34,25.1,0.0,86,4.16,2026-08-05T11:14:56Z
0.62,47.34,25.5,0.0,87,4.98,2026-08-05T11:14:56Z
0.86,47.34,25.9,0.0,83,5.06,2026-08-05T11:14:56Z
1.12,47.34,25.8,0.0,64,5.41,2026-08-05T11:14:56Z
1.36,47.34,25.6,0.0,56,4.9,2026-08-05T11:14:56Z
1.62,47.34,25.8,0.0,66,4.52,2026-08-05T11:14:56Z
1.86,47.34,26.1,0.0,69,4.88,2026-08-05T11:14:56Z
2.12,47.34,25.6,0.0,62,5.0,2026-08-05T11:14:56Z
2.36,47.34,25.4,0.0,88,5.2,2026-08-05T11:14:56Z
2.62,47.34,25.1,0.0,87,6.52,2026-08-05T11:14:56Z
2.86,47.34,26.7,0.0,39,5.91,2026-08-05T11:14:56Z
3.12,47.34,26.2,0.0,90,5.82,2026-08-05T11:14:56Z
3.36,47.34,25.6,0.0,79,5.33,2026-08-05T11:14:56Z
3.62,47.34,26.4,0.0,71,5.2,2026-08-05T11:14:56Z
3.86,47.34,25.2,0.0,66,4.98,2026-08-05T11:14:56Z
4.12,47.34,25.0,0.0,69,4.12,2026-08-05T11:14:56Z
4.36,47.34,27.3,0.0,42,5.17,2026-08-05T11:14:56Z
4.62,47.34,26.6,0.0,71,5.06,2026-08-05T11:14:56Z
4.86,47.34,28.9,0.0,70,4.18,2026-08-05T11:14:56Z
5.12,47.34,29.5,0.0,88,3.45,2026-08-05T11:14:56Z
5.36,47.34,30.1,0.0,44,3.32,2026-08-05T11:14:56Z
5.62,47.34,29.6,0.0,84,3.32,2026-08-05T11:14:56Z
5.86,47.34,30.4,0.0,68,2.95,2026-08-05T11:14:56Z
6.12,47.32,26.8,0.0,68,2.45,2026-08-05T11:14:56Z
6.36,47.34,28.1,0.0,69,2.61,2026-08-05T11:14:56Z
6.62,47.34,25.3,0.0,39,3.2,2026-08-05T11:14:56Z
6.86,47.34,26.4,0.0,51,3.28,2026-08-05T11:14:56Z
7.12,47.34,26.4,0.0,32,2.89,2026-08-05T11:14:56Z
7.36,47.34,29.2,0.0,0,2.62,2026-08-05T11:14:56Z
7.62,47.34,24.0,0.0,63,1.26,2026-08-05T11:14:56Z
7.86,47.34,28.6,0.0,51,2.8,2026-08-05T11:14:56Z
8.12,47.34,29.1,0.0,49,2.5,2026-08-05T11:14:56Z
8.36,47.34,30.6,0.0,18,2.5,2026-08-05T11:14:56Z
8.62,47.34,28.7,0.0,1,2.7,2026-08-05T11:14:56Z
8.86,47.34,27.8,0.0,0,2.51,2026-08-05T11:14:56Z
9.12,47.32,26.4,0.0,23,2.69,2026-08-05T11:14:56Z
9.36,47.34,27.1,0.0,83,2.62,2026-08-05T11:14:56Z
9.62,47.34,30.0,0.0,1,3.84,2026-08-05T11:14:56Z
-5.14,47.58,19.3,0.0,67,5.46,2026-08-05T11:14:56Z
-4.89,47.58,19.0,0.0,16,3.83,2026-08-05T11:14:56Z
-4.64,47.58,19.2,0.0,80,5.48,2026-08-05T11:14:56Z
-4.39,47.58,19.2,0.0,100,5.25,2026-08-05T11:14:56Z
-4.14,47.58,19.0,0.0,59,5.03,2026-08-05T11:14:56Z
-3.89,47.58,18.8,0.0,0,6.57,2026-08-05T11:14:56Z
-3.64,47.58,18.8,0.0,3,7.1,2026-08-05T11:14:56Z
-3.39,47.58,18.7,0.0,0,7.41,2026-08-05T11:14:56Z
-3.14,47.58,20.5,0.0,0,7.27,2026-08-05T11:14:56Z
-2.89,47.58,21.9,0.0,14,5.46,2026-08-05T11:14:56Z
-2.64,47.58,22.3,0.0,88,4.39,2026-08-05T11:14:56Z
-2.39,47.58,22.8,0.0,96,5.0,2026-08-05T11:14:56Z
-2.14,47.58,23.9,0.0,72,3.81,2026-08-05T11:14:56Z
-1.89,47.58,24.4,0.0,85,3.73,2026-08-05T11:14:56Z
-1.64,47.58,24.4,0.0,77,4.15,2026-08-05T11:14:56Z
-1.39,47.58,22.4,0.0,5,2.01,2026-08-05T11:14:56Z
-1.14,47.58,25.4,0.0,73,5.64,2026-08-05T11:14:56Z
-0.88,47.58,25.3,0.0,59,5.74,2026-08-05T11:14:56Z
-0.64,47.58,25.7,0.0,57,5.23,2026-08-05T11:14:56Z
-0.38,47.58,24.8,0.0,88,5.35,2026-08-05T11:14:56Z
-0.14,47.58,24.7,0.0,90,4.98,2026-08-05T11:14:56Z
0.12,47.58,25.3,0.0,82,4.88,2026-08-05T11:14:56Z
0.36,47.58,25.6,0.0,64,5.82,2026-08-05T11:14:56Z
0.62,47.58,25.5,0.0,67,5.12,2026-08-05T11:14:56Z
0.86,47.58,24.9,0.0,78,5.39,2026-08-05T11:14:56Z
1.12,47.58,24.7,0.0,86,5.92,2026-08-05T11:14:56Z
1.36,47.58,25.4,0.0,82,4.71,2026-08-05T11:14:56Z
1.62,47.58,25.3,0.0,92,4.55,2026-08-05T11:14:56Z
1.86,47.58,25.7,0.0,88,5.07,2026-08-05T11:14:56Z
2.12,47.58,25.7,0.0,85,5.22,2026-08-05T11:14:56Z
2.36,47.58,25.8,0.0,61,5.99,2026-08-05T11:14:56Z
2.62,47.58,25.4,0.0,81,5.41,2026-08-05T11:14:56Z
2.86,47.58,26.2,0.0,89,5.77,2026-08-05T11:14:56Z
3.12,47.58,26.0,0.0,60,4.47,2026-08-05T11:14:56Z
3.36,47.58,26.7,0.0,69,5.5,2026-08-05T11:14:56Z
3.62,47.58,26.8,0.0,56,5.58,2026-08-05T11:14:56Z
3.86,47.58,26.2,0.0,95,5.44,2026-08-05T11:14:56Z
4.12,47.58,26.5,0.0,68,5.72,2026-08-05T11:14:56Z
4.36,47.58,26.2,0.0,60,5.48,2026-08-05T11:14:56Z
4.62,47.58,26.7,0.0,86,4.52,2026-08-05T11:14:56Z
4.86,47.58,26.1,0.0,84,4.92,2026-08-05T11:14:56Z
5.12,47.58,28.0,0.0,50,2.73,2026-08-05T11:14:56Z
5.36,47.58,28.9,0.0,53,3.59,2026-08-05T11:14:56Z
5.62,47.58,29.9,0.0,76,3.52,2026-08-05T11:14:56Z
5.86,47.58,29.5,0.0,72,3.79,2026-08-05T11:14:56Z
6.12,47.58,28.4,0.0,69,3.61,2026-08-05T11:14:56Z
6.36,47.58,28.8,0.0,78,3.01,2026-08-05T11:14:56Z
6.62,47.58,26.4,0.0,61,3.09,2026-08-05T11:14:56Z
6.86,47.58,28.6,0.0,20,3.55,2026-08-05T11:14:56Z
7.12,47.58,28.7,0.0,24,4.1,2026-08-05T11:14:56Z
7.36,47.58,29.5,0.0,12,4.61,2026-08-05T11:14:56Z
7.62,47.58,30.5,0.0,8,2.69,2026-08-05T11:14:56Z
7.86,47.58,29.9,0.0,2,2.88,2026-08-05T11:14:56Z
8.12,47.58,30.5,0.0,70,3.61,2026-08-05T11:14:56Z
8.36,47.58,29.3,0.0,6,3.83,2026-08-05T11:14:56Z
8.62,47.58,30.8,0.0,69,3.23,2026-08-05T11:14:56Z
8.86,47.58,31.0,0.0,0,3.48,2026-08-05T11:14:56Z
9.12,47.58,28.4,0.0,0,3.34,2026-08-05T11:14:56Z
9.36,47.58,30.9,0.0,2,1.84,2026-08-05T11:14:56Z
9.62,47.58,29.9,0.0,0,2.69,2026-08-05T11:14:56Z
-5.14,47.83,19.0,0.0,15,5.05,2026-08-05T11:14:56Z
-4.89,47.83,18.9,0.0,0,4.79,2026-08-05T11:14:56Z
-4.64,47.83,18.7,0.0,0,4.88,2026-08-05T11:14:56Z
-4.39,47.83,18.5,0.0,0,5.02,2026-08-05T11:14:56Z
-4.14,47.83,20.5,0.0,4,6.9,2026-08-05T11:14:56Z
-3.89,47.83,21.0,0.0,85,5.66,2026-08-05T11:14:56Z
-3.64,47.83,23.0,0.0,100,4.89,2026-08-05T11:14:56Z
-3.39,47.83,22.6,0.0,99,4.47,2026-08-05T11:14:56Z
-3.14,47.83,23.8,0.0,86,3.42,2026-08-05T11:14:56Z
-2.89,47.83,22.5,0.0,100,3.07,2026-08-05T11:14:56Z
-2.64,47.83,21.9,0.0,91,2.62,2026-08-05T11:14:56Z
-2.39,47.83,24.2,0.0,100,4.27,2026-08-05T11:14:56Z
-2.14,47.83,23.7,0.0,33,3.24,2026-08-05T11:14:56Z
-1.89,47.83,23.8,0.0,20,5.52,2026-08-05T11:14:56Z
-1.64,47.83,23.4,0.0,12,3.7,2026-08-05T11:14:56Z
-1.39,47.83,24.0,0.0,86,4.03,2026-08-05T11:14:56Z
-1.14,47.84,25.1,0.0,13,6.11,2026-08-05T11:14:56Z
-0.88,47.84,25.8,0.0,34,6.13,2026-08-05T11:14:56Z
-0.64,47.84,25.6,0.0,53,6.0,2026-08-05T11:14:56Z
-0.38,47.84,25.7,0.0,58,5.53,2026-08-05T11:14:56Z
-0.14,47.84,25.2,0.0,68,4.66,2026-08-05T11:14:56Z
0.12,47.84,25.2,0.0,77,5.26,2026-08-05T11:14:56Z
0.36,47.84,24.3,0.0,76,4.69,2026-08-05T11:14:56Z
0.62,47.84,24.6,0.0,84,5.17,2026-08-05T11:14:56Z
0.86,47.84,24.8,0.0,75,5.95,2026-08-05T11:14:56Z
1.12,47.84,25.2,0.0,91,5.76,2026-08-05T11:14:56Z
1.36,47.84,24.8,0.0,75,6.02,2026-08-05T11:14:56Z
1.62,47.84,25.7,0.0,79,6.56,2026-08-05T11:14:56Z
1.86,47.84,25.4,0.0,62,4.97,2026-08-05T11:14:56Z
2.12,47.84,25.8,0.0,70,6.58,2026-08-05T11:14:56Z
2.36,47.84,25.8,0.0,75,6.48,2026-08-05T11:14:56Z
2.62,47.84,26.2,0.0,67,5.19,2026-08-05T11:14:56Z
2.86,47.84,26.6,0.0,58,6.53,2026-08-05T11:14:56Z
3.12,47.84,26.3,0.0,51,6.13,2026-08-05T11:14:56Z
3.36,47.84,26.7,0.0,87,5.39,2026-08-05T11:14:56Z
3.62,47.84,26.3,0.0,54,5.68,2026-08-05T11:14:56Z
3.86,47.84,26.5,0.0,71,5.84,2026-08-05T11:14:56Z
4.12,47.84,26.7,0.0,88,6.18,2026-08-05T11:14:56Z
4.36,47.84,27.5,0.0,67,5.41,2026-08-05T11:14:56Z
4.62,47.84,27.3,0.0,69,4.68,2026-08-05T11:14:56Z
4.86,47.84,27.4,0.0,34,4.27,2026-08-05T11:14:56Z
5.12,47.84,26.8,0.0,67,4.85,2026-08-05T11:14:56Z
5.36,47.84,27.0,0.0,59,4.0,2026-08-05T11:14:56Z
5.62,47.84,27.9,0.0,81,3.74,2026-08-05T11:14:56Z
5.86,47.84,28.9,0.0,63,3.57,2026-08-05T11:14:56Z
6.12,47.84,28.0,0.0,70,3.24,2026-08-05T11:14:56Z
6.36,47.84,28.8,0.0,70,3.01,2026-08-05T11:14:56Z
6.62,47.84,26.2,0.0,59,2.66,2026-08-05T11:14:56Z
6.86,47.84,23.9,0.0,60,3.81,2026-08-05T11:14:56Z
7.12,47.84,28.5,0.0,56,4.04,2026-08-05T11:14:56Z
7.36,47.84,31.5,0.0,18,5.22,2026-08-05T11:14:56Z
7.62,47.84,31.6,0.0,47,3.04,2026-08-05T11:14:56Z
7.86,47.82,23.0,0.0,88,3.21,2026-08-05T11:14:56Z
8.12,47.84,25.2,0.0,48,3.16,2026-08-05T11:14:56Z
8.36,47.84,27.0,0.0,71,1.33,2026-08-05T11:14:56Z
8.62,47.84,27.3,0.0,39,2.69,2026-08-05T11:14:56Z
8.86,47.84,30.4,0.0,14,3.5,2026-08-05T11:14:56Z
9.12,47.82,28.5,0.0,1,2.58,2026-08-05T11:14:56Z
9.36,47.84,28.2,0.0,26,2.73,2026-08-05T11:14:56Z
9.62,47.84,30.9,0.0,0,2.88,2026-08-05T11:14:56Z
-5.14,48.08,18.9,0.0,0,5.69,2026-08-05T11:14:56Z
-4.89,48.08,18.5,0.0,0,4.53,2026-08-05T11:14:56Z
-4.64,48.08,18.3,0.0,24,4.83,2026-08-05T11:14:56Z
-4.39,48.08,20.7,0.0,55,5.75,2026-08-05T11:14:56Z
-4.14,48.08,20.8,0.0,8,6.01,2026-08-05T11:14:56Z
-3.89,48.08,21.8,0.0,23,4.88,2026-08-05T11:14:56Z
-3.64,48.08,19.6,0.1,97,3.34,2026-08-05T11:14:56Z
-3.39,48.08,22.0,0.0,67,4.31,2026-08-05T11:14:56Z
-3.14,48.08,23.0,0.0,89,4.6,2026-08-05T11:14:56Z
-2.89,48.08,23.0,0.0,100,3.83,2026-08-05T11:14:56Z
-2.64,48.08,23.2,0.0,58,3.69,2026-08-05T11:14:56Z
-2.39,48.08,23.8,0.0,56,3.88,2026-08-05T11:14:56Z
-2.14,48.08,23.1,0.0,99,3.31,2026-08-05T11:14:56Z
-1.89,48.08,23.1,0.0,99,3.67,2026-08-05T11:14:56Z
-1.64,48.08,24.2,0.0,100,3.69,2026-08-05T11:14:56Z
-1.39,48.08,22.2,0.0,67,4.39,2026-08-05T11:14:56Z
-1.14,48.08,24.3,0.0,64,5.63,2026-08-05T11:14:56Z
-0.88,48.08,24.5,0.0,51,5.7,2026-08-05T11:14:56Z
-0.64,48.08,24.9,0.0,68,5.64,2026-08-05T11:14:56Z
-0.38,48.08,25.2,0.0,60,5.85,2026-08-05T11:14:56Z
-0.14,48.08,25.1,0.0,59,5.32,2026-08-05T11:14:56Z
0.12,48.08,24.7,0.0,83,5.44,2026-08-05T11:14:56Z
0.36,48.08,24.6,0.0,87,5.99,2026-08-05T11:14:56Z
0.62,48.08,24.5,0.0,80,5.41,2026-08-05T11:14:56Z
0.86,48.08,23.9,0.0,89,5.69,2026-08-05T11:14:56Z
1.12,48.08,24.7,0.0,78,5.85,2026-08-05T11:14:56Z
1.36,48.08,25.2,0.0,52,5.2,2026-08-05T11:14:56Z
1.62,48.08,24.5,0.0,86,6.94,2026-08-05T11:14:56Z
1.86,48.08,25.5,0.0,76,6.45,2026-08-05T11:14:56Z
2.12,48.08,25.8,0.0,81,6.89,2026-08-05T11:14:56Z
2.36,48.08,25.9,0.0,96,6.67,2026-08-05T11:14:56Z
2.62,48.08,26.2,0.0,61,6.36,2026-08-05T11:14:56Z
2.86,48.08,26.1,0.0,66,6.48,2026-08-05T11:14:56Z
3.12,48.08,25.7,0.0,63,5.64,2026-08-05T11:14:56Z
3.36,48.08,25.4,0.0,75,5.59,2026-08-05T11:14:56Z
3.62,48.08,25.2,0.0,88,5.51,2026-08-05T11:14:56Z
3.86,48.08,26.2,0.0,64,5.66,2026-08-05T11:14:56Z
4.12,48.08,26.7,0.0,81,5.61,2026-08-05T11:14:56Z
4.36,48.08,26.8,0.0,65,5.95,2026-08-05T11:14:56Z
4.62,48.08,27.0,0.0,67,5.41,2026-08-05T11:14:56Z
4.86,48.08,26.8,0.0,74,4.96,2026-08-05T11:14:56Z
5.12,48.08,26.7,0.0,56,4.68,2026-08-05T11:14:56Z
5.36,48.08,26.8,0.0,59,4.87,2026-08-05T11:14:56Z
5.62,48.08,27.9,0.0,57,4.84,2026-08-05T11:14:56Z
5.86,48.08,26.8,0.0,83,3.89,2026-08-05T11:14:56Z
6.12,48.08,28.2,0.0,57,3.76,2026-08-05T11:14:56Z
6.36,48.08,28.2,0.0,65,3.86,2026-08-05T11:14:56Z
6.62,48.08,27.9,0.0,58,2.95,2026-08-05T11:14:56Z
6.86,48.08,24.7,0.0,70,3.53,2026-08-05T11:14:56Z
7.12,48.08,27.0,0.0,43,3.26,2026-08-05T11:14:56Z
7.36,48.08,31.7,0.0,42,2.22,2026-08-05T11:14:56Z
7.62,48.08,32.0,0.0,37,2.06,2026-08-05T11:14:56Z
7.86,48.08,31.9,0.0,51,2.53,2026-08-05T11:14:56Z
8.1,48.08,29.1,0.0,43,2.8,2026-08-05T11:14:56Z
8.36,48.08,26.2,0.0,75,2.11,2026-08-05T11:14:56Z
8.62,48.08,28.0,0.0,69,3.75,2026-08-05T11:14:56Z
8.86,48.08,26.4,0.0,83,2.7,2026-08-05T11:14:56Z
9.12,48.08,29.9,0.0,53,2.28,2026-08-05T11:14:56Z
9.36,48.08,29.9,0.0,37,2.87,2026-08-05T11:14:56Z
9.62,48.08,29.2,0.0,58,2.08,2026-08-05T11:14:56Z
-5.14,48.33,18.5,0.0,0,4.4,2026-08-05T11:14:56Z
-4.89,48.33,18.1,0.0,0,4.15,2026-08-05T11:14:56Z
-4.64,48.33,19.4,0.0,16,6.48,2026-08-05T11:14:56Z
-4.39,48.33,21.7,0.0,73,6.7,2026-08-05T11:14:56Z
-4.14,48.33,21.2,0.0,100,4.61,2026-08-05T11:14:56Z
-3.89,48.33,20.0,0.0,83,4.27,2026-08-05T11:14:56Z
-3.64,48.33,21.0,0.0,96,5.16,2026-08-05T11:14:56Z
-3.39,48.33,21.0,0.0,81,5.02,2026-08-05T11:14:56Z
-3.14,48.33,19.9,0.0,22,3.28,2026-08-05T11:14:56Z
-2.89,48.33,20.9,0.0,70,5.5,2026-08-05T11:14:56Z
-2.64,48.33,22.1,0.0,83,3.6,2026-08-05T11:14:56Z
-2.39,48.33,23.3,0.0,100,3.57,2026-08-05T11:14:56Z
-2.14,48.33,24.1,0.0,21,3.91,2026-08-05T11:14:56Z
-1.89,48.33,23.5,0.0,44,2.96,2026-08-05T11:14:56Z
-1.64,48.33,23.6,0.0,98,2.66,2026-08-05T11:14:56Z
-1.38,48.34,24.4,0.0,76,5.08,2026-08-05T11:14:56Z
-1.14,48.34,24.9,0.0,58,5.15,2026-08-05T11:14:56Z
-0.88,48.34,23.5,0.0,47,5.51,2026-08-05T11:14:56Z
-0.64,48.34,24.2,0.0,85,5.4,2026-08-05T11:14:56Z
-0.38,48.34,23.5,0.0,95,6.4,2026-08-05T11:14:56Z
-0.14,48.34,24.1,0.0,89,5.71,2026-08-05T11:14:56Z
0.12,48.34,25.0,0.0,51,5.12,2026-08-05T11:14:56Z
0.36,48.34,24.7,0.0,84,5.48,2026-08-05T11:14:56Z
0.62,48.34,23.8,0.0,86,5.12,2026-08-05T11:14:56Z
0.86,48.34,23.9,0.0,96,5.82,2026-08-05T11:14:56Z
1.12,48.34,23.5,0.0,62,5.39,2026-08-05T11:14:56Z
1.36,48.34,24.7,0.0,71,5.5,2026-08-05T11:14:56Z
1.62,48.34,24.5,0.0,92,5.79,2026-08-05T11:14:56Z
1.86,48.34,25.0,0.0,94,7.0,2026-08-05T11:14:56Z
2.12,48.34,25.8,0.0,77,6.67,2026-08-05T11:14:56Z
2.36,48.34,26.0,0.0,68,5.94,2026-08-05T11:14:56Z
2.62,48.34,26.1,0.0,68,7.21,2026-08-05T11:14:56Z
2.86,48.34,26.4,0.0,67,6.04,2026-08-05T11:14:56Z
3.12,48.34,27.0,0.0,48,6.0,2026-08-05T11:14:56Z
3.36,48.34,25.5,0.0,82,6.8,2026-08-05T11:14:56Z
3.62,48.34,25.5,0.0,75,6.38,2026-08-05T11:14:56Z
3.86,48.34,25.5,0.0,81,6.3,2026-08-05T11:14:56Z
4.12,48.34,26.3,0.0,81,6.26,2026-08-05T11:14:56Z
4.36,48.34,27.6,0.0,80,5.77,2026-08-05T11:14:56Z
4.62,48.34,28.0,0.0,80,4.25,2026-08-05T11:14:56Z
4.86,48.34,26.9,0.0,66,5.02,2026-08-05T11:14:56Z
5.12,48.34,27.5,0.0,76,5.41,2026-08-05T11:14:56Z
5.36,48.34,26.7,0.0,65,5.39,2026-08-05T11:14:56Z
5.62,48.34,27.6,0.0,72,4.61,2026-08-05T11:14:56Z
5.86,48.34,28.3,0.0,77,4.85,2026-08-05T11:14:56Z
6.12,48.34,29.4,0.0,72,4.65,2026-08-05T11:14:56Z
6.36,48.34,28.9,0.0,39,4.22,2026-08-05T11:14:56Z
6.62,48.34,29.1,0.0,62,3.94,2026-08-05T11:14:56Z
6.86,48.34,28.5,0.0,78,3.48,2026-08-05T11:14:56Z
7.12,48.34,28.1,0.0,53,3.58,2026-08-05T11:14:56Z
7.36,48.34,30.3,0.0,79,4.3,2026-08-05T11:14:56Z
7.62,48.34,31.4,0.0,41,3.31,2026-08-05T11:14:56Z
7.86,48.34,31.4,0.0,63,2.6,2026-08-05T11:14:56Z
8.12,48.34,27.3,0.0,55,3.2,2026-08-05T11:14:56Z
8.36,48.32,29.2,0.0,43,2.79,2026-08-05T11:14:56Z
8.62,48.34,29.8,0.0,28,3.71,2026-08-05T11:14:56Z
8.86,48.34,29.4,0.0,64,4.0,2026-08-05T11:14:56Z
9.12,48.34,27.5,0.0,31,3.5,2026-08-05T11:14:56Z
9.36,48.34,27.5,0.0,53,2.65,2026-08-05T11:14:56Z
9.62,48.34,27.3,0.0,66,2.22,2026-08-05T11:14:56Z
-5.14,48.58,18.2,0.0,0,4.24,2026-08-05T11:14:56Z
-4.89,48.58,18.0,0.0,0,3.71,2026-08-05T11:14:56Z
-4.64,48.58,19.8,0.0,0,4.44,2026-08-05T11:14:56Z
-4.39,48.58,20.8,0.0,97,5.88,2026-08-05T11:14:56Z
-4.14,48.58,21.4,0.0,66,5.83,2026-08-05T11:14:56Z
-3.89,48.58,21.4,0.0,98,5.14,2026-08-05T11:14:56Z
-3.64,48.58,21.2,0.0,100,4.91,2026-08-05T11:14:56Z
-3.39,48.58,20.5,0.0,100,5.02,2026-08-05T11:14:56Z
-3.14,48.58,21.1,0.0,89,4.3,2026-08-05T11:14:56Z
-2.89,48.58,22.3,0.0,80,6.51,2026-08-05T11:14:56Z
-2.64,48.58,19.7,0.0,100,6.51,2026-08-05T11:14:56Z
-2.39,48.58,22.3,0.0,80,6.08,2026-08-05T11:14:56Z
-2.14,48.58,22.0,0.0,100,7.2,2026-08-05T11:14:56Z
-1.89,48.58,22.3,0.0,100,6.14,2026-08-05T11:14:56Z
-1.64,48.58,22.3,0.0,99,6.22,2026-08-05T11:14:56Z
-1.38,48.58,22.8,0.0,60,5.99,2026-08-05T11:14:56Z
-1.14,48.58,22.9,0.0,58,5.98,2026-08-05T11:14:56Z
-0.88,48.58,23.0,0.0,58,6.06,2026-08-05T11:14:56Z
-0.64,48.58,22.8,0.0,67,6.15,2026-08-05T11:14:56Z
-0.38,48.58,22.4,0.0,80,5.1,2026-08-05T11:14:56Z
-0.14,48.58,22.2,0.0,86,5.53,2026-08-05T11:14:56Z
0.12,48.58,22.6,0.0,94,4.67,2026-08-05T11:14:56Z
0.36,48.58,23.8,0.0,64,5.43,2026-08-05T11:14:56Z
0.62,48.58,23.2,0.0,55,5.6,2026-08-05T11:14:56Z
0.86,48.58,23.1,0.0,62,4.97,2026-08-05T11:14:56Z
1.12,48.58,23.6,0.0,95,5.1,2026-08-05T11:14:56Z
1.36,48.58,24.5,0.0,63,5.66,2026-08-05T11:14:56Z
1.62,48.58,25.4,0.0,95,5.95,2026-08-05T11:14:56Z
1.86,48.58,24.7,0.0,79,7.03,2026-08-05T11:14:56Z
2.12,48.58,26.2,0.0,81,6.26,2026-08-05T11:14:56Z
2.36,48.58,26.5,0.0,63,7.03,2026-08-05T11:14:56Z
2.62,48.58,26.2,0.0,59,6.47,2026-08-05T11:14:56Z
2.86,48.58,25.8,0.0,76,6.58,2026-08-05T11:14:56Z
3.12,48.58,25.1,0.0,91,7.1,2026-08-05T11:14:56Z
3.36,48.58,25.4,0.0,87,6.53,2026-08-05T11:14:56Z
3.62,48.58,25.6,0.0,68,6.13,2026-08-05T11:14:56Z
3.86,48.58,26.3,0.0,68,6.6,2026-08-05T11:14:56Z
4.12,48.58,25.9,0.0,89,6.8,2026-08-05T11:14:56Z
4.36,48.58,26.3,0.0,94,6.66,2026-08-05T11:14:56Z
4.62,48.58,27.4,0.0,46,6.4,2026-08-05T11:14:56Z
4.86,48.58,27.8,0.0,82,5.87,2026-08-05T11:14:56Z
5.12,48.58,27.0,0.0,85,4.62,2026-08-05T11:14:56Z
5.36,48.58,26.7,0.0,61,5.5,2026-08-05T11:14:56Z
5.62,48.58,27.1,0.0,78,5.03,2026-08-05T11:14:56Z
5.86,48.58,29.3,0.0,45,5.33,2026-08-05T11:14:56Z
6.12,48.58,29.2,0.0,78,4.79,2026-08-05T11:14:56Z
6.36,48.58,29.4,0.0,78,3.71,2026-08-05T11:14:56Z
6.62,48.58,29.5,0.0,68,4.03,2026-08-05T11:14:56Z
6.86,48.58,28.9,0.0,78,3.85,2026-08-05T11:14:56Z
7.12,48.58,28.4,0.0,66,3.55,2026-08-05T11:14:56Z
7.36,48.58,29.4,0.0,58,3.91,2026-08-05T11:14:56Z
7.62,48.58,31.0,0.0,70,2.69,2026-08-05T11:14:56Z
7.86,48.58,31.5,0.0,38,2.62,2026-08-05T11:14:56Z
8.12,48.58,29.6,0.0,21,2.53,2026-08-05T11:14:56Z
8.36,48.58,26.6,0.0,64,2.5,2026-08-05T11:14:56Z
8.62,48.58,28.9,0.0,73,2.61,2026-08-05T11:14:56Z
8.86,48.58,30.5,0.0,64,2.31,2026-08-05T11:14:56Z
9.12,48.58,30.0,0.0,84,2.38,2026-08-05T11:14:56Z
9.36,48.58,30.5,0.0,28,1.61,2026-08-05T11:14:56Z
9.62,48.58,27.4,0.0,54,2.12,2026-08-05T11:14:56Z
-5.14,48.83,18.8,0.0,0,6.46,2026-08-05T11:14:56Z
-4.89,48.83,18.7,0.0,0,4.98,2026-08-05T11:14:56Z
-4.64,48.83,18.6,0.0,0,4.52,2026-08-05T11:14:56Z
-4.39,48.83,18.5,0.0,14,4.81,2026-08-05T11:14:56Z
-4.14,48.83,18.3,0.0,84,4.77,2026-08-05T11:14:56Z
-3.89,48.83,18.0,0.0,93,4.65,2026-08-05T11:14:56Z
-3.64,48.83,18.6,0.0,40,6.57,2026-08-05T11:14:56Z
-3.38,48.83,19.9,0.0,25,6.3,2026-08-05T11:14:56Z
-3.14,48.83,21.1,0.0,93,6.98,2026-08-05T11:14:56Z
-2.89,48.83,19.3,0.0,2,8.15,2026-08-05T11:14:56Z
-2.64,48.83,18.9,0.0,0,7.92,2026-08-05T11:14:56Z
-2.39,48.83,18.9,0.0,2,7.97,2026-08-05T11:14:56Z
-2.14,48.83,18.9,0.0,8,7.95,2026-08-05T11:14:56Z
-1.89,48.83,19.1,0.0,0,7.78,2026-08-05T11:14:56Z
-1.64,48.83,19.4,0.0,21,8.05,2026-08-05T11:14:56Z
-1.38,48.84,20.6,0.0,67,6.95,2026-08-05T11:14:56Z
-1.14,48.84,21.2,0.0,66,7.42,2026-08-05T11:14:56Z
-0.88,48.84,21.2,0.0,55,5.11,2026-08-05T11:14:56Z
-0.64,48.84,22.5,0.0,70,6.51,2026-08-05T11:14:56Z
-0.38,48.84,24.0,0.0,39,6.2,2026-08-05T11:14:56Z
-0.14,48.84,22.6,0.0,82,5.22,2026-08-05T11:14:56Z
0.12,48.84,24.6,0.0,67,5.73,2026-08-05T11:14:56Z
0.36,48.84,22.8,0.0,88,5.38,2026-08-05T11:14:56Z
0.62,48.84,22.8,0.0,96,5.14,2026-08-05T11:14:56Z
0.86,48.84,23.6,0.0,95,4.41,2026-08-05T11:14:56Z
1.12,48.84,23.4,0.0,90,5.0,2026-08-05T11:14:56Z
1.36,48.84,25.1,0.0,89,5.1,2026-08-05T11:14:56Z
1.62,48.84,25.2,0.0,99,6.11,2026-08-05T11:14:56Z
1.86,48.84,25.7,0.0,81,5.91,2026-08-05T11:14:56Z
2.12,48.84,25.2,0.0,78,5.57,2026-08-05T11:14:56Z
2.36,48.84,26.2,0.0,80,4.43,2026-08-05T11:14:56Z
2.62,48.84,26.0,0.0,71,5.73,2026-08-05T11:14:56Z
2.86,48.84,26.0,0.0,88,5.66,2026-08-05T11:14:56Z
3.12,48.84,26.0,0.0,91,6.11,2026-08-05T11:14:56Z
3.36,48.84,24.8,0.0,82,7.29,2026-08-05T11:14:56Z
3.62,48.84,25.1,0.0,90,6.71,2026-08-05T11:14:56Z
3.86,48.84,25.6,0.0,82,6.27,2026-08-05T11:14:56Z
4.12,48.84,25.7,0.0,70,7.06,2026-08-05T11:14:56Z
4.36,48.84,26.1,0.0,79,6.9,2026-08-05T11:14:56Z
4.62,48.84,26.6,0.0,85,7.38,2026-08-05T11:14:56Z
4.86,48.84,27.6,0.0,32,6.35,2026-08-05T11:14:56Z
5.12,48.84,27.8,0.0,75,5.64,2026-08-05T11:14:56Z
5.36,48.84,26.7,0.0,75,5.15,2026-08-05T11:14:56Z
5.62,48.84,27.2,0.0,55,5.77,2026-08-05T11:14:56Z
5.86,48.84,28.4,0.0,92,6.29,2026-08-05T11:14:56Z
6.12,48.84,28.9,0.0,82,5.86,2026-08-05T11:14:56Z
6.36,48.84,29.2,0.0,70,5.28,2026-08-05T11:14:56Z
6.62,48.84,29.4,0.0,66,4.25,2026-08-05T11:14:56Z
6.86,48.84,29.5,0.0,60,4.52,2026-08-05T11:14:56Z
7.12,48.84,29.7,0.0,66,4.65,2026-08-05T11:14:56Z
7.36,48.84,28.4,0.0,70,3.35,2026-08-05T11:14:56Z
7.62,48.84,29.7,0.0,85,4.08,2026-08-05T11:14:56Z
7.86,48.84,30.7,0.0,42,2.84,2026-08-05T11:14:56Z
8.12,48.84,30.4,0.0,74,2.58,2026-08-05T11:14:56Z
8.36,48.84,28.7,0.0,31,3.48,2026-08-05T11:14:56Z
8.62,48.84,28.4,0.0,30,3.72,2026-08-05T11:14:56Z
8.86,48.84,28.5,0.0,82,2.72,2026-08-05T11:14:56Z
9.12,48.84,29.9,0.0,60,2.06,2026-08-05T11:14:56Z
9.36,48.84,30.9,0.0,48,2.12,2026-08-05T11:14:56Z
9.62,48.84,29.4,0.0,93,2.33,2026-08-05T11:14:56Z
-5.14,49.08,18.9,0.0,21,7.69,2026-08-05T11:14:56Z
-4.89,49.08,19.0,0.0,17,7.81,2026-08-05T11:14:56Z
-4.64,49.08,18.9,0.0,2,6.3,2026-08-05T11:14:56Z
-4.39,49.08,18.9,0.0,13,6.84,2026-08-05T11:14:56Z
-4.14,49.08,18.9,0.0,80,6.24,2026-08-05T11:14:56Z
-3.89,49.08,18.8,0.0,79,6.33,2026-08-05T11:14:56Z
-3.64,49.08,18.7,0.0,87,6.71,2026-08-05T11:14:56Z
-3.39,49.08,18.7,0.0,100,6.73,2026-08-05T11:14:56Z
-3.14,49.08,18.6,0.0,0,6.4,2026-08-05T11:14:56Z
-2.89,49.08,18.7,0.0,20,6.32,2026-08-05T11:14:56Z
-2.64,49.08,18.7,0.0,0,7.3,2026-08-05T11:14:56Z
-2.39,49.08,18.7,0.0,0,7.57,2026-08-05T11:14:56Z
-2.14,49.08,18.5,0.0,0,5.97,2026-08-05T11:14:56Z
-1.89,49.08,18.8,0.0,6,8.12,2026-08-05T11:14:56Z
-1.64,49.08,19.1,0.0,41,8.6,2026-08-05T11:14:56Z
-1.38,49.08,20.6,0.0,73,7.11,2026-08-05T11:14:56Z
-1.14,49.08,22.1,0.0,77,7.06,2026-08-05T11:14:56Z
-0.88,49.08,22.5,0.0,66,7.18,2026-08-05T11:14:56Z
-0.64,49.08,22.2,0.0,68,7.17,2026-08-05T11:14:56Z
-0.38,49.08,24.0,0.0,68,6.44,2026-08-05T11:14:56Z
-0.14,49.08,23.5,0.0,67,6.51,2026-08-05T11:14:56Z
0.12,49.08,23.4,0.0,57,7.13,2026-08-05T11:14:56Z
0.36,49.08,23.2,0.0,88,6.34,2026-08-05T11:14:56Z
0.62,49.08,23.7,0.0,82,5.8,2026-08-05T11:14:56Z
0.86,49.08,23.4,0.0,78,5.38,2026-08-05T11:14:56Z
1.12,49.08,23.2,0.0,89,4.73,2026-08-05T11:14:56Z
1.36,49.08,24.0,0.0,87,5.32,2026-08-05T11:14:56Z
1.62,49.08,26.1,0.0,99,5.28,2026-08-05T11:14:56Z
1.86,49.08,25.3,0.0,79,5.66,2026-08-05T11:14:56Z
2.12,49.08,25.5,0.0,72,5.83,2026-08-05T11:14:56Z
2.36,49.08,25.3,0.0,79,5.39,2026-08-05T11:14:56Z
2.62,49.08,25.4,0.0,85,7.03,2026-08-05T11:14:56Z
2.86,49.08,25.4,0.0,85,6.53,2026-08-05T11:14:56Z
3.12,49.08,26.0,0.0,89,6.35,2026-08-05T11:14:56Z
3.36,49.08,24.6,0.0,68,5.78,2026-08-05T11:14:56Z
3.62,49.08,26.0,0.0,87,5.88,2026-08-05T11:14:56Z
3.86,49.08,25.6,0.0,88,6.45,2026-08-05T11:14:56Z
4.12,49.08,25.6,0.0,65,6.74,2026-08-05T11:14:56Z
4.36,49.08,25.4,0.0,97,7.38,2026-08-05T11:14:56Z
4.62,49.08,26.0,0.0,78,6.67,2026-08-05T11:14:56Z
4.86,49.08,27.3,0.0,91,6.4,2026-08-05T11:14:56Z
5.12,49.08,27.6,0.0,62,5.25,2026-08-05T11:14:56Z
5.36,49.08,26.3,0.0,74,5.05,2026-08-05T11:14:56Z
5.62,49.08,28.1,0.0,50,5.69,2026-08-05T11:14:56Z
5.86,49.08,28.0,0.0,61,6.89,2026-08-05T11:14:56Z
6.12,49.08,29.4,0.0,54,5.44,2026-08-05T11:14:56Z
6.36,49.08,29.4,0.0,66,5.28,2026-08-05T11:14:56Z
6.62,49.08,28.2,0.0,79,5.16,2026-08-05T11:14:56Z
6.86,49.08,29.0,0.0,56,4.75,2026-08-05T11:14:56Z
7.12,49.08,29.4,0.0,60,4.17,2026-08-05T11:14:56Z
7.36,49.08,28.4,0.0,84,3.81,2026-08-05T11:14:56Z
7.62,49.08,28.1,0.0,77,3.62,2026-08-05T11:14:56Z
7.86,49.08,28.9,0.0,62,4.03,2026-08-05T11:14:56Z
8.12,49.08,31.3,0.0,40,4.11,2026-08-05T11:14:56Z
8.36,49.08,31.1,0.0,56,3.62,2026-08-05T11:14:56Z
8.62,49.08,30.9,0.0,10,4.4,2026-08-05T11:14:56Z
8.86,49.08,31.2,0.0,2,4.51,2026-08-05T11:14:56Z
9.12,49.08,31.3,0.0,56,3.92,2026-08-05T11:14:56Z
9.36,49.08,29.6,0.0,78,3.18,2026-08-05T11:14:56Z
9.62,49.08,28.8,0.0,55,3.91,2026-08-05T11:14:56Z
-5.14,49.33,18.8,0.0,100,8.13,2026-08-05T11:14:56Z
-4.89,49.33,18.7,0.0,15,8.3,2026-08-05T11:14:56Z
-4.64,49.33,18.7,0.0,0,8.07,2026-08-05T11:14:56Z
-4.39,49.33,18.7,0.0,12,7.81,2026-08-05T11:14:56Z
-4.14,49.33,18.7,0.0,2,7.65,2026-08-05T11:14:56Z
-3.89,49.33,18.7,0.0,22,7.69,2026-08-05T11:14:56Z
-3.64,49.33,18.6,0.0,0,7.18,2026-08-05T11:14:56Z
-3.39,49.33,18.5,0.0,21,7.54,2026-08-05T11:14:56Z
-3.14,49.33,18.3,0.0,0,6.25,2026-08-05T11:14:56Z
-2.89,49.33,18.2,0.0,1,6.61,2026-08-05T11:14:56Z
-2.64,49.33,18.5,0.0,0,7.32,2026-08-05T11:14:56Z
-2.39,49.33,18.5,0.0,0,7.81,2026-08-05T11:14:56Z
-2.14,49.33,18.6,0.0,80,7.92,2026-08-05T11:14:56Z
-1.89,49.33,18.5,0.0,85,8.41,2026-08-05T11:14:56Z
-1.64,49.34,20.7,0.0,62,5.91,2026-08-05T11:14:56Z
-1.38,49.34,21.0,0.0,87,6.31,2026-08-05T11:14:56Z
-1.14,49.34,21.9,0.0,74,6.6,2026-08-05T11:14:56Z
-0.88,49.34,22.0,0.0,82,6.41,2026-08-05T11:14:56Z
-0.64,49.32,21.9,0.0,90,6.9,2026-08-05T11:14:56Z
-0.38,49.32,22.8,0.0,94,7.1,2026-08-05T11:14:56Z
-0.14,49.34,21.6,0.0,83,7.9,2026-08-05T11:14:56Z
0.12,49.34,23.2,0.0,80,6.71,2026-08-05T11:14:56Z
0.36,49.34,21.8,0.0,87,6.8,2026-08-05T11:14:56Z
0.62,49.34,23.4,0.0,92,6.6,2026-08-05T11:14:56Z
0.86,49.34,23.2,0.0,87,5.2,2026-08-05T11:14:56Z
1.12,49.34,22.8,0.0,85,4.22,2026-08-05T11:14:56Z
1.36,49.34,22.9,0.0,95,6.45,2026-08-05T11:14:56Z
1.62,49.34,23.6,0.0,92,5.5,2026-08-05T11:14:56Z
1.86,49.34,24.2,0.0,100,6.36,2026-08-05T11:14:56Z
2.12,49.34,25.1,0.0,60,6.11,2026-08-05T11:14:56Z
2.36,49.34,25.7,0.0,71,5.79,2026-08-05T11:14:56Z
2.62,49.34,25.6,0.0,85,5.75,2026-08-05T11:14:56Z
2.86,49.34,25.1,0.0,84,4.16,2026-08-05T11:14:56Z
3.12,49.34,25.6,0.0,88,5.92,2026-08-05T11:14:56Z
3.36,49.34,25.8,0.0,79,6.19,2026-08-05T11:14:56Z
3.62,49.34,25.3,0.0,84,6.8,2026-08-05T11:14:56Z
3.86,49.34,25.5,0.0,94,6.66,2026-08-05T11:14:56Z
4.12,49.34,26.6,0.0,79,7.24,2026-08-05T11:14:56Z
4.36,49.34,26.0,0.0,62,6.97,2026-08-05T11:14:56Z
4.62,49.34,25.8,0.0,84,6.94,2026-08-05T11:14:56Z
4.86,49.34,26.7,0.0,78,6.62,2026-08-05T11:14:56Z
5.12,49.34,26.5,0.0,82,6.17,2026-08-05T11:14:56Z
5.36,49.34,26.9,0.0,64,6.76,2026-08-05T11:14:56Z
5.62,49.34,27.3,0.0,68,6.17,2026-08-05T11:14:56Z
5.86,49.34,26.6,0.0,59,6.59,2026-08-05T11:14:56Z
6.12,49.34,28.5,0.0,80,4.61,2026-08-05T11:14:56Z
6.36,49.34,28.5,0.0,55,5.59,2026-08-05T11:14:56Z
6.62,49.34,28.8,0.0,62,5.46,2026-08-05T11:14:56Z
6.86,49.34,29.7,0.0,60,5.28,2026-08-05T11:14:56Z
7.12,49.34,28.8,0.0,67,4.22,2026-08-05T11:14:56Z
7.36,49.34,29.6,0.0,88,3.74,2026-08-05T11:14:56Z
7.62,49.34,28.9,0.0,54,4.65,2026-08-05T11:14:56Z
7.86,49.34,28.0,0.0,24,4.11,2026-08-05T11:14:56Z
8.1,49.32,28.5,0.0,86,3.86,2026-08-05T11:14:56Z
8.36,49.34,32.0,0.0,36,4.06,2026-08-05T11:14:56Z
8.62,49.34,32.1,0.0,64,3.35,2026-08-05T11:14:56Z
8.86,49.34,32.4,0.0,51,4.03,2026-08-05T11:14:56Z
9.12,49.34,32.2,0.0,44,3.42,2026-08-05T11:14:56Z
9.36,49.34,30.7,0.0,19,3.8,2026-08-05T11:14:56Z
9.62,49.34,29.6,0.0,78,4.3,2026-08-05T11:14:56Z
-5.14,49.58,18.4,0.0,1,8.56,2026-08-05T11:14:56Z
-4.89,49.58,18.5,0.0,17,8.7,2026-08-05T11:14:56Z
-4.64,49.58,18.5,0.0,0,8.3,2026-08-05T11:14:56Z
-4.39,49.58,18.4,0.0,63,8.5,2026-08-05T11:14:56Z
-4.14,49.58,18.5,0.0,1,8.17,2026-08-05T11:14:56Z
-3.89,49.58,18.5,0.0,9,8.66,2026-08-05T11:14:56Z
-3.64,49.58,18.4,0.0,0,8.04,2026-08-05T11:14:56Z
-3.39,49.58,18.2,0.0,0,6.7,2026-08-05T11:14:56Z
-3.14,49.58,18.2,0.0,9,7.6,2026-08-05T11:14:56Z
-2.89,49.58,18.0,0.0,8,6.91,2026-08-05T11:14:56Z
-2.64,49.58,18.3,0.0,9,6.95,2026-08-05T11:14:56Z
-2.39,49.58,18.3,0.0,0,7.8,2026-08-05T11:14:56Z
-2.14,49.58,18.3,0.0,5,7.31,2026-08-05T11:14:56Z
-1.89,49.58,18.0,0.0,80,6.2,2026-08-05T11:14:56Z
-1.64,49.58,20.3,0.0,59,6.41,2026-08-05T11:14:56Z
-1.38,49.58,21.5,0.0,77,5.74,2026-08-05T11:14:56Z
-1.14,49.58,20.5,0.0,86,6.81,2026-08-05T11:14:56Z
-0.88,49.58,19.8,0.0,93,6.49,2026-08-05T11:14:56Z
-0.64,49.58,19.4,0.0,66,7.48,2026-08-05T11:14:56Z
-0.38,49.58,19.8,0.0,73,8.2,2026-08-05T11:14:56Z
-0.14,49.58,20.1,0.0,46,8.94,2026-08-05T11:14:56Z
0.12,49.58,20.6,0.0,70,7.68,2026-08-05T11:14:56Z
0.36,49.58,21.3,0.0,77,6.22,2026-08-05T11:14:56Z
0.62,49.58,21.8,0.0,50,6.41,2026-08-05T11:14:56Z
0.86,49.58,22.4,0.0,82,6.14,2026-08-05T11:14:56Z
1.12,49.58,22.2,0.0,84,6.14,2026-08-05T11:14:56Z
1.36,49.58,21.6,0.0,88,5.7,2026-08-05T11:14:56Z
1.62,49.58,21.5,0.0,100,4.87,2026-08-05T11:14:56Z
1.86,49.58,22.6,0.0,97,5.89,2026-08-05T11:14:56Z
2.12,49.58,23.9,0.0,96,4.68,2026-08-05T11:14:56Z
2.349,49.576,25.2,0.0,69,5.8,2026-08-05T11:14:56Z
2.61,49.576,26.1,0.0,65,5.8,2026-08-05T11:14:56Z
2.871,49.576,25.8,0.0,34,5.1,2026-08-05T11:14:56Z
3.103,49.576,25.5,0.0,60,5.1,2026-08-05T11:14:56Z
3.364,49.576,23.8,0.0,85,4.5,2026-08-05T11:14:56Z
3.596,49.576,24.9,0.0,40,4.7,2026-08-05T11:14:56Z
3.857,49.576,23.7,0.0,8,3.9,2026-08-05T11:14:56Z
4.118,49.576,24.0,0.0,9,5.2,2026-08-05T11:14:56Z
4.35,49.576,24.5,0.0,24,4.1,2026-08-05T11:14:56Z
4.611,49.576,25.3,0.0,39,4.1,2026-08-05T11:14:56Z
4.872,49.576,26.0,0.0,69,4.0,2026-08-05T11:14:56Z
5.104,49.576,25.8,0.0,71,3.7,2026-08-05T11:14:56Z
5.365,49.576,26.0,0.0,63,4.0,2026-08-05T11:14:56Z
5.597,49.576,26.1,0.0,11,4.0,2026-08-05T11:14:56Z
5.858,49.576,26.2,0.0,48,4.9,2026-08-05T11:14:56Z
6.119,49.576,28.0,0.0,46,4.9,2026-08-05T11:14:56Z
6.351,49.576,28.0,0.0,37,4.8,2026-08-05T11:14:56Z
6.612,49.576,26.7,0.0,77,3.7,2026-08-05T11:14:56Z
6.873,49.576,27.8,0.0,17,4.1,2026-08-05T11:14:56Z
7.105,49.576,28.0,0.0,79,4.0,2026-08-05T11:14:56Z
7.366,49.576,27.4,0.0,55,4.9,2026-08-05T11:14:56Z
7.598,49.576,29.3,0.0,88,3.3,2026-08-05T11:14:56Z
7.86,49.58,29.9,0.0,49,4.75,2026-08-05T11:14:56Z
8.12,49.58,30.6,0.0,12,5.32,2026-08-05T11:14:56Z
8.36,49.58,31.8,0.0,41,4.13,2026-08-05T11:14:56Z
8.62,49.58,32.6,0.0,30,4.02,2026-08-05T11:14:56Z
8.86,49.58,28.3,0.0,51,4.2,2026-08-05T11:14:56Z
9.12,49.58,29.2,0.0,26,3.58,2026-08-05T11:14:56Z
9.36,49.58,30.2,0.0,77,3.41,2026-08-05T11:14:56Z
9.62,49.58,30.3,0.0,18,4.53,2026-08-05T11:14:56Z
-5.14,49.83,18.2,0.0,11,7.91,2026-08-05T11:14:56Z
-4.89,49.83,17.7,0.0,77,8.1,2026-08-05T11:14:56Z
-4.64,49.83,18.3,0.0,0,9.05,2026-08-05T11:14:56Z
-4.39,49.83,18.4,0.0,69,9.62,2026-08-05T11:14:56Z
-4.14,49.83,18.4,0.0,0,9.82,2026-08-05T11:14:56Z
-3.89,49.83,18.4,0.0,55,9.9,2026-08-05T11:14:56Z
-3.64,49.83,18.5,0.0,3,8.41,2026-08-05T11:14:56Z
-3.39,49.83,18.3,0.0,18,8.21,2026-08-05T11:14:56Z
-3.14,49.83,18.2,0.0,0,8.51,2026-08-05T11:14:56Z
-2.89,49.83,18.1,0.0,82,7.17,2026-08-05T11:14:56Z
-2.64,49.83,18.2,0.0,0,8.15,2026-08-05T11:14:56Z
-2.39,49.83,18.4,0.0,7,7.94,2026-08-05T11:14:56Z
-2.14,49.83,18.4,0.0,6,8.35,2026-08-05T11:14:56Z
-1.89,49.83,18.3,0.0,21,9.09,2026-08-05T11:14:56Z
-1.64,49.84,18.3,0.0,4,8.8,2026-08-05T11:14:56Z
-1.38,49.84,18.5,0.0,44,9.01,2026-08-05T11:14:56Z
-1.14,49.84,18.7,0.0,36,9.32,2026-08-05T11:14:56Z
-0.88,49.84,18.7,0.0,40,9.63,2026-08-05T11:14:56Z
-0.64,49.84,18.8,0.0,47,9.41,2026-08-05T11:14:56Z
-0.38,49.84,18.9,0.0,69,9.5,2026-08-05T11:14:56Z
-0.14,49.84,19.0,0.0,59,9.7,2026-08-05T11:14:56Z
0.12,49.84,19.5,0.0,52,9.53,2026-08-05T11:14:56Z
0.36,49.84,20.0,0.0,65,10.37,2026-08-05T11:14:56Z
0.62,49.84,21.1,0.0,85,8.18,2026-08-05T11:14:56Z
0.86,49.84,22.0,0.0,61,6.96,2026-08-05T11:14:56Z
1.12,49.84,22.4,0.0,76,6.77,2026-08-05T11:14:56Z
1.36,49.84,22.3,0.0,95,6.32,2026-08-05T11:14:56Z
1.62,49.84,21.4,0.0,95,5.37,2026-08-05T11:14:56Z
1.86,49.84,21.6,0.0,100,5.54,2026-08-05T11:14:56Z
2.12,49.84,23.1,0.0,95,5.26,2026-08-05T11:14:56Z
2.349,49.828,25.5,0.0,48,4.7,2026-08-05T11:14:56Z
2.61,49.828,25.8,0.0,54,5.5,2026-08-05T11:14:56Z
2.871,49.828,26.0,0.0,47,6.0,2026-08-05T11:14:56Z
3.103,49.828,26.0,0.0,96,6.1,2026-08-05T11:14:56Z
3.364,49.828,25.3,0.0,93,5.5,2026-08-05T11:14:56Z
3.596,49.828,23.4,0.0,84,4.9,2026-08-05T11:14:56Z
3.857,49.828,24.9,0.0,100,5.4,2026-08-05T11:14:56Z
4.118,49.828,23.7,0.0,3,4.1,2026-08-05T11:14:56Z
4.35,49.828,23.1,0.0,11,4.9,2026-08-05T11:14:56Z
4.611,49.828,24.5,0.0,28,4.9,2026-08-05T11:14:56Z
4.872,49.828,24.0,0.0,57,3.7,2026-08-05T11:14:56Z
5.104,49.828,23.9,0.0,34,3.6,2026-08-05T11:14:56Z
5.365,49.828,23.7,0.0,29,4.4,2026-08-05T11:14:56Z
5.597,49.828,23.2,0.0,10,3.5,2026-08-05T11:14:56Z
5.858,49.828,24.4,0.0,18,4.2,2026-08-05T11:14:56Z
6.119,49.828,27.2,0.0,33,4.3,2026-08-05T11:14:56Z
6.351,49.828,26.4,0.0,49,4.0,2026-08-05T11:14:56Z
6.612,49.828,27.9,0.0,84,4.8,2026-08-05T11:14:56Z
6.873,49.828,30.1,0.0,36,4.6,2026-08-05T11:14:56Z
7.105,49.828,26.3,0.0,91,4.9,2026-08-05T11:14:56Z
7.366,49.828,28.0,0.0,95,3.5,2026-08-05T11:14:56Z
7.598,49.828,28.5,0.0,87,4.0,2026-08-05T11:14:56Z
7.86,49.84,31.3,0.0,20,4.49,2026-08-05T11:14:56Z
8.12,49.84,30.9,0.0,18,5.01,2026-08-05T11:14:56Z
8.36,49.84,32.5,0.0,75,2.91,2026-08-05T11:14:56Z
8.62,49.84,31.5,0.0,65,4.65,2026-08-05T11:14:56Z
8.86,49.84,31.5,0.0,51,6.24,2026-08-05T11:14:56Z
9.12,49.84,32.3,0.0,31,4.83,2026-08-05T11:14:56Z
9.36,49.84,28.5,0.0,57,4.85,2026-08-05T11:14:56Z
9.62,49.84,32.4,0.0,48,3.68,2026-08-05T11:14:56Z
-5.1331,50.083,18.6,0.0,100,5.0,2026-08-05T11:14:56Z
-4.8812,50.0888,18.5,0.0,91,6.7,2026-08-05T11:14:56Z
-4.6284,50.0759,18.6,0.0,46,7.9,2026-08-05T11:14:56Z
-4.3764,50.0805,18.5,0.0,57,7.6,2026-08-05T11:14:56Z
-4.1525,50.084,18.5,0.0,73,8.4,2026-08-05T11:14:56Z
-3.9005,50.0875,18.1,0.0,13,7.7,2026-08-05T11:14:56Z
-3.648,50.0724,18.3,0.0,26,8.2,2026-08-05T11:14:56Z
-3.396,50.0748,18.1,0.0,0,8.3,2026-08-05T11:14:56Z
-3.144,50.0765,18.0,0.0,11,8.9,2026-08-05T11:14:56Z
-2.892,50.0777,17.9,0.0,33,9.1,2026-08-05T11:14:56Z
-2.64,50.0783,17.8,0.0,0,8.9,2026-08-05T11:14:56Z
-2.388,50.0783,17.9,0.0,0,8.8,2026-08-05T11:14:56Z
-2.136,50.0778,17.9,0.0,0,8.8,2026-08-05T11:14:56Z
-1.884,50.0767,18.1,0.0,0,8.3,2026-08-05T11:14:56Z
-1.632,50.075,18.1,0.0,26,8.8,2026-08-05T11:14:56Z
-1.38,50.0727,18.2,0.0,6,9.1,2026-08-05T11:14:56Z
-1.1275,50.0879,18.2,0.0,53,9.6,2026-08-05T11:14:56Z
-0.9035,50.0849,18.3,0.0,40,9.8,2026-08-05T11:14:56Z
-0.6516,50.0809,18.4,0.0,34,9.9,2026-08-05T11:14:56Z
-0.3996,50.0764,18.5,0.0,34,10.2,2026-08-05T11:14:56Z
-0.1477,50.0714,18.6,0.0,8,9.8,2026-08-05T11:14:56Z
0.12,50.08,18.9,0.0,60,10.02,2026-08-05T11:14:56Z
0.36,50.08,19.3,0.0,59,11.09,2026-08-05T11:14:56Z
0.62,50.08,19.6,0.0,84,10.58,2026-08-05T11:14:56Z
0.86,50.08,19.7,0.0,20,10.57,2026-08-05T11:14:56Z
1.12,50.08,20.0,0.0,74,11.7,2026-08-05T11:14:56Z
1.38,50.06,22.2,0.0,97,8.4,2026-08-05T11:14:56Z
1.62,50.08,21.4,0.0,96,6.12,2026-08-05T11:14:56Z
1.86,50.08,21.7,0.0,100,4.94,2026-08-05T11:14:56Z
2.12,50.08,21.6,0.0,100,4.13,2026-08-05T11:14:56Z
2.349,50.08,24.3,0.0,40,6.0,2026-08-05T11:14:56Z
2.61,50.08,24.8,0.0,60,5.7,2026-08-05T11:14:56Z
2.871,50.08,25.1,0.0,31,5.8,2026-08-05T11:14:56Z
3.103,50.08,25.0,0.0,90,4.6,2026-08-05T11:14:56Z
3.364,50.08,25.4,0.0,85,5.3,2026-08-05T11:14:56Z
3.596,50.08,23.5,0.0,16,5.2,2026-08-05T11:14:56Z
3.857,50.08,22.5,0.0,100,4.7,2026-08-05T11:14:56Z
4.118,50.08,24.1,0.0,23,3.3,2026-08-05T11:14:56Z
4.35,50.08,23.6,0.0,92,3.4,2026-08-05T11:14:56Z
4.611,50.08,24.2,0.0,43,3.9,2026-08-05T11:14:56Z
4.872,50.08,25.5,0.0,48,3.8,2026-08-05T11:14:56Z
5.104,50.08,26.6,0.0,16,4.0,2026-08-05T11:14:56Z
5.365,50.08,23.9,0.0,32,3.3,2026-08-05T11:14:56Z
5.597,50.08,24.4,0.0,43,3.6,2026-08-05T11:14:56Z
5.858,50.08,23.7,0.0,28,4.6,2026-08-05T11:14:56Z
6.119,50.08,24.5,0.0,4,3.7,2026-08-05T11:14:56Z
6.351,50.08,26.1,0.0,39,4.3,2026-08-05T11:14:56Z
6.612,50.08,25.6,0.0,16,4.0,2026-08-05T11:14:56Z
6.873,50.08,27.3,0.0,17,5.1,2026-08-05T11:14:56Z
7.105,50.08,27.7,0.0,60,3.7,2026-08-05T11:14:56Z
7.366,50.08,28.0,0.0,91,3.7,2026-08-05T11:14:56Z
7.598,50.08,27.1,0.0,90,3.9,2026-08-05T11:14:56Z
7.86,50.08,29.2,0.0,45,5.06,2026-08-05T11:14:56Z
8.12,50.08,30.3,0.0,59,4.97,2026-08-05T11:14:56Z
8.36,50.08,31.8,0.0,60,4.56,2026-08-05T11:14:56Z
8.62,50.08,32.3,0.0,74,4.24,2026-08-05T11:14:56Z
8.86,50.08,32.3,0.0,36,3.69,2026-08-05T11:14:56Z
9.12,50.08,30.3,0.0,71,4.29,2026-08-05T11:14:56Z
9.36,50.08,29.9,0.0,24,3.83,2026-08-05T11:14:56Z
9.62,50.08,30.3,0.0,30,4.02,2026-08-05T11:14:56Z
-5.1473,50.3349,18.5,0.0,80,5.4,2026-08-05T11:14:56Z
-4.8931,50.3226,18.5,0.0,71,5.6,2026-08-05T11:14:56Z
-4.6398,50.3278,19.5,0.0,84,5.5,2026-08-05T11:14:56Z
-4.3591,50.3509,19.6,0.0,62,6.8,2026-08-05T11:14:56Z
-4.1332,50.3364,19.9,0.0,86,6.1,2026-08-05T11:14:56Z
-3.8793,50.3218,19.2,0.0,96,6.6,2026-08-05T11:14:56Z
-3.626,50.3247,19.6,0.0,75,6.0,2026-08-05T11:14:56Z
-3.4008,50.3267,19.5,0.0,94,6.5,2026-08-05T11:14:56Z
-3.1475,50.3285,18.8,0.0,78,8.3,2026-08-05T11:14:56Z
-2.8941,50.3297,18.5,0.0,12,6.0,2026-08-05T11:14:56Z
-2.6408,50.3303,18.5,0.0,74,8.2,2026-08-05T11:14:56Z
-2.3874,50.3303,18.6,0.0,13,8.5,2026-08-05T11:14:56Z
-2.134,50.3298,18.7,0.0,52,8.2,2026-08-05T11:14:56Z
-1.8807,50.3287,18.5,0.0,8,8.5,2026-08-05T11:14:56Z
-1.6273,50.327,18.4,0.0,6,9.8,2026-08-05T11:14:56Z
-1.4021,50.325,18.7,0.0,6,9.0,2026-08-05T11:14:56Z
-1.1488,50.3222,18.8,0.0,10,10.0,2026-08-05T11:14:56Z
-0.8949,50.3368,18.7,0.0,49,10.1,2026-08-05T11:14:56Z
-0.6416,50.3329,18.7,0.0,0,10.3,2026-08-05T11:14:56Z
-0.3883,50.3283,18.6,0.0,3,10.4,2026-08-05T11:14:56Z
-0.1351,50.3232,18.6,0.0,0,10.2,2026-08-05T11:14:56Z
0.1191,50.3355,18.7,0.0,0,10.2,2026-08-05T11:14:56Z
0.3724,50.3293,18.8,0.0,0,10.1,2026-08-05T11:14:56Z
0.62,50.34,19.2,0.0,40,10.45,2026-08-05T11:14:56Z
0.86,50.34,19.4,0.0,77,10.56,2026-08-05T11:14:56Z
1.12,50.34,19.6,0.0,77,12.03,2026-08-05T11:14:56Z
1.36,50.34,20.0,0.0,73,11.45,2026-08-05T11:14:56Z
1.62,50.34,21.7,0.0,90,9.19,2026-08-05T11:14:56Z
1.86,50.34,22.1,0.0,70,7.24,2026-08-05T11:14:56Z
2.12,50.34,21.2,0.0,100,6.14,2026-08-05T11:14:56Z
2.349,50.332,22.1,0.0,100,6.6,2026-08-05T11:14:56Z
2.61,50.332,24.5,0.0,85,5.4,2026-08-05T11:14:56Z
2.871,50.332,25.2,0.0,21,5.8,2026-08-05T11:14:56Z
3.103,50.332,25.9,0.0,97,5.5,2026-08-05T11:14:56Z
3.364,50.332,25.6,0.0,81,5.1,2026-08-05T11:14:56Z
3.596,50.332,23.9,0.0,21,5.1,2026-08-05T11:14:56Z
3.857,50.332,24.5,0.0,95,4.8,2026-08-05T11:14:56Z
4.118,50.332,24.4,0.0,58,5.0,2026-08-05T11:14:56Z
4.35,50.332,24.4,0.0,39,5.7,2026-08-05T11:14:56Z
4.611,50.332,24.5,0.0,100,4.6,2026-08-05T11:14:56Z
4.872,50.332,26.6,0.0,73,3.9,2026-08-05T11:14:56Z
5.104,50.332,25.7,0.0,0,4.9,2026-08-05T11:14:56Z
5.365,50.332,24.1,0.0,16,4.2,2026-08-05T11:14:56Z
5.597,50.332,25.2,0.0,92,2.7,2026-08-05T11:14:56Z
5.858,50.332,23.3,0.0,89,2.7,2026-08-05T11:14:56Z
6.119,50.332,23.2,0.0,100,4.0,2026-08-05T11:14:56Z
6.351,50.332,23.7,0.0,80,4.7,2026-08-05T11:14:56Z
6.612,50.332,25.2,0.0,8,4.5,2026-08-05T11:14:56Z
6.873,50.332,25.0,0.0,62,3.5,2026-08-05T11:14:56Z
7.105,50.332,26.5,0.0,56,4.5,2026-08-05T11:14:56Z
7.366,50.332,29.0,0.0,98,5.4,2026-08-05T11:14:56Z
7.598,50.332,31.3,0.0,22,3.9,2026-08-05T11:14:56Z
7.86,50.34,29.5,0.0,43,4.75,2026-08-05T11:14:56Z
8.12,50.34,30.6,0.0,95,5.74,2026-08-05T11:14:56Z
8.36,50.34,29.3,0.0,93,3.81,2026-08-05T11:14:56Z
8.62,50.34,30.2,0.0,71,4.07,2026-08-05T11:14:56Z
8.86,50.34,32.2,0.0,54,5.97,2026-08-05T11:14:56Z
9.12,50.34,30.9,0.0,32,4.74,2026-08-05T11:14:56Z
9.36,50.34,30.9,0.0,43,6.0,2026-08-05T11:14:56Z
9.62,50.34,30.0,0.0,27,4.44,2026-08-05T11:14:56Z
-5.1334,50.5873,17.7,0.0,58,7.6,2026-08-05T11:14:56Z
-4.8778,50.5751,18.7,0.0,62,6.0,2026-08-05T11:14:56Z
-4.6514,50.5797,16.2,0.0,84,6.0,2026-08-05T11:14:56Z
-4.3968,50.5843,17.8,0.0,76,5.7,2026-08-05T11:14:56Z
-4.1421,50.5883,17.3,0.0,88,5.2,2026-08-05T11:14:56Z
-3.8868,50.5738,16.7,0.0,84,6.7,2026-08-05T11:14:56Z
-3.6321,50.5766,20.5,0.0,61,5.3,2026-08-05T11:14:56Z
-3.3774,50.5789,19.5,0.0,62,7.0,2026-08-05T11:14:56Z
-3.151,50.5805,19.2,0.0,68,7.9,2026-08-05T11:14:56Z
-2.8963,50.5817,18.8,0.0,34,8.0,2026-08-05T11:14:56Z
-2.6415,50.5823,18.7,0.0,10,10.0,2026-08-05T11:14:56Z
-2.3868,50.5823,19.1,0.0,42,9.9,2026-08-05T11:14:56Z
-2.1036,50.5997,20.4,0.0,57,9.1,2026-08-05T11:14:56Z
-1.8773,50.5807,19.3,0.0,21,11.1,2026-08-05T11:14:56Z
-1.6509,50.5792,19.2,0.0,0,11.2,2026-08-05T11:14:56Z
-1.3962,50.5769,19.4,0.0,62,10.6,2026-08-05T11:14:56Z
-1.1415,50.5741,19.7,0.0,64,10.0,2026-08-05T11:14:56Z
-0.8862,50.5887,19.7,0.0,26,11.1,2026-08-05T11:14:56Z
-0.6315,50.5847,19.5,0.0,8,10.8,2026-08-05T11:14:56Z
-0.3768,50.5802,19.3,0.0,47,10.6,2026-08-05T11:14:56Z
-0.1505,50.5757,19.1,0.0,60,10.0,2026-08-05T11:14:56Z
0.1051,50.588,19.1,0.0,18,9.8,2026-08-05T11:14:56Z
0.3597,50.5818,19.1,0.0,45,9.5,2026-08-05T11:14:56Z
0.6142,50.5749,19.1,0.0,45,9.4,2026-08-05T11:14:56Z
0.87,50.5855,19.2,0.0,84,9.8,2026-08-05T11:14:56Z
1.12,50.58,19.4,0.0,47,11.41,2026-08-05T11:14:56Z
1.36,50.58,19.7,0.0,71,10.74,2026-08-05T11:14:56Z
1.62,50.58,21.3,0.0,94,8.68,2026-08-05T11:14:56Z
1.86,50.58,20.0,0.0,61,7.76,2026-08-05T11:14:56Z
2.12,50.58,19.9,0.0,97,8.07,2026-08-05T11:14:56Z
2.349,50.584,23.3,0.0,23,7.4,2026-08-05T11:14:56Z
2.61,50.584,24.4,0.0,100,6.1,2026-08-05T11:14:56Z
2.871,50.584,25.0,0.0,99,5.7,2026-08-05T11:14:56Z
3.103,50.584,24.9,0.0,14,5.2,2026-08-05T11:14:56Z
3.364,50.584,25.2,0.0,79,5.6,2026-08-05T11:14:56Z
3.596,50.584,25.2,0.0,100,5.5,2026-08-05T11:14:56Z
3.857,50.584,25.0,0.0,81,5.4,2026-08-05T11:14:56Z
4.118,50.584,23.8,0.0,18,5.2,2026-08-05T11:14:56Z
4.35,50.584,24.5,0.0,82,5.1,2026-08-05T11:14:56Z
4.611,50.584,25.4,0.0,100,5.1,2026-08-05T11:14:56Z
4.872,50.584,25.5,0.0,17,5.1,2026-08-05T11:14:56Z
5.104,50.584,25.5,0.0,8,5.0,2026-08-05T11:14:56Z
5.365,50.584,26.5,0.0,20,4.7,2026-08-05T11:14:56Z
5.597,50.584,27.5,0.0,79,2.5,2026-08-05T11:14:56Z
5.858,50.584,27.0,0.0,56,3.2,2026-08-05T11:14:56Z
6.119,50.584,23.2,0.0,87,2.3,2026-08-05T11:14:56Z
6.351,50.584,23.7,0.0,89,1.7,2026-08-05T11:14:56Z
6.612,50.584,26.2,0.0,93,4.0,2026-08-05T11:14:56Z
6.873,50.584,25.6,0.0,16,2.8,2026-08-05T11:14:56Z
7.105,50.584,27.4,0.0,18,3.8,2026-08-05T11:14:56Z
7.366,50.584,27.4,0.0,69,3.3,2026-08-05T11:14:56Z
7.598,50.584,27.8,0.0,38,3.2,2026-08-05T11:14:56Z
7.86,50.58,28.4,0.0,93,5.32,2026-08-05T11:14:56Z
8.12,50.58,27.7,0.0,92,6.38,2026-08-05T11:14:56Z
8.36,50.58,29.5,0.0,51,4.88,2026-08-05T11:14:56Z
8.62,50.58,31.3,0.0,55,5.46,2026-08-05T11:14:56Z
8.86,50.58,30.9,0.0,59,4.32,2026-08-05T11:14:56Z
9.12,50.58,28.8,0.0,91,4.65,2026-08-05T11:14:56Z
9.36,50.58,29.7,0.0,27,5.16,2026-08-05T11:14:56Z
9.62,50.58,30.7,0.0,56,5.6,2026-08-05T11:14:56Z
-5.1467,50.8211,17.6,0.0,50,7.8,2026-08-05T11:14:56Z
-4.8908,50.8269,17.6,0.0,33,7.8,2026-08-05T11:14:56Z
-4.6348,50.832,17.5,0.0,64,8.5,2026-08-05T11:14:56Z
-4.3787,50.8366,17.6,0.0,80,6.4,2026-08-05T11:14:56Z
-4.1504,50.8222,18.5,0.0,67,5.9,2026-08-05T11:14:56Z
-3.8944,50.8257,17.8,0.0,92,6.3,2026-08-05T11:14:56Z
-3.6383,50.8286,19.2,0.0,73,7.0,2026-08-05T11:14:56Z
-3.3822,50.8309,19.5,0.0,26,7.7,2026-08-05T11:14:56Z
-3.1261,50.8326,18.5,0.0,81,6.8,2026-08-05T11:14:56Z
-2.8984,50.8337,20.6,0.0,61,6.0,2026-08-05T11:14:56Z
-2.6423,50.8343,20.4,0.0,60,5.9,2026-08-05T11:14:56Z
-2.3862,50.8343,20.6,0.0,46,6.3,2026-08-05T11:14:56Z
-2.13,50.8337,21.9,0.0,25,6.4,2026-08-05T11:14:56Z
-1.9023,50.8328,22.4,0.0,22,6.1,2026-08-05T11:14:56Z
-1.6462,50.8311,22.3,0.0,41,4.7,2026-08-05T11:14:56Z
-1.3901,50.8289,22.1,0.0,49,4.9,2026-08-05T11:14:56Z
-1.1341,50.826,22.3,0.0,64,6.3,2026-08-05T11:14:56Z
-0.878,50.8226,22.6,0.0,53,6.4,2026-08-05T11:14:56Z
-0.6497,50.8371,22.5,0.0,70,5.7,2026-08-05T11:14:56Z
-0.3937,50.8326,22.0,0.0,88,5.2,2026-08-05T11:14:56Z
-0.1377,50.8275,21.6,0.0,76,5.3,2026-08-05T11:14:56Z
0.1183,50.8218,21.6,0.0,65,7.5,2026-08-05T11:14:56Z
0.3469,50.8342,22.7,0.0,78,6.9,2026-08-05T11:14:56Z
0.6028,50.8274,20.0,0.0,40,10.5,2026-08-05T11:14:56Z
0.86,50.838,19.4,0.0,43,9.7,2026-08-05T11:14:56Z
1.1159,50.8301,19.2,0.0,48,9.8,2026-08-05T11:14:56Z
1.36,50.84,19.5,0.0,43,11.35,2026-08-05T11:14:56Z
1.62,50.84,20.8,0.0,47,9.13,2026-08-05T11:14:56Z
1.86,50.84,20.7,0.0,76,7.24,2026-08-05T11:14:56Z
2.12,50.84,21.1,0.0,96,6.89,2026-08-05T11:14:56Z
2.349,50.836,22.4,0.0,90,6.6,2026-08-05T11:14:56Z
2.61,50.836,23.8,0.0,37,6.9,2026-08-05T11:14:56Z
2.871,50.836,24.8,0.0,89,6.2,2026-08-05T11:14:56Z
3.103,50.836,25.2,0.0,20,5.3,2026-08-05T11:14:56Z
3.364,50.836,24.6,0.0,22,4.9,2026-08-05T11:14:56Z
3.596,50.836,24.8,0.0,80,4.9,2026-08-05T11:14:56Z
3.857,50.836,23.1,0.0,100,5.0,2026-08-05T11:14:56Z
4.118,50.836,24.0,0.0,100,5.2,2026-08-05T11:14:56Z
4.35,50.836,26.5,0.0,77,4.7,2026-08-05T11:14:56Z
4.611,50.836,25.5,0.0,25,5.4,2026-08-05T11:14:56Z
4.872,50.836,26.1,0.0,94,4.4,2026-08-05T11:14:56Z
5.104,50.836,26.1,0.0,16,4.3,2026-08-05T11:14:56Z
5.365,50.836,25.4,0.0,47,4.9,2026-08-05T11:14:56Z
5.597,50.836,25.8,0.1,26,3.1,2026-08-05T11:14:56Z
5.858,50.836,25.2,0.0,32,3.1,2026-08-05T11:14:56Z
6.119,50.836,27.2,0.0,20,2.9,2026-08-05T11:14:56Z
6.351,50.836,28.5,0.0,62,3.6,2026-08-05T11:14:56Z
6.612,50.836,26.5,0.0,67,2.3,2026-08-05T11:14:56Z
6.873,50.836,26.4,0.0,100,1.6,2026-08-05T11:14:56Z
7.105,50.836,27.9,0.0,23,2.6,2026-08-05T11:14:56Z
7.366,50.836,26.5,0.0,0,2.5,2026-08-05T11:14:56Z
7.598,50.836,26.5,0.0,0,2.5,2026-08-05T11:14:56Z
7.86,50.84,29.0,0.0,85,4.53,2026-08-05T11:14:56Z
8.12,50.84,28.2,0.0,86,3.98,2026-08-05T11:14:56Z
8.36,50.84,27.5,0.0,68,4.85,2026-08-05T11:14:56Z
8.62,50.84,29.7,0.0,25,5.38,2026-08-05T11:14:56Z
8.86,50.84,30.9,0.0,48,5.73,2026-08-05T11:14:56Z
9.12,50.84,30.0,0.0,43,5.19,2026-08-05T11:14:56Z
9.36,50.84,30.1,0.0,39,4.71,2026-08-05T11:14:56Z
9.62,50.84,29.1,0.0,58,4.62,2026-08-05T11:14:56Z
-5.1327,51.0735,17.3,0.0,29,8.7,2026-08-05T11:14:56Z
-4.9039,51.0787,17.3,0.0,75,8.5,2026-08-05T11:14:56Z
-4.6465,51.0839,17.3,0.0,99,8.6,2026-08-05T11:14:56Z
-4.3891,51.0885,17.1,0.0,75,9.1,2026-08-05T11:14:56Z
-4.1309,51.0745,18.0,0.0,64,7.0,2026-08-05T11:14:56Z
-3.9021,51.0776,15.7,0.0,78,6.4,2026-08-05T11:14:56Z
-3.6446,51.0805,15.4,0.0,62,7.1,2026-08-05T11:14:56Z
-3.3871,51.0828,16.7,0.0,62,7.0,2026-08-05T11:14:56Z
-3.1296,51.0846,18.4,0.0,54,6.0,2026-08-05T11:14:56Z
-2.9006,51.0856,20.3,0.0,62,7.5,2026-08-05T11:14:56Z
-2.6431,51.0862,19.6,0.0,66,7.8,2026-08-05T11:14:56Z
-2.3855,51.0862,19.6,0.0,71,7.1,2026-08-05T11:14:56Z
-2.128,51.0857,19.8,0.0,36,7.3,2026-08-05T11:14:56Z
-1.899,51.0847,20.8,0.0,40,7.4,2026-08-05T11:14:56Z
-1.6415,51.083,20.8,0.0,35,7.3,2026-08-05T11:14:56Z
-1.384,51.0808,21.1,0.0,47,6.8,2026-08-05T11:14:56Z
-1.1265,51.0779,21.4,0.0,64,6.4,2026-08-05T11:14:56Z
-0.8977,51.0749,21.9,0.0,56,6.2,2026-08-05T11:14:56Z
-0.6395,51.0889,22.2,0.0,32,5.0,2026-08-05T11:14:56Z
-0.3821,51.0844,22.0,0.0,90,5.5,2026-08-05T11:14:56Z
-0.1532,51.0799,21.2,0.0,87,4.9,2026-08-05T11:14:56Z
0.1041,51.0742,22.6,0.0,75,4.9,2026-08-05T11:14:56Z
0.3626,51.0859,21.8,0.0,72,4.5,2026-08-05T11:14:56Z
0.6199,51.0791,21.2,0.0,98,4.7,2026-08-05T11:14:56Z
0.8486,51.0725,22.8,0.0,94,4.9,2026-08-05T11:14:56Z
1.1072,51.0826,21.6,0.0,90,6.6,2026-08-05T11:14:56Z
1.3644,51.074,19.7,0.0,88,11.1,2026-08-05T11:14:56Z
1.6232,51.0829,19.5,0.0,0,11.1,2026-08-05T11:14:56Z
1.86,51.08,19.8,0.0,11,12.37,2026-08-05T11:14:56Z
2.12,51.08,20.8,0.0,75,10.91,2026-08-05T11:14:56Z
2.349,51.088,21.5,0.0,41,9.3,2026-08-05T11:14:56Z
2.61,51.088,23.2,0.0,100,6.8,2026-08-05T11:14:56Z
2.871,51.088,24.8,0.0,83,6.2,2026-08-05T11:14:56Z
3.103,51.088,24.7,0.0,48,5.5,2026-08-05T11:14:56Z
3.364,51.088,25.0,0.0,58,4.6,2026-08-05T11:14:56Z
3.596,51.088,25.3,0.0,58,5.1,2026-08-05T11:14:56Z
3.857,51.088,25.0,0.0,79,5.0,2026-08-05T11:14:56Z
4.118,51.088,24.9,0.0,44,5.1,2026-08-05T11:14:56Z
4.35,51.088,26.4,0.0,85,4.4,2026-08-05T11:14:56Z
4.611,51.088,23.6,0.0,100,4.7,2026-08-05T11:14:56Z
4.872,51.088,26.0,0.0,100,4.0,2026-08-05T11:14:56Z
5.104,51.088,26.1,0.0,38,4.0,2026-08-05T11:14:56Z
5.365,51.088,24.6,0.0,2,2.8,2026-08-05T11:14:56Z
5.597,51.088,25.7,0.0,29,3.4,2026-08-05T11:14:56Z
5.858,51.088,26.1,0.0,31,3.3,2026-08-05T11:14:56Z
6.119,51.088,25.5,0.0,72,3.4,2026-08-05T11:14:56Z
6.351,51.088,27.4,0.0,17,4.1,2026-08-05T11:14:56Z
6.612,51.088,28.8,0.0,34,3.3,2026-08-05T11:14:56Z
6.873,51.088,28.4,0.0,18,2.2,2026-08-05T11:14:56Z
7.105,51.088,26.4,0.0,22,3.1,2026-08-05T11:14:56Z
7.366,51.088,26.1,0.0,78,2.5,2026-08-05T11:14:56Z
7.598,51.088,25.4,0.0,51,2.9,2026-08-05T11:14:56Z
7.86,51.08,27.2,0.0,41,4.22,2026-08-05T11:14:56Z
8.12,51.08,28.1,0.0,54,4.3,2026-08-05T11:14:56Z
8.36,51.08,26.5,0.0,97,4.8,2026-08-05T11:14:56Z
8.62,51.08,28.7,0.0,67,4.94,2026-08-05T11:14:56Z
8.86,51.08,29.6,0.0,85,5.77,2026-08-05T11:14:56Z
9.12,51.08,29.2,0.0,46,4.5,2026-08-05T11:14:56Z
9.36,51.08,30.9,0.0,39,5.67,2026-08-05T11:14:56Z
9.62,51.08,29.5,0.0,13,4.88,2026-08-05T11:14:56Z
