{
  "type": "FeatureCollection",
  "metadata": {
    "last_updated": "2026-06-04T14:44:17Z",
    "zone": "haute-marne",
    "nb_points": 624
  },
  "features": [
    {
      "type": "Feature",
      "geometry": {
        "type": "Point",
        "coordinates": [
          4.7,
          47.5
        ]
      },
      "properties": {
        "temperature_2m": 14.9,
        "precipitation": 0.0,
        "cloud_cover": 100,
        "wind_speed_10m": 5.38,
        "last_updated": "2026-06-04T14:44:17Z"
      }
    },
    {
      "type": "Feature",
      "geometry": {
        "type": "Point",
        "coordinates": [
          4.76,
          47.5
        ]
      },
      "properties": {
        "temperature_2m": 15.0,
        "precipitation": 0.0,
        "cloud_cover": 100,
        "wind_speed_10m": 5.04,
        "last_updated": "2026-06-04T14:44:17Z"
      }
    },
    {
      "type": "Feature",
      "geometry": {
        "type": "Point",
        "coordinates": [
          4.8,
          47.5
        ]
      },
      "properties": {
        "temperature_2m": 15.2,
        "precipitation": 0.0,
        "cloud_cover": 100,
        "wind_speed_10m": 6.1,
        "last_updated": "2026-06-04T14:44:17Z"
      }
    },
    {
      "type": "Feature",
      "geometry": {
        "type": "Point",
        "coordinates": [
          4.86,
          47.5
        ]
      },
      "properties": {
        "temperature_2m": 15.5,
        "precipitation": 0.0,
        "cloud_cover": 100,
        "wind_speed_10m": 5.64,
        "last_updated": "2026-06-04T14:44:17Z"
      }
    },
    {
      "type": "Feature",
      "geometry": {
        "type": "Point",
        "coordinates": [
          4.9,
          47.5
        ]
      },
      "properties": {
        "temperature_2m": 15.0,
        "precipitation": 0.0,
        "cloud_cover": 100,
        "wind_speed_10m": 5.9,
        "last_updated": "2026-06-04T14:44:17Z"
      }
    },
    {
      "type": "Feature",
      "geometry": {
        "type": "Point",
        "coordinates": [
          4.94,
          47.5
        ]
      },
      "properties": {
        "temperature_2m": 15.4,
        "precipitation": 0.0,
        "cloud_cover": 100,
        "wind_speed_10m": 5.34,
        "last_updated": "2026-06-04T14:44:17Z"
      }
    },
    {
      "type": "Feature",
      "geometry": {
        "type": "Point",
        "coordinates": [
          5.0,
          47.5
        ]
      },
      "properties": {
        "temperature_2m": 16.2,
        "precipitation": 0.0,
        "cloud_cover": 100,
        "wind_speed_10m": 5.62,
        "last_updated": "2026-06-04T14:44:17Z"
      }
    },
    {
      "type": "Feature",
      "geometry": {
        "type": "Point",
        "coordinates": [
          5.06,
          47.5
        ]
      },
      "properties": {
        "temperature_2m": 15.8,
        "precipitation": 0.1,
        "cloud_cover": 100,
        "wind_speed_10m": 6.5,
        "last_updated": "2026-06-04T14:44:17Z"
      }
    },
    {
      "type": "Feature",
      "geometry": {
        "type": "Point",
        "coordinates": [
          5.1,
          47.5
        ]
      },
      "properties": {
        "temperature_2m": 16.2,
        "precipitation": 0.1,
        "cloud_cover": 100,
        "wind_speed_10m": 7.05,
        "last_updated": "2026-06-04T14:44:17Z"
      }
    },
    {
      "type": "Feature",
      "geometry": {
        "type": "Point",
        "coordinates": [
          5.16,
          47.5
        ]
      },
      "properties": {
        "temperature_2m": 16.2,
        "precipitation": 0.1,
        "cloud_cover": 100,
        "wind_speed_10m": 6.17,
        "last_updated": "2026-06-04T14:44:17Z"
      }
    },
    {
      "type": "Feature",
      "geometry": {
        "type": "Point",
        "coordinates": [
          5.2,
          47.5
        ]
      },
      "properties": {
        "temperature_2m": 16.0,
        "precipitation": 0.1,
        "cloud_cover": 100,
        "wind_speed_10m": 6.84,
        "last_updated": "2026-06-04T14:44:17Z"
      }
    },
    {
      "type": "Feature",
      "geometry": {
        "type": "Point",
        "coordinates": [
          5.26,
          47.5
        ]
      },
      "properties": {
        "temperature_2m": 15.6,
        "precipitation": 0.1,
        "cloud_cover": 100,
        "wind_speed_10m": 6.72,
        "last_updated": "2026-06-04T14:44:17Z"
      }
    },
    {
      "type": "Feature",
      "geometry": {
        "type": "Point",
        "coordinates": [
          5.3,
          47.5
        ]
      },
      "properties": {
        "temperature_2m": 15.9,
        "precipitation": 0.1,
        "cloud_cover": 100,
        "wind_speed_10m": 6.4,
        "last_updated": "2026-06-04T14:44:17Z"
      }
    },
    {
      "type": "Feature",
      "geometry": {
        "type": "Point",
        "coordinates": [
          5.36,
          47.5
        ]
      },
      "properties": {
        "temperature_2m": 15.6,
        "precipitation": 0.1,
        "cloud_cover": 100,
        "wind_speed_10m": 7.21,
        "last_updated": "2026-06-04T14:44:17Z"
      }
    },
    {
      "type": "Feature",
      "geometry": {
        "type": "Point",
        "coordinates": [
          5.4,
          47.5
        ]
      },
      "properties": {
        "temperature_2m": 15.8,
        "precipitation": 0.1,
        "cloud_cover": 100,
        "wind_speed_10m": 6.71,
        "last_updated": "2026-06-04T14:44:17Z"
      }
    },
    {
      "type": "Feature",
      "geometry": {
        "type": "Point",
        "coordinates": [
          5.44,
          47.5
        ]
      },
      "properties": {
        "temperature_2m": 15.5,
        "precipitation": 0.1,
        "cloud_cover": 100,
        "wind_speed_10m": 7.87,
        "last_updated": "2026-06-04T14:44:17Z"
      }
    },
    {
      "type": "Feature",
      "geometry": {
        "type": "Point",
        "coordinates": [
          5.5,
          47.5
        ]
      },
      "properties": {
        "temperature_2m": 15.8,
        "precipitation": 0.1,
        "cloud_cover": 100,
        "wind_speed_10m": 8.19,
        "last_updated": "2026-06-04T14:44:17Z"
      }
    },
    {
      "type": "Feature",
      "geometry": {
        "type": "Point",
        "coordinates": [
          5.56,
          47.5
        ]
      },
      "properties": {
        "temperature_2m": 15.8,
        "precipitation": 0.2,
        "cloud_cover": 100,
        "wind_speed_10m": 7.38,
        "last_updated": "2026-06-04T14:44:17Z"
      }
    },
    {
      "type": "Feature",
      "geometry": {
        "type": "Point",
        "coordinates": [
          5.6,
          47.5
        ]
      },
      "properties": {
        "temperature_2m": 15.7,
        "precipitation": 0.2,
        "cloud_cover": 100,
        "wind_speed_10m": 8.47,
        "last_updated": "2026-06-04T14:44:17Z"
      }
    },
    {
      "type": "Feature",
      "geometry": {
        "type": "Point",
        "coordinates": [
          5.66,
          47.5
        ]
      },
      "properties": {
        "temperature_2m": 15.7,
        "precipitation": 0.3,
        "cloud_cover": 100,
        "wind_speed_10m": 8.54,
        "last_updated": "2026-06-04T14:44:17Z"
      }
    },
    {
      "type": "Feature",
      "geometry": {
        "type": "Point",
        "coordinates": [
          5.7,
          47.5
        ]
      },
      "properties": {
        "temperature_2m": 15.3,
        "precipitation": 0.2,
        "cloud_cover": 100,
        "wind_speed_10m": 7.07,
        "last_updated": "2026-06-04T14:44:17Z"
      }
    },
    {
      "type": "Feature",
      "geometry": {
        "type": "Point",
        "coordinates": [
          5.76,
          47.5
        ]
      },
      "properties": {
        "temperature_2m": 15.1,
        "precipitation": 0.2,
        "cloud_cover": 100,
        "wind_speed_10m": 7.52,
        "last_updated": "2026-06-04T14:44:17Z"
      }
    },
    {
      "type": "Feature",
      "geometry": {
        "type": "Point",
        "coordinates": [
          5.8,
          47.5
        ]
      },
      "properties": {
        "temperature_2m": 15.3,
        "precipitation": 0.2,
        "cloud_cover": 100,
        "wind_speed_10m": 7.74,
        "last_updated": "2026-06-04T14:44:17Z"
      }
    },
    {
      "type": "Feature",
      "geometry": {
        "type": "Point",
        "coordinates": [
          5.86,
          47.5
        ]
      },
      "properties": {
        "temperature_2m": 15.0,
        "precipitation": 0.2,
        "cloud_cover": 100,
        "wind_speed_10m": 6.66,
        "last_updated": "2026-06-04T14:44:17Z"
      }
    },
    {
      "type": "Feature",
      "geometry": {
        "type": "Point",
        "coordinates": [
          5.9,
          47.5
        ]
      },
      "properties": {
        "temperature_2m": 15.3,
        "precipitation": 0.2,
        "cloud_cover": 100,
        "wind_speed_10m": 6.91,
        "last_updated": "2026-06-04T14:44:17Z"
      }
    },
    {
      "type": "Feature",
      "geometry": {
        "type": "Point",
        "coordinates": [
          5.94,
          47.5
        ]
      },
      "properties": {
        "temperature_2m": 15.3,
        "precipitation": 0.2,
        "cloud_cover": 100,
        "wind_speed_10m": 7.82,
        "last_updated": "2026-06-04T14:44:17Z"
      }
    },
    {
      "type": "Feature",
      "geometry": {
        "type": "Point",
        "coordinates": [
          4.7,
          47.54
        ]
      },
      "properties": {
        "temperature_2m": 15.3,
        "precipitation": 0.0,
        "cloud_cover": 100,
        "wind_speed_10m": 6.4,
        "last_updated": "2026-06-04T14:44:17Z"
      }
    },
    {
      "type": "Feature",
      "geometry": {
        "type": "Point",
        "coordinates": [
          4.76,
          47.54
        ]
      },
      "properties": {
        "temperature_2m": 15.2,
        "precipitation": 0.0,
        "cloud_cover": 100,
        "wind_speed_10m": 5.77,
        "last_updated": "2026-06-04T14:44:17Z"
      }
    },
    {
      "type": "Feature",
      "geometry": {
        "type": "Point",
        "coordinates": [
          4.8,
          47.54
        ]
      },
      "properties": {
        "temperature_2m": 16.0,
        "precipitation": 0.0,
        "cloud_cover": 100,
        "wind_speed_10m": 5.69,
        "last_updated": "2026-06-04T14:44:17Z"
      }
    },
    {
      "type": "Feature",
      "geometry": {
        "type": "Point",
        "coordinates": [
          4.86,
          47.54
        ]
      },
      "properties": {
        "temperature_2m": 16.2,
        "precipitation": 0.0,
        "cloud_cover": 100,
        "wind_speed_10m": 4.88,
        "last_updated": "2026-06-04T14:44:17Z"
      }
    },
    {
      "type": "Feature",
      "geometry": {
        "type": "Point",
        "coordinates": [
          4.9,
          47.54
        ]
      },
      "properties": {
        "temperature_2m": 15.3,
        "precipitation": 0.0,
        "cloud_cover": 100,
        "wind_speed_10m": 4.81,
        "last_updated": "2026-06-04T14:44:17Z"
      }
    },
    {
      "type": "Feature",
      "geometry": {
        "type": "Point",
        "coordinates": [
          4.94,
          47.54
        ]
      },
      "properties": {
        "temperature_2m": 16.2,
        "precipitation": 0.0,
        "cloud_cover": 100,
        "wind_speed_10m": 4.55,
        "last_updated": "2026-06-04T14:44:17Z"
      }
    },
    {
      "type": "Feature",
      "geometry": {
        "type": "Point",
        "coordinates": [
          5.0,
          47.54
        ]
      },
      "properties": {
        "temperature_2m": 15.7,
        "precipitation": 0.0,
        "cloud_cover": 100,
        "wind_speed_10m": 5.64,
        "last_updated": "2026-06-04T14:44:17Z"
      }
    },
    {
      "type": "Feature",
      "geometry": {
        "type": "Point",
        "coordinates": [
          5.06,
          47.54
        ]
      },
      "properties": {
        "temperature_2m": 16.2,
        "precipitation": 0.0,
        "cloud_cover": 100,
        "wind_speed_10m": 6.7,
        "last_updated": "2026-06-04T14:44:17Z"
      }
    },
    {
      "type": "Feature",
      "geometry": {
        "type": "Point",
        "coordinates": [
          5.1,
          47.54
        ]
      },
      "properties": {
        "temperature_2m": 16.5,
        "precipitation": 0.0,
        "cloud_cover": 100,
        "wind_speed_10m": 5.54,
        "last_updated": "2026-06-04T14:44:17Z"
      }
    },
    {
      "type": "Feature",
      "geometry": {
        "type": "Point",
        "coordinates": [
          5.16,
          47.54
        ]
      },
      "properties": {
        "temperature_2m": 16.5,
        "precipitation": 0.0,
        "cloud_cover": 100,
        "wind_speed_10m": 5.63,
        "last_updated": "2026-06-04T14:44:17Z"
      }
    },
    {
      "type": "Feature",
      "geometry": {
        "type": "Point",
        "coordinates": [
          5.2,
          47.54
        ]
      },
      "properties": {
        "temperature_2m": 16.5,
        "precipitation": 0.1,
        "cloud_cover": 100,
        "wind_speed_10m": 5.91,
        "last_updated": "2026-06-04T14:44:17Z"
      }
    },
    {
      "type": "Feature",
      "geometry": {
        "type": "Point",
        "coordinates": [
          5.26,
          47.54
        ]
      },
      "properties": {
        "temperature_2m": 15.5,
        "precipitation": 0.1,
        "cloud_cover": 100,
        "wind_speed_10m": 6.71,
        "last_updated": "2026-06-04T14:44:17Z"
      }
    },
    {
      "type": "Feature",
      "geometry": {
        "type": "Point",
        "coordinates": [
          5.3,
          47.54
        ]
      },
      "properties": {
        "temperature_2m": 15.7,
        "precipitation": 0.1,
        "cloud_cover": 100,
        "wind_speed_10m": 6.89,
        "last_updated": "2026-06-04T14:44:17Z"
      }
    },
    {
      "type": "Feature",
      "geometry": {
        "type": "Point",
        "coordinates": [
          5.36,
          47.54
        ]
      },
      "properties": {
        "temperature_2m": 15.7,
        "precipitation": 0.1,
        "cloud_cover": 100,
        "wind_speed_10m": 7.56,
        "last_updated": "2026-06-04T14:44:17Z"
      }
    },
    {
      "type": "Feature",
      "geometry": {
        "type": "Point",
        "coordinates": [
          5.4,
          47.54
        ]
      },
      "properties": {
        "temperature_2m": 15.5,
        "precipitation": 0.1,
        "cloud_cover": 100,
        "wind_speed_10m": 7.16,
        "last_updated": "2026-06-04T14:44:17Z"
      }
    },
    {
      "type": "Feature",
      "geometry": {
        "type": "Point",
        "coordinates": [
          5.44,
          47.54
        ]
      },
      "properties": {
        "temperature_2m": 15.7,
        "precipitation": 0.1,
        "cloud_cover": 100,
        "wind_speed_10m": 7.34,
        "last_updated": "2026-06-04T14:44:17Z"
      }
    },
    {
      "type": "Feature",
      "geometry": {
        "type": "Point",
        "coordinates": [
          5.5,
          47.54
        ]
      },
      "properties": {
        "temperature_2m": 15.7,
        "precipitation": 0.1,
        "cloud_cover": 100,
        "wind_speed_10m": 7.29,
        "last_updated": "2026-06-04T14:44:17Z"
      }
    },
    {
      "type": "Feature",
      "geometry": {
        "type": "Point",
        "coordinates": [
          5.56,
          47.54
        ]
      },
      "properties": {
        "temperature_2m": 15.8,
        "precipitation": 0.1,
        "cloud_cover": 100,
        "wind_speed_10m": 7.02,
        "last_updated": "2026-06-04T14:44:17Z"
      }
    },
    {
      "type": "Feature",
      "geometry": {
        "type": "Point",
        "coordinates": [
          5.6,
          47.54
        ]
      },
      "properties": {
        "temperature_2m": 15.5,
        "precipitation": 0.2,
        "cloud_cover": 100,
        "wind_speed_10m": 7.84,
        "last_updated": "2026-06-04T14:44:17Z"
      }
    },
    {
      "type": "Feature",
      "geometry": {
        "type": "Point",
        "coordinates": [
          5.66,
          47.54
        ]
      },
      "properties": {
        "temperature_2m": 15.4,
        "precipitation": 0.2,
        "cloud_cover": 100,
        "wind_speed_10m": 8.41,
        "last_updated": "2026-06-04T14:44:17Z"
      }
    },
    {
      "type": "Feature",
      "geometry": {
        "type": "Point",
        "coordinates": [
          5.7,
          47.54
        ]
      },
      "properties": {
        "temperature_2m": 15.5,
        "precipitation": 0.2,
        "cloud_cover": 100,
        "wind_speed_10m": 8.36,
        "last_updated": "2026-06-04T14:44:17Z"
      }
    },
    {
      "type": "Feature",
      "geometry": {
        "type": "Point",
        "coordinates": [
          5.76,
          47.54
        ]
      },
      "properties": {
        "temperature_2m": 15.6,
        "precipitation": 0.2,
        "cloud_cover": 100,
        "wind_speed_10m": 8.51,
        "last_updated": "2026-06-04T14:44:17Z"
      }
    },
    {
      "type": "Feature",
      "geometry": {
        "type": "Point",
        "coordinates": [
          5.8,
          47.54
        ]
      },
      "properties": {
        "temperature_2m": 15.2,
        "precipitation": 0.2,
        "cloud_cover": 100,
        "wind_speed_10m": 6.9,
        "last_updated": "2026-06-04T14:44:17Z"
      }
    },
    {
      "type": "Feature",
      "geometry": {
        "type": "Point",
        "coordinates": [
          5.86,
          47.54
        ]
      },
      "properties": {
        "temperature_2m": 15.5,
        "precipitation": 0.2,
        "cloud_cover": 100,
        "wind_speed_10m": 7.61,
        "last_updated": "2026-06-04T14:44:17Z"
      }
    },
    {
      "type": "Feature",
      "geometry": {
        "type": "Point",
        "coordinates": [
          5.9,
          47.54
        ]
      },
      "properties": {
        "temperature_2m": 15.3,
        "precipitation": 0.2,
        "cloud_cover": 100,
        "wind_speed_10m": 7.02,
        "last_updated": "2026-06-04T14:44:17Z"
      }
    },
    {
      "type": "Feature",
      "geometry": {
        "type": "Point",
        "coordinates": [
          5.94,
          47.54
        ]
      },
      "properties": {
        "temperature_2m": 15.4,
        "precipitation": 0.2,
        "cloud_cover": 100,
        "wind_speed_10m": 7.05,
        "last_updated": "2026-06-04T14:44:17Z"
      }
    },
    {
      "type": "Feature",
      "geometry": {
        "type": "Point",
        "coordinates": [
          4.7,
          47.6
        ]
      },
      "properties": {
        "temperature_2m": 15.5,
        "precipitation": 0.0,
        "cloud_cover": 100,
        "wind_speed_10m": 6.25,
        "last_updated": "2026-06-04T14:44:17Z"
      }
    },
    {
      "type": "Feature",
      "geometry": {
        "type": "Point",
        "coordinates": [
          4.76,
          47.6
        ]
      },
      "properties": {
        "temperature_2m": 15.6,
        "precipitation": 0.0,
        "cloud_cover": 100,
        "wind_speed_10m": 6.4,
        "last_updated": "2026-06-04T14:44:17Z"
      }
    },
    {
      "type": "Feature",
      "geometry": {
        "type": "Point",
        "coordinates": [
          4.8,
          47.6
        ]
      },
      "properties": {
        "temperature_2m": 15.2,
        "precipitation": 0.0,
        "cloud_cover": 100,
        "wind_speed_10m": 6.75,
        "last_updated": "2026-06-04T14:44:17Z"
      }
    },
    {
      "type": "Feature",
      "geometry": {
        "type": "Point",
        "coordinates": [
          4.86,
          47.6
        ]
      },
      "properties": {
        "temperature_2m": 15.0,
        "precipitation": 0.0,
        "cloud_cover": 100,
        "wind_speed_10m": 6.33,
        "last_updated": "2026-06-04T14:44:17Z"
      }
    },
    {
      "type": "Feature",
      "geometry": {
        "type": "Point",
        "coordinates": [
          4.9,
          47.6
        ]
      },
      "properties": {
        "temperature_2m": 15.1,
        "precipitation": 0.0,
        "cloud_cover": 100,
        "wind_speed_10m": 6.51,
        "last_updated": "2026-06-04T14:44:17Z"
      }
    },
    {
      "type": "Feature",
      "geometry": {
        "type": "Point",
        "coordinates": [
          4.94,
          47.6
        ]
      },
      "properties": {
        "temperature_2m": 15.7,
        "precipitation": 0.0,
        "cloud_cover": 100,
        "wind_speed_10m": 6.37,
        "last_updated": "2026-06-04T14:44:17Z"
      }
    },
    {
      "type": "Feature",
      "geometry": {
        "type": "Point",
        "coordinates": [
          5.0,
          47.6
        ]
      },
      "properties": {
        "temperature_2m": 15.9,
        "precipitation": 0.0,
        "cloud_cover": 100,
        "wind_speed_10m": 4.67,
        "last_updated": "2026-06-04T14:44:17Z"
      }
    },
    {
      "type": "Feature",
      "geometry": {
        "type": "Point",
        "coordinates": [
          5.06,
          47.6
        ]
      },
      "properties": {
        "temperature_2m": 15.7,
        "precipitation": 0.0,
        "cloud_cover": 100,
        "wind_speed_10m": 4.84,
        "last_updated": "2026-06-04T14:44:17Z"
      }
    },
    {
      "type": "Feature",
      "geometry": {
        "type": "Point",
        "coordinates": [
          5.1,
          47.6
        ]
      },
      "properties": {
        "temperature_2m": 16.3,
        "precipitation": 0.0,
        "cloud_cover": 100,
        "wind_speed_10m": 5.0,
        "last_updated": "2026-06-04T14:44:17Z"
      }
    },
    {
      "type": "Feature",
      "geometry": {
        "type": "Point",
        "coordinates": [
          5.16,
          47.6
        ]
      },
      "properties": {
        "temperature_2m": 15.8,
        "precipitation": 0.0,
        "cloud_cover": 100,
        "wind_speed_10m": 4.7,
        "last_updated": "2026-06-04T14:44:17Z"
      }
    },
    {
      "type": "Feature",
      "geometry": {
        "type": "Point",
        "coordinates": [
          5.2,
          47.6
        ]
      },
      "properties": {
        "temperature_2m": 16.1,
        "precipitation": 0.0,
        "cloud_cover": 100,
        "wind_speed_10m": 5.36,
        "last_updated": "2026-06-04T14:44:17Z"
      }
    },
    {
      "type": "Feature",
      "geometry": {
        "type": "Point",
        "coordinates": [
          5.26,
          47.6
        ]
      },
      "properties": {
        "temperature_2m": 16.2,
        "precipitation": 0.0,
        "cloud_cover": 100,
        "wind_speed_10m": 6.71,
        "last_updated": "2026-06-04T14:44:17Z"
      }
    },
    {
      "type": "Feature",
      "geometry": {
        "type": "Point",
        "coordinates": [
          5.3,
          47.6
        ]
      },
      "properties": {
        "temperature_2m": 15.7,
        "precipitation": 0.0,
        "cloud_cover": 100,
        "wind_speed_10m": 7.13,
        "last_updated": "2026-06-04T14:44:17Z"
      }
    },
    {
      "type": "Feature",
      "geometry": {
        "type": "Point",
        "coordinates": [
          5.36,
          47.6
        ]
      },
      "properties": {
        "temperature_2m": 15.7,
        "precipitation": 0.1,
        "cloud_cover": 100,
        "wind_speed_10m": 6.91,
        "last_updated": "2026-06-04T14:44:17Z"
      }
    },
    {
      "type": "Feature",
      "geometry": {
        "type": "Point",
        "coordinates": [
          5.4,
          47.6
        ]
      },
      "properties": {
        "temperature_2m": 16.0,
        "precipitation": 0.1,
        "cloud_cover": 100,
        "wind_speed_10m": 6.84,
        "last_updated": "2026-06-04T14:44:17Z"
      }
    },
    {
      "type": "Feature",
      "geometry": {
        "type": "Point",
        "coordinates": [
          5.44,
          47.6
        ]
      },
      "properties": {
        "temperature_2m": 15.6,
        "precipitation": 0.1,
        "cloud_cover": 100,
        "wind_speed_10m": 7.16,
        "last_updated": "2026-06-04T14:44:17Z"
      }
    },
    {
      "type": "Feature",
      "geometry": {
        "type": "Point",
        "coordinates": [
          5.5,
          47.6
        ]
      },
      "properties": {
        "temperature_2m": 15.3,
        "precipitation": 0.1,
        "cloud_cover": 100,
        "wind_speed_10m": 7.02,
        "last_updated": "2026-06-04T14:44:17Z"
      }
    },
    {
      "type": "Feature",
      "geometry": {
        "type": "Point",
        "coordinates": [
          5.56,
          47.6
        ]
      },
      "properties": {
        "temperature_2m": 15.5,
        "precipitation": 0.2,
        "cloud_cover": 100,
        "wind_speed_10m": 6.72,
        "last_updated": "2026-06-04T14:44:17Z"
      }
    },
    {
      "type": "Feature",
      "geometry": {
        "type": "Point",
        "coordinates": [
          5.6,
          47.6
        ]
      },
      "properties": {
        "temperature_2m": 15.2,
        "precipitation": 0.3,
        "cloud_cover": 100,
        "wind_speed_10m": 6.66,
        "last_updated": "2026-06-04T14:44:17Z"
      }
    },
    {
      "type": "Feature",
      "geometry": {
        "type": "Point",
        "coordinates": [
          5.66,
          47.6
        ]
      },
      "properties": {
        "temperature_2m": 15.4,
        "precipitation": 0.4,
        "cloud_cover": 100,
        "wind_speed_10m": 8.14,
        "last_updated": "2026-06-04T14:44:17Z"
      }
    },
    {
      "type": "Feature",
      "geometry": {
        "type": "Point",
        "coordinates": [
          5.7,
          47.6
        ]
      },
      "properties": {
        "temperature_2m": 15.4,
        "precipitation": 0.4,
        "cloud_cover": 100,
        "wind_speed_10m": 8.55,
        "last_updated": "2026-06-04T14:44:17Z"
      }
    },
    {
      "type": "Feature",
      "geometry": {
        "type": "Point",
        "coordinates": [
          5.76,
          47.6
        ]
      },
      "properties": {
        "temperature_2m": 15.3,
        "precipitation": 0.2,
        "cloud_cover": 100,
        "wind_speed_10m": 9.28,
        "last_updated": "2026-06-04T14:44:17Z"
      }
    },
    {
      "type": "Feature",
      "geometry": {
        "type": "Point",
        "coordinates": [
          5.8,
          47.6
        ]
      },
      "properties": {
        "temperature_2m": 15.4,
        "precipitation": 0.2,
        "cloud_cover": 100,
        "wind_speed_10m": 7.67,
        "last_updated": "2026-06-04T14:44:17Z"
      }
    },
    {
      "type": "Feature",
      "geometry": {
        "type": "Point",
        "coordinates": [
          5.86,
          47.6
        ]
      },
      "properties": {
        "temperature_2m": 15.5,
        "precipitation": 0.1,
        "cloud_cover": 100,
        "wind_speed_10m": 7.98,
        "last_updated": "2026-06-04T14:44:17Z"
      }
    },
    {
      "type": "Feature",
      "geometry": {
        "type": "Point",
        "coordinates": [
          5.9,
          47.6
        ]
      },
      "properties": {
        "temperature_2m": 15.4,
        "precipitation": 0.1,
        "cloud_cover": 100,
        "wind_speed_10m": 6.95,
        "last_updated": "2026-06-04T14:44:17Z"
      }
    },
    {
      "type": "Feature",
      "geometry": {
        "type": "Point",
        "coordinates": [
          5.94,
          47.6
        ]
      },
      "properties": {
        "temperature_2m": 15.2,
        "precipitation": 0.1,
        "cloud_cover": 100,
        "wind_speed_10m": 7.19,
        "last_updated": "2026-06-04T14:44:17Z"
      }
    },
    {
      "type": "Feature",
      "geometry": {
        "type": "Point",
        "coordinates": [
          4.7,
          47.66
        ]
      },
      "properties": {
        "temperature_2m": 15.7,
        "precipitation": 0.0,
        "cloud_cover": 100,
        "wind_speed_10m": 6.65,
        "last_updated": "2026-06-04T14:44:17Z"
      }
    },
    {
      "type": "Feature",
      "geometry": {
        "type": "Point",
        "coordinates": [
          4.76,
          47.66
        ]
      },
      "properties": {
        "temperature_2m": 15.6,
        "precipitation": 0.0,
        "cloud_cover": 100,
        "wind_speed_10m": 6.44,
        "last_updated": "2026-06-04T14:44:17Z"
      }
    },
    {
      "type": "Feature",
      "geometry": {
        "type": "Point",
        "coordinates": [
          4.8,
          47.66
        ]
      },
      "properties": {
        "temperature_2m": 15.2,
        "precipitation": 0.0,
        "cloud_cover": 100,
        "wind_speed_10m": 6.44,
        "last_updated": "2026-06-04T14:44:17Z"
      }
    },
    {
      "type": "Feature",
      "geometry": {
        "type": "Point",
        "coordinates": [
          4.86,
          47.66
        ]
      },
      "properties": {
        "temperature_2m": 15.6,
        "precipitation": 0.0,
        "cloud_cover": 100,
        "wind_speed_10m": 6.88,
        "last_updated": "2026-06-04T14:44:17Z"
      }
    },
    {
      "type": "Feature",
      "geometry": {
        "type": "Point",
        "coordinates": [
          4.9,
          47.66
        ]
      },
      "properties": {
        "temperature_2m": 15.3,
        "precipitation": 0.0,
        "cloud_cover": 100,
        "wind_speed_10m": 6.94,
        "last_updated": "2026-06-04T14:44:17Z"
      }
    },
    {
      "type": "Feature",
      "geometry": {
        "type": "Point",
        "coordinates": [
          4.94,
          47.66
        ]
      },
      "properties": {
        "temperature_2m": 15.6,
        "precipitation": 0.0,
        "cloud_cover": 100,
        "wind_speed_10m": 6.65,
        "last_updated": "2026-06-04T14:44:17Z"
      }
    },
    {
      "type": "Feature",
      "geometry": {
        "type": "Point",
        "coordinates": [
          5.0,
          47.66
        ]
      },
      "properties": {
        "temperature_2m": 15.9,
        "precipitation": 0.0,
        "cloud_cover": 100,
        "wind_speed_10m": 6.37,
        "last_updated": "2026-06-04T14:44:17Z"
      }
    },
    {
      "type": "Feature",
      "geometry": {
        "type": "Point",
        "coordinates": [
          5.06,
          47.66
        ]
      },
      "properties": {
        "temperature_2m": 15.9,
        "precipitation": 0.0,
        "cloud_cover": 100,
        "wind_speed_10m": 5.17,
        "last_updated": "2026-06-04T14:44:17Z"
      }
    },
    {
      "type": "Feature",
      "geometry": {
        "type": "Point",
        "coordinates": [
          5.1,
          47.66
        ]
      },
      "properties": {
        "temperature_2m": 16.1,
        "precipitation": 0.0,
        "cloud_cover": 100,
        "wind_speed_10m": 4.95,
        "last_updated": "2026-06-04T14:44:17Z"
      }
    },
    {
      "type": "Feature",
      "geometry": {
        "type": "Point",
        "coordinates": [
          5.16,
          47.66
        ]
      },
      "properties": {
        "temperature_2m": 15.9,
        "precipitation": 0.0,
        "cloud_cover": 100,
        "wind_speed_10m": 5.64,
        "last_updated": "2026-06-04T14:44:17Z"
      }
    },
    {
      "type": "Feature",
      "geometry": {
        "type": "Point",
        "coordinates": [
          5.2,
          47.66
        ]
      },
      "properties": {
        "temperature_2m": 15.5,
        "precipitation": 0.0,
        "cloud_cover": 100,
        "wind_speed_10m": 5.95,
        "last_updated": "2026-06-04T14:44:17Z"
      }
    },
    {
      "type": "Feature",
      "geometry": {
        "type": "Point",
        "coordinates": [
          5.26,
          47.66
        ]
      },
      "properties": {
        "temperature_2m": 16.1,
        "precipitation": 0.0,
        "cloud_cover": 100,
        "wind_speed_10m": 5.61,
        "last_updated": "2026-06-04T14:44:17Z"
      }
    },
    {
      "type": "Feature",
      "geometry": {
        "type": "Point",
        "coordinates": [
          5.3,
          47.66
        ]
      },
      "properties": {
        "temperature_2m": 16.6,
        "precipitation": 0.1,
        "cloud_cover": 100,
        "wind_speed_10m": 5.28,
        "last_updated": "2026-06-04T14:44:17Z"
      }
    },
    {
      "type": "Feature",
      "geometry": {
        "type": "Point",
        "coordinates": [
          5.36,
          47.66
        ]
      },
      "properties": {
        "temperature_2m": 16.3,
        "precipitation": 0.1,
        "cloud_cover": 100,
        "wind_speed_10m": 5.82,
        "last_updated": "2026-06-04T14:44:17Z"
      }
    },
    {
      "type": "Feature",
      "geometry": {
        "type": "Point",
        "coordinates": [
          5.4,
          47.66
        ]
      },
      "properties": {
        "temperature_2m": 15.4,
        "precipitation": 0.1,
        "cloud_cover": 100,
        "wind_speed_10m": 6.71,
        "last_updated": "2026-06-04T14:44:17Z"
      }
    },
    {
      "type": "Feature",
      "geometry": {
        "type": "Point",
        "coordinates": [
          5.44,
          47.66
        ]
      },
      "properties": {
        "temperature_2m": 15.3,
        "precipitation": 0.2,
        "cloud_cover": 100,
        "wind_speed_10m": 7.39,
        "last_updated": "2026-06-04T14:44:17Z"
      }
    },
    {
      "type": "Feature",
      "geometry": {
        "type": "Point",
        "coordinates": [
          5.5,
          47.66
        ]
      },
      "properties": {
        "temperature_2m": 15.9,
        "precipitation": 0.6,
        "cloud_cover": 100,
        "wind_speed_10m": 8.29,
        "last_updated": "2026-06-04T14:44:17Z"
      }
    },
    {
      "type": "Feature",
      "geometry": {
        "type": "Point",
        "coordinates": [
          5.56,
          47.66
        ]
      },
      "properties": {
        "temperature_2m": 15.2,
        "precipitation": 0.5,
        "cloud_cover": 100,
        "wind_speed_10m": 8.05,
        "last_updated": "2026-06-04T14:44:17Z"
      }
    },
    {
      "type": "Feature",
      "geometry": {
        "type": "Point",
        "coordinates": [
          5.6,
          47.66
        ]
      },
      "properties": {
        "temperature_2m": 14.9,
        "precipitation": 0.4,
        "cloud_cover": 100,
        "wind_speed_10m": 8.32,
        "last_updated": "2026-06-04T14:44:17Z"
      }
    },
    {
      "type": "Feature",
      "geometry": {
        "type": "Point",
        "coordinates": [
          5.66,
          47.66
        ]
      },
      "properties": {
        "temperature_2m": 15.1,
        "precipitation": 0.5,
        "cloud_cover": 100,
        "wind_speed_10m": 8.19,
        "last_updated": "2026-06-04T14:44:17Z"
      }
    },
    {
      "type": "Feature",
      "geometry": {
        "type": "Point",
        "coordinates": [
          5.7,
          47.66
        ]
      },
      "properties": {
        "temperature_2m": 14.8,
        "precipitation": 0.5,
        "cloud_cover": 100,
        "wind_speed_10m": 7.2,
        "last_updated": "2026-06-04T14:44:17Z"
      }
    },
    {
      "type": "Feature",
      "geometry": {
        "type": "Point",
        "coordinates": [
          5.76,
          47.66
        ]
      },
      "properties": {
        "temperature_2m": 15.3,
        "precipitation": 0.4,
        "cloud_cover": 100,
        "wind_speed_10m": 8.2,
        "last_updated": "2026-06-04T14:44:17Z"
      }
    },
    {
      "type": "Feature",
      "geometry": {
        "type": "Point",
        "coordinates": [
          5.8,
          47.66
        ]
      },
      "properties": {
        "temperature_2m": 15.4,
        "precipitation": 0.2,
        "cloud_cover": 100,
        "wind_speed_10m": 8.37,
        "last_updated": "2026-06-04T14:44:17Z"
      }
    },
    {
      "type": "Feature",
      "geometry": {
        "type": "Point",
        "coordinates": [
          5.86,
          47.66
        ]
      },
      "properties": {
        "temperature_2m": 14.9,
        "precipitation": 0.1,
        "cloud_cover": 100,
        "wind_speed_10m": 7.03,
        "last_updated": "2026-06-04T14:44:17Z"
      }
    },
    {
      "type": "Feature",
      "geometry": {
        "type": "Point",
        "coordinates": [
          5.9,
          47.66
        ]
      },
      "properties": {
        "temperature_2m": 14.6,
        "precipitation": 0.1,
        "cloud_cover": 100,
        "wind_speed_10m": 6.69,
        "last_updated": "2026-06-04T14:44:17Z"
      }
    },
    {
      "type": "Feature",
      "geometry": {
        "type": "Point",
        "coordinates": [
          5.94,
          47.66
        ]
      },
      "properties": {
        "temperature_2m": 14.9,
        "precipitation": 0.1,
        "cloud_cover": 100,
        "wind_speed_10m": 6.59,
        "last_updated": "2026-06-04T14:44:17Z"
      }
    },
    {
      "type": "Feature",
      "geometry": {
        "type": "Point",
        "coordinates": [
          4.7,
          47.7
        ]
      },
      "properties": {
        "temperature_2m": 15.4,
        "precipitation": 0.0,
        "cloud_cover": 100,
        "wind_speed_10m": 7.29,
        "last_updated": "2026-06-04T14:44:17Z"
      }
    },
    {
      "type": "Feature",
      "geometry": {
        "type": "Point",
        "coordinates": [
          4.76,
          47.7
        ]
      },
      "properties": {
        "temperature_2m": 15.7,
        "precipitation": 0.0,
        "cloud_cover": 100,
        "wind_speed_10m": 6.51,
        "last_updated": "2026-06-04T14:44:17Z"
      }
    },
    {
      "type": "Feature",
      "geometry": {
        "type": "Point",
        "coordinates": [
          4.8,
          47.7
        ]
      },
      "properties": {
        "temperature_2m": 15.6,
        "precipitation": 0.0,
        "cloud_cover": 100,
        "wind_speed_10m": 5.59,
        "last_updated": "2026-06-04T14:44:17Z"
      }
    },
    {
      "type": "Feature",
      "geometry": {
        "type": "Point",
        "coordinates": [
          4.86,
          47.7
        ]
      },
      "properties": {
        "temperature_2m": 15.9,
        "precipitation": 0.0,
        "cloud_cover": 100,
        "wind_speed_10m": 6.31,
        "last_updated": "2026-06-04T14:44:17Z"
      }
    },
    {
      "type": "Feature",
      "geometry": {
        "type": "Point",
        "coordinates": [
          4.9,
          47.7
        ]
      },
      "properties": {
        "temperature_2m": 15.5,
        "precipitation": 0.0,
        "cloud_cover": 100,
        "wind_speed_10m": 6.01,
        "last_updated": "2026-06-04T14:44:17Z"
      }
    },
    {
      "type": "Feature",
      "geometry": {
        "type": "Point",
        "coordinates": [
          4.94,
          47.7
        ]
      },
      "properties": {
        "temperature_2m": 15.4,
        "precipitation": 0.0,
        "cloud_cover": 100,
        "wind_speed_10m": 6.37,
        "last_updated": "2026-06-04T14:44:17Z"
      }
    },
    {
      "type": "Feature",
      "geometry": {
        "type": "Point",
        "coordinates": [
          5.0,
          47.7
        ]
      },
      "properties": {
        "temperature_2m": 15.3,
        "precipitation": 0.0,
        "cloud_cover": 100,
        "wind_speed_10m": 5.87,
        "last_updated": "2026-06-04T14:44:17Z"
      }
    },
    {
      "type": "Feature",
      "geometry": {
        "type": "Point",
        "coordinates": [
          5.06,
          47.7
        ]
      },
      "properties": {
        "temperature_2m": 16.0,
        "precipitation": 0.0,
        "cloud_cover": 100,
        "wind_speed_10m": 6.3,
        "last_updated": "2026-06-04T14:44:17Z"
      }
    },
    {
      "type": "Feature",
      "geometry": {
        "type": "Point",
        "coordinates": [
          5.1,
          47.7
        ]
      },
      "properties": {
        "temperature_2m": 15.8,
        "precipitation": 0.0,
        "cloud_cover": 100,
        "wind_speed_10m": 6.79,
        "last_updated": "2026-06-04T14:44:17Z"
      }
    },
    {
      "type": "Feature",
      "geometry": {
        "type": "Point",
        "coordinates": [
          5.16,
          47.7
        ]
      },
      "properties": {
        "temperature_2m": 15.7,
        "precipitation": 0.0,
        "cloud_cover": 100,
        "wind_speed_10m": 6.9,
        "last_updated": "2026-06-04T14:44:17Z"
      }
    },
    {
      "type": "Feature",
      "geometry": {
        "type": "Point",
        "coordinates": [
          5.2,
          47.7
        ]
      },
      "properties": {
        "temperature_2m": 15.6,
        "precipitation": 0.0,
        "cloud_cover": 100,
        "wind_speed_10m": 6.52,
        "last_updated": "2026-06-04T14:44:17Z"
      }
    },
    {
      "type": "Feature",
      "geometry": {
        "type": "Point",
        "coordinates": [
          5.26,
          47.7
        ]
      },
      "properties": {
        "temperature_2m": 16.5,
        "precipitation": 0.0,
        "cloud_cover": 100,
        "wind_speed_10m": 5.45,
        "last_updated": "2026-06-04T14:44:17Z"
      }
    },
    {
      "type": "Feature",
      "geometry": {
        "type": "Point",
        "coordinates": [
          5.3,
          47.7
        ]
      },
      "properties": {
        "temperature_2m": 16.1,
        "precipitation": 0.1,
        "cloud_cover": 100,
        "wind_speed_10m": 4.58,
        "last_updated": "2026-06-04T14:44:17Z"
      }
    },
    {
      "type": "Feature",
      "geometry": {
        "type": "Point",
        "coordinates": [
          5.36,
          47.7
        ]
      },
      "properties": {
        "temperature_2m": 15.9,
        "precipitation": 0.2,
        "cloud_cover": 100,
        "wind_speed_10m": 4.93,
        "last_updated": "2026-06-04T14:44:17Z"
      }
    },
    {
      "type": "Feature",
      "geometry": {
        "type": "Point",
        "coordinates": [
          5.4,
          47.7
        ]
      },
      "properties": {
        "temperature_2m": 15.4,
        "precipitation": 0.2,
        "cloud_cover": 100,
        "wind_speed_10m": 5.13,
        "last_updated": "2026-06-04T14:44:17Z"
      }
    },
    {
      "type": "Feature",
      "geometry": {
        "type": "Point",
        "coordinates": [
          5.44,
          47.7
        ]
      },
      "properties": {
        "temperature_2m": 15.9,
        "precipitation": 0.3,
        "cloud_cover": 100,
        "wind_speed_10m": 5.85,
        "last_updated": "2026-06-04T14:44:17Z"
      }
    },
    {
      "type": "Feature",
      "geometry": {
        "type": "Point",
        "coordinates": [
          5.5,
          47.7
        ]
      },
      "properties": {
        "temperature_2m": 15.1,
        "precipitation": 0.7,
        "cloud_cover": 100,
        "wind_speed_10m": 6.49,
        "last_updated": "2026-06-04T14:44:17Z"
      }
    },
    {
      "type": "Feature",
      "geometry": {
        "type": "Point",
        "coordinates": [
          5.56,
          47.7
        ]
      },
      "properties": {
        "temperature_2m": 15.1,
        "precipitation": 0.9,
        "cloud_cover": 100,
        "wind_speed_10m": 7.12,
        "last_updated": "2026-06-04T14:44:17Z"
      }
    },
    {
      "type": "Feature",
      "geometry": {
        "type": "Point",
        "coordinates": [
          5.6,
          47.7
        ]
      },
      "properties": {
        "temperature_2m": 15.0,
        "precipitation": 0.8,
        "cloud_cover": 100,
        "wind_speed_10m": 7.44,
        "last_updated": "2026-06-04T14:44:17Z"
      }
    },
    {
      "type": "Feature",
      "geometry": {
        "type": "Point",
        "coordinates": [
          5.66,
          47.7
        ]
      },
      "properties": {
        "temperature_2m": 15.2,
        "precipitation": 0.6,
        "cloud_cover": 100,
        "wind_speed_10m": 7.7,
        "last_updated": "2026-06-04T14:44:17Z"
      }
    },
    {
      "type": "Feature",
      "geometry": {
        "type": "Point",
        "coordinates": [
          5.7,
          47.7
        ]
      },
      "properties": {
        "temperature_2m": 14.4,
        "precipitation": 0.6,
        "cloud_cover": 100,
        "wind_speed_10m": 8.41,
        "last_updated": "2026-06-04T14:44:17Z"
      }
    },
    {
      "type": "Feature",
      "geometry": {
        "type": "Point",
        "coordinates": [
          5.76,
          47.7
        ]
      },
      "properties": {
        "temperature_2m": 15.2,
        "precipitation": 0.6,
        "cloud_cover": 100,
        "wind_speed_10m": 8.1,
        "last_updated": "2026-06-04T14:44:17Z"
      }
    },
    {
      "type": "Feature",
      "geometry": {
        "type": "Point",
        "coordinates": [
          5.8,
          47.7
        ]
      },
      "properties": {
        "temperature_2m": 14.9,
        "precipitation": 0.6,
        "cloud_cover": 100,
        "wind_speed_10m": 7.87,
        "last_updated": "2026-06-04T14:44:17Z"
      }
    },
    {
      "type": "Feature",
      "geometry": {
        "type": "Point",
        "coordinates": [
          5.86,
          47.7
        ]
      },
      "properties": {
        "temperature_2m": 14.8,
        "precipitation": 0.3,
        "cloud_cover": 100,
        "wind_speed_10m": 6.85,
        "last_updated": "2026-06-04T14:44:17Z"
      }
    },
    {
      "type": "Feature",
      "geometry": {
        "type": "Point",
        "coordinates": [
          5.9,
          47.7
        ]
      },
      "properties": {
        "temperature_2m": 14.4,
        "precipitation": 0.1,
        "cloud_cover": 100,
        "wind_speed_10m": 6.81,
        "last_updated": "2026-06-04T14:44:17Z"
      }
    },
    {
      "type": "Feature",
      "geometry": {
        "type": "Point",
        "coordinates": [
          5.94,
          47.7
        ]
      },
      "properties": {
        "temperature_2m": 14.8,
        "precipitation": 0.1,
        "cloud_cover": 100,
        "wind_speed_10m": 6.81,
        "last_updated": "2026-06-04T14:44:17Z"
      }
    },
    {
      "type": "Feature",
      "geometry": {
        "type": "Point",
        "coordinates": [
          4.7,
          47.74
        ]
      },
      "properties": {
        "temperature_2m": 15.8,
        "precipitation": 0.0,
        "cloud_cover": 100,
        "wind_speed_10m": 6.14,
        "last_updated": "2026-06-04T14:44:17Z"
      }
    },
    {
      "type": "Feature",
      "geometry": {
        "type": "Point",
        "coordinates": [
          4.76,
          47.74
        ]
      },
      "properties": {
        "temperature_2m": 15.9,
        "precipitation": 0.0,
        "cloud_cover": 100,
        "wind_speed_10m": 6.24,
        "last_updated": "2026-06-04T14:44:17Z"
      }
    },
    {
      "type": "Feature",
      "geometry": {
        "type": "Point",
        "coordinates": [
          4.8,
          47.74
        ]
      },
      "properties": {
        "temperature_2m": 15.9,
        "precipitation": 0.0,
        "cloud_cover": 100,
        "wind_speed_10m": 5.74,
        "last_updated": "2026-06-04T14:44:17Z"
      }
    },
    {
      "type": "Feature",
      "geometry": {
        "type": "Point",
        "coordinates": [
          4.86,
          47.74
        ]
      },
      "properties": {
        "temperature_2m": 15.9,
        "precipitation": 0.0,
        "cloud_cover": 100,
        "wind_speed_10m": 6.73,
        "last_updated": "2026-06-04T14:44:17Z"
      }
    },
    {
      "type": "Feature",
      "geometry": {
        "type": "Point",
        "coordinates": [
          4.9,
          47.74
        ]
      },
      "properties": {
        "temperature_2m": 15.4,
        "precipitation": 0.0,
        "cloud_cover": 100,
        "wind_speed_10m": 6.89,
        "last_updated": "2026-06-04T14:44:17Z"
      }
    },
    {
      "type": "Feature",
      "geometry": {
        "type": "Point",
        "coordinates": [
          4.94,
          47.74
        ]
      },
      "properties": {
        "temperature_2m": 15.7,
        "precipitation": 0.0,
        "cloud_cover": 100,
        "wind_speed_10m": 6.4,
        "last_updated": "2026-06-04T14:44:17Z"
      }
    },
    {
      "type": "Feature",
      "geometry": {
        "type": "Point",
        "coordinates": [
          5.0,
          47.74
        ]
      },
      "properties": {
        "temperature_2m": 15.6,
        "precipitation": 0.0,
        "cloud_cover": 100,
        "wind_speed_10m": 6.01,
        "last_updated": "2026-06-04T14:44:17Z"
      }
    },
    {
      "type": "Feature",
      "geometry": {
        "type": "Point",
        "coordinates": [
          5.06,
          47.74
        ]
      },
      "properties": {
        "temperature_2m": 15.3,
        "precipitation": 0.0,
        "cloud_cover": 100,
        "wind_speed_10m": 5.8,
        "last_updated": "2026-06-04T14:44:17Z"
      }
    },
    {
      "type": "Feature",
      "geometry": {
        "type": "Point",
        "coordinates": [
          5.1,
          47.74
        ]
      },
      "properties": {
        "temperature_2m": 15.7,
        "precipitation": 0.0,
        "cloud_cover": 100,
        "wind_speed_10m": 5.8,
        "last_updated": "2026-06-04T14:44:17Z"
      }
    },
    {
      "type": "Feature",
      "geometry": {
        "type": "Point",
        "coordinates": [
          5.16,
          47.74
        ]
      },
      "properties": {
        "temperature_2m": 15.6,
        "precipitation": 0.0,
        "cloud_cover": 100,
        "wind_speed_10m": 7.14,
        "last_updated": "2026-06-04T14:44:17Z"
      }
    },
    {
      "type": "Feature",
      "geometry": {
        "type": "Point",
        "coordinates": [
          5.2,
          47.74
        ]
      },
      "properties": {
        "temperature_2m": 15.7,
        "precipitation": 0.0,
        "cloud_cover": 100,
        "wind_speed_10m": 7.43,
        "last_updated": "2026-06-04T14:44:17Z"
      }
    },
    {
      "type": "Feature",
      "geometry": {
        "type": "Point",
        "coordinates": [
          5.26,
          47.74
        ]
      },
      "properties": {
        "temperature_2m": 16.4,
        "precipitation": 0.0,
        "cloud_cover": 100,
        "wind_speed_10m": 7.43,
        "last_updated": "2026-06-04T14:44:17Z"
      }
    },
    {
      "type": "Feature",
      "geometry": {
        "type": "Point",
        "coordinates": [
          5.3,
          47.74
        ]
      },
      "properties": {
        "temperature_2m": 16.8,
        "precipitation": 0.0,
        "cloud_cover": 100,
        "wind_speed_10m": 6.02,
        "last_updated": "2026-06-04T14:44:17Z"
      }
    },
    {
      "type": "Feature",
      "geometry": {
        "type": "Point",
        "coordinates": [
          5.36,
          47.74
        ]
      },
      "properties": {
        "temperature_2m": 16.2,
        "precipitation": 0.1,
        "cloud_cover": 100,
        "wind_speed_10m": 5.55,
        "last_updated": "2026-06-04T14:44:17Z"
      }
    },
    {
      "type": "Feature",
      "geometry": {
        "type": "Point",
        "coordinates": [
          5.4,
          47.74
        ]
      },
      "properties": {
        "temperature_2m": 15.6,
        "precipitation": 0.1,
        "cloud_cover": 100,
        "wind_speed_10m": 5.59,
        "last_updated": "2026-06-04T14:44:17Z"
      }
    },
    {
      "type": "Feature",
      "geometry": {
        "type": "Point",
        "coordinates": [
          5.44,
          47.74
        ]
      },
      "properties": {
        "temperature_2m": 16.0,
        "precipitation": 0.1,
        "cloud_cover": 100,
        "wind_speed_10m": 5.32,
        "last_updated": "2026-06-04T14:44:17Z"
      }
    },
    {
      "type": "Feature",
      "geometry": {
        "type": "Point",
        "coordinates": [
          5.5,
          47.74
        ]
      },
      "properties": {
        "temperature_2m": 15.5,
        "precipitation": 0.5,
        "cloud_cover": 100,
        "wind_speed_10m": 5.9,
        "last_updated": "2026-06-04T14:44:17Z"
      }
    },
    {
      "type": "Feature",
      "geometry": {
        "type": "Point",
        "coordinates": [
          5.56,
          47.74
        ]
      },
      "properties": {
        "temperature_2m": 15.3,
        "precipitation": 0.6,
        "cloud_cover": 100,
        "wind_speed_10m": 6.52,
        "last_updated": "2026-06-04T14:44:17Z"
      }
    },
    {
      "type": "Feature",
      "geometry": {
        "type": "Point",
        "coordinates": [
          5.6,
          47.74
        ]
      },
      "properties": {
        "temperature_2m": 15.1,
        "precipitation": 0.7,
        "cloud_cover": 100,
        "wind_speed_10m": 7.05,
        "last_updated": "2026-06-04T14:44:17Z"
      }
    },
    {
      "type": "Feature",
      "geometry": {
        "type": "Point",
        "coordinates": [
          5.66,
          47.74
        ]
      },
      "properties": {
        "temperature_2m": 14.4,
        "precipitation": 0.4,
        "cloud_cover": 100,
        "wind_speed_10m": 6.05,
        "last_updated": "2026-06-04T14:44:17Z"
      }
    },
    {
      "type": "Feature",
      "geometry": {
        "type": "Point",
        "coordinates": [
          5.7,
          47.74
        ]
      },
      "properties": {
        "temperature_2m": 14.2,
        "precipitation": 0.3,
        "cloud_cover": 100,
        "wind_speed_10m": 6.18,
        "last_updated": "2026-06-04T14:44:17Z"
      }
    },
    {
      "type": "Feature",
      "geometry": {
        "type": "Point",
        "coordinates": [
          5.76,
          47.74
        ]
      },
      "properties": {
        "temperature_2m": 14.6,
        "precipitation": 0.3,
        "cloud_cover": 100,
        "wind_speed_10m": 7.21,
        "last_updated": "2026-06-04T14:44:17Z"
      }
    },
    {
      "type": "Feature",
      "geometry": {
        "type": "Point",
        "coordinates": [
          5.8,
          47.74
        ]
      },
      "properties": {
        "temperature_2m": 14.3,
        "precipitation": 0.2,
        "cloud_cover": 100,
        "wind_speed_10m": 6.48,
        "last_updated": "2026-06-04T14:44:17Z"
      }
    },
    {
      "type": "Feature",
      "geometry": {
        "type": "Point",
        "coordinates": [
          5.86,
          47.74
        ]
      },
      "properties": {
        "temperature_2m": 14.9,
        "precipitation": 0.2,
        "cloud_cover": 100,
        "wind_speed_10m": 7.47,
        "last_updated": "2026-06-04T14:44:17Z"
      }
    },
    {
      "type": "Feature",
      "geometry": {
        "type": "Point",
        "coordinates": [
          5.9,
          47.74
        ]
      },
      "properties": {
        "temperature_2m": 14.9,
        "precipitation": 0.1,
        "cloud_cover": 100,
        "wind_speed_10m": 7.16,
        "last_updated": "2026-06-04T14:44:17Z"
      }
    },
    {
      "type": "Feature",
      "geometry": {
        "type": "Point",
        "coordinates": [
          5.94,
          47.74
        ]
      },
      "properties": {
        "temperature_2m": 14.7,
        "precipitation": 0.0,
        "cloud_cover": 100,
        "wind_speed_10m": 6.35,
        "last_updated": "2026-06-04T14:44:17Z"
      }
    },
    {
      "type": "Feature",
      "geometry": {
        "type": "Point",
        "coordinates": [
          4.7,
          47.8
        ]
      },
      "properties": {
        "temperature_2m": 16.2,
        "precipitation": 0.0,
        "cloud_cover": 100,
        "wind_speed_10m": 5.69,
        "last_updated": "2026-06-04T14:44:17Z"
      }
    },
    {
      "type": "Feature",
      "geometry": {
        "type": "Point",
        "coordinates": [
          4.76,
          47.8
        ]
      },
      "properties": {
        "temperature_2m": 16.3,
        "precipitation": 0.0,
        "cloud_cover": 100,
        "wind_speed_10m": 5.38,
        "last_updated": "2026-06-04T14:44:17Z"
      }
    },
    {
      "type": "Feature",
      "geometry": {
        "type": "Point",
        "coordinates": [
          4.8,
          47.8
        ]
      },
      "properties": {
        "temperature_2m": 16.1,
        "precipitation": 0.0,
        "cloud_cover": 100,
        "wind_speed_10m": 5.32,
        "last_updated": "2026-06-04T14:44:17Z"
      }
    },
    {
      "type": "Feature",
      "geometry": {
        "type": "Point",
        "coordinates": [
          4.86,
          47.8
        ]
      },
      "properties": {
        "temperature_2m": 16.2,
        "precipitation": 0.0,
        "cloud_cover": 100,
        "wind_speed_10m": 5.88,
        "last_updated": "2026-06-04T14:44:17Z"
      }
    },
    {
      "type": "Feature",
      "geometry": {
        "type": "Point",
        "coordinates": [
          4.9,
          47.8
        ]
      },
      "properties": {
        "temperature_2m": 15.9,
        "precipitation": 0.0,
        "cloud_cover": 100,
        "wind_speed_10m": 6.59,
        "last_updated": "2026-06-04T14:44:17Z"
      }
    },
    {
      "type": "Feature",
      "geometry": {
        "type": "Point",
        "coordinates": [
          4.94,
          47.8
        ]
      },
      "properties": {
        "temperature_2m": 16.0,
        "precipitation": 0.0,
        "cloud_cover": 100,
        "wind_speed_10m": 7.08,
        "last_updated": "2026-06-04T14:44:17Z"
      }
    },
    {
      "type": "Feature",
      "geometry": {
        "type": "Point",
        "coordinates": [
          5.0,
          47.8
        ]
      },
      "properties": {
        "temperature_2m": 15.6,
        "precipitation": 0.0,
        "cloud_cover": 100,
        "wind_speed_10m": 6.58,
        "last_updated": "2026-06-04T14:44:17Z"
      }
    },
    {
      "type": "Feature",
      "geometry": {
        "type": "Point",
        "coordinates": [
          5.06,
          47.8
        ]
      },
      "properties": {
        "temperature_2m": 16.5,
        "precipitation": 0.0,
        "cloud_cover": 100,
        "wind_speed_10m": 7.02,
        "last_updated": "2026-06-04T14:44:17Z"
      }
    },
    {
      "type": "Feature",
      "geometry": {
        "type": "Point",
        "coordinates": [
          5.1,
          47.8
        ]
      },
      "properties": {
        "temperature_2m": 16.0,
        "precipitation": 0.0,
        "cloud_cover": 100,
        "wind_speed_10m": 6.73,
        "last_updated": "2026-06-04T14:44:17Z"
      }
    },
    {
      "type": "Feature",
      "geometry": {
        "type": "Point",
        "coordinates": [
          5.16,
          47.8
        ]
      },
      "properties": {
        "temperature_2m": 15.8,
        "precipitation": 0.0,
        "cloud_cover": 100,
        "wind_speed_10m": 6.52,
        "last_updated": "2026-06-04T14:44:17Z"
      }
    },
    {
      "type": "Feature",
      "geometry": {
        "type": "Point",
        "coordinates": [
          5.2,
          47.8
        ]
      },
      "properties": {
        "temperature_2m": 15.4,
        "precipitation": 0.0,
        "cloud_cover": 100,
        "wind_speed_10m": 6.87,
        "last_updated": "2026-06-04T14:44:17Z"
      }
    },
    {
      "type": "Feature",
      "geometry": {
        "type": "Point",
        "coordinates": [
          5.26,
          47.8
        ]
      },
      "properties": {
        "temperature_2m": 15.7,
        "precipitation": 0.0,
        "cloud_cover": 100,
        "wind_speed_10m": 7.5,
        "last_updated": "2026-06-04T14:44:17Z"
      }
    },
    {
      "type": "Feature",
      "geometry": {
        "type": "Point",
        "coordinates": [
          5.3,
          47.8
        ]
      },
      "properties": {
        "temperature_2m": 15.6,
        "precipitation": 0.0,
        "cloud_cover": 100,
        "wind_speed_10m": 7.5,
        "last_updated": "2026-06-04T14:44:17Z"
      }
    },
    {
      "type": "Feature",
      "geometry": {
        "type": "Point",
        "coordinates": [
          5.36,
          47.8
        ]
      },
      "properties": {
        "temperature_2m": 15.6,
        "precipitation": 0.0,
        "cloud_cover": 100,
        "wind_speed_10m": 7.5,
        "last_updated": "2026-06-04T14:44:17Z"
      }
    },
    {
      "type": "Feature",
      "geometry": {
        "type": "Point",
        "coordinates": [
          5.4,
          47.8
        ]
      },
      "properties": {
        "temperature_2m": 15.5,
        "precipitation": 0.0,
        "cloud_cover": 100,
        "wind_speed_10m": 7.12,
        "last_updated": "2026-06-04T14:44:17Z"
      }
    },
    {
      "type": "Feature",
      "geometry": {
        "type": "Point",
        "coordinates": [
          5.44,
          47.8
        ]
      },
      "properties": {
        "temperature_2m": 16.2,
        "precipitation": 0.0,
        "cloud_cover": 100,
        "wind_speed_10m": 5.69,
        "last_updated": "2026-06-04T14:44:17Z"
      }
    },
    {
      "type": "Feature",
      "geometry": {
        "type": "Point",
        "coordinates": [
          5.5,
          47.8
        ]
      },
      "properties": {
        "temperature_2m": 16.0,
        "precipitation": 0.1,
        "cloud_cover": 100,
        "wind_speed_10m": 4.59,
        "last_updated": "2026-06-04T14:44:17Z"
      }
    },
    {
      "type": "Feature",
      "geometry": {
        "type": "Point",
        "coordinates": [
          5.56,
          47.8
        ]
      },
      "properties": {
        "temperature_2m": 14.7,
        "precipitation": 0.1,
        "cloud_cover": 100,
        "wind_speed_10m": 6.11,
        "last_updated": "2026-06-04T14:44:17Z"
      }
    },
    {
      "type": "Feature",
      "geometry": {
        "type": "Point",
        "coordinates": [
          5.6,
          47.8
        ]
      },
      "properties": {
        "temperature_2m": 14.6,
        "precipitation": 0.1,
        "cloud_cover": 100,
        "wind_speed_10m": 6.26,
        "last_updated": "2026-06-04T14:44:17Z"
      }
    },
    {
      "type": "Feature",
      "geometry": {
        "type": "Point",
        "coordinates": [
          5.66,
          47.8
        ]
      },
      "properties": {
        "temperature_2m": 15.1,
        "precipitation": 0.0,
        "cloud_cover": 100,
        "wind_speed_10m": 7.31,
        "last_updated": "2026-06-04T14:44:17Z"
      }
    },
    {
      "type": "Feature",
      "geometry": {
        "type": "Point",
        "coordinates": [
          5.7,
          47.8
        ]
      },
      "properties": {
        "temperature_2m": 14.7,
        "precipitation": 0.0,
        "cloud_cover": 100,
        "wind_speed_10m": 6.72,
        "last_updated": "2026-06-04T14:44:17Z"
      }
    },
    {
      "type": "Feature",
      "geometry": {
        "type": "Point",
        "coordinates": [
          5.76,
          47.8
        ]
      },
      "properties": {
        "temperature_2m": 15.1,
        "precipitation": 0.0,
        "cloud_cover": 100,
        "wind_speed_10m": 6.62,
        "last_updated": "2026-06-04T14:44:17Z"
      }
    },
    {
      "type": "Feature",
      "geometry": {
        "type": "Point",
        "coordinates": [
          5.8,
          47.8
        ]
      },
      "properties": {
        "temperature_2m": 14.9,
        "precipitation": 0.0,
        "cloud_cover": 100,
        "wind_speed_10m": 6.08,
        "last_updated": "2026-06-04T14:44:17Z"
      }
    },
    {
      "type": "Feature",
      "geometry": {
        "type": "Point",
        "coordinates": [
          5.86,
          47.8
        ]
      },
      "properties": {
        "temperature_2m": 15.2,
        "precipitation": 0.1,
        "cloud_cover": 100,
        "wind_speed_10m": 7.47,
        "last_updated": "2026-06-04T14:44:17Z"
      }
    },
    {
      "type": "Feature",
      "geometry": {
        "type": "Point",
        "coordinates": [
          5.9,
          47.8
        ]
      },
      "properties": {
        "temperature_2m": 15.4,
        "precipitation": 0.1,
        "cloud_cover": 100,
        "wind_speed_10m": 8.05,
        "last_updated": "2026-06-04T14:44:17Z"
      }
    },
    {
      "type": "Feature",
      "geometry": {
        "type": "Point",
        "coordinates": [
          5.94,
          47.8
        ]
      },
      "properties": {
        "temperature_2m": 15.4,
        "precipitation": 0.0,
        "cloud_cover": 100,
        "wind_speed_10m": 7.84,
        "last_updated": "2026-06-04T14:44:17Z"
      }
    },
    {
      "type": "Feature",
      "geometry": {
        "type": "Point",
        "coordinates": [
          4.7,
          47.84
        ]
      },
      "properties": {
        "temperature_2m": 16.9,
        "precipitation": 0.0,
        "cloud_cover": 100,
        "wind_speed_10m": 6.01,
        "last_updated": "2026-06-04T14:44:17Z"
      }
    },
    {
      "type": "Feature",
      "geometry": {
        "type": "Point",
        "coordinates": [
          4.76,
          47.84
        ]
      },
      "properties": {
        "temperature_2m": 16.3,
        "precipitation": 0.0,
        "cloud_cover": 100,
        "wind_speed_10m": 5.87,
        "last_updated": "2026-06-04T14:44:17Z"
      }
    },
    {
      "type": "Feature",
      "geometry": {
        "type": "Point",
        "coordinates": [
          4.8,
          47.84
        ]
      },
      "properties": {
        "temperature_2m": 15.9,
        "precipitation": 0.0,
        "cloud_cover": 100,
        "wind_speed_10m": 5.87,
        "last_updated": "2026-06-04T14:44:17Z"
      }
    },
    {
      "type": "Feature",
      "geometry": {
        "type": "Point",
        "coordinates": [
          4.86,
          47.84
        ]
      },
      "properties": {
        "temperature_2m": 16.3,
        "precipitation": 0.0,
        "cloud_cover": 100,
        "wind_speed_10m": 6.29,
        "last_updated": "2026-06-04T14:44:17Z"
      }
    },
    {
      "type": "Feature",
      "geometry": {
        "type": "Point",
        "coordinates": [
          4.9,
          47.84
        ]
      },
      "properties": {
        "temperature_2m": 15.9,
        "precipitation": 0.0,
        "cloud_cover": 100,
        "wind_speed_10m": 6.51,
        "last_updated": "2026-06-04T14:44:17Z"
      }
    },
    {
      "type": "Feature",
      "geometry": {
        "type": "Point",
        "coordinates": [
          4.94,
          47.84
        ]
      },
      "properties": {
        "temperature_2m": 16.1,
        "precipitation": 0.0,
        "cloud_cover": 100,
        "wind_speed_10m": 6.29,
        "last_updated": "2026-06-04T14:44:17Z"
      }
    },
    {
      "type": "Feature",
      "geometry": {
        "type": "Point",
        "coordinates": [
          5.0,
          47.84
        ]
      },
      "properties": {
        "temperature_2m": 16.8,
        "precipitation": 0.0,
        "cloud_cover": 100,
        "wind_speed_10m": 6.86,
        "last_updated": "2026-06-04T14:44:17Z"
      }
    },
    {
      "type": "Feature",
      "geometry": {
        "type": "Point",
        "coordinates": [
          5.06,
          47.84
        ]
      },
      "properties": {
        "temperature_2m": 16.0,
        "precipitation": 0.0,
        "cloud_cover": 100,
        "wind_speed_10m": 6.86,
        "last_updated": "2026-06-04T14:44:17Z"
      }
    },
    {
      "type": "Feature",
      "geometry": {
        "type": "Point",
        "coordinates": [
          5.1,
          47.84
        ]
      },
      "properties": {
        "temperature_2m": 15.7,
        "precipitation": 0.0,
        "cloud_cover": 100,
        "wind_speed_10m": 7.29,
        "last_updated": "2026-06-04T14:44:17Z"
      }
    },
    {
      "type": "Feature",
      "geometry": {
        "type": "Point",
        "coordinates": [
          5.16,
          47.84
        ]
      },
      "properties": {
        "temperature_2m": 15.7,
        "precipitation": 0.0,
        "cloud_cover": 100,
        "wind_speed_10m": 6.22,
        "last_updated": "2026-06-04T14:44:17Z"
      }
    },
    {
      "type": "Feature",
      "geometry": {
        "type": "Point",
        "coordinates": [
          5.2,
          47.84
        ]
      },
      "properties": {
        "temperature_2m": 15.5,
        "precipitation": 0.0,
        "cloud_cover": 100,
        "wind_speed_10m": 6.44,
        "last_updated": "2026-06-04T14:44:17Z"
      }
    },
    {
      "type": "Feature",
      "geometry": {
        "type": "Point",
        "coordinates": [
          5.26,
          47.84
        ]
      },
      "properties": {
        "temperature_2m": 16.0,
        "precipitation": 0.0,
        "cloud_cover": 100,
        "wind_speed_10m": 6.79,
        "last_updated": "2026-06-04T14:44:17Z"
      }
    },
    {
      "type": "Feature",
      "geometry": {
        "type": "Point",
        "coordinates": [
          5.3,
          47.84
        ]
      },
      "properties": {
        "temperature_2m": 15.8,
        "precipitation": 0.0,
        "cloud_cover": 100,
        "wind_speed_10m": 7.35,
        "last_updated": "2026-06-04T14:44:17Z"
      }
    },
    {
      "type": "Feature",
      "geometry": {
        "type": "Point",
        "coordinates": [
          5.36,
          47.84
        ]
      },
      "properties": {
        "temperature_2m": 16.4,
        "precipitation": 0.0,
        "cloud_cover": 100,
        "wind_speed_10m": 6.72,
        "last_updated": "2026-06-04T14:44:17Z"
      }
    },
    {
      "type": "Feature",
      "geometry": {
        "type": "Point",
        "coordinates": [
          5.4,
          47.84
        ]
      },
      "properties": {
        "temperature_2m": 16.2,
        "precipitation": 0.0,
        "cloud_cover": 100,
        "wind_speed_10m": 6.52,
        "last_updated": "2026-06-04T14:44:17Z"
      }
    },
    {
      "type": "Feature",
      "geometry": {
        "type": "Point",
        "coordinates": [
          5.44,
          47.84
        ]
      },
      "properties": {
        "temperature_2m": 16.0,
        "precipitation": 0.0,
        "cloud_cover": 100,
        "wind_speed_10m": 6.59,
        "last_updated": "2026-06-04T14:44:17Z"
      }
    },
    {
      "type": "Feature",
      "geometry": {
        "type": "Point",
        "coordinates": [
          5.5,
          47.84
        ]
      },
      "properties": {
        "temperature_2m": 16.4,
        "precipitation": 0.0,
        "cloud_cover": 100,
        "wind_speed_10m": 4.44,
        "last_updated": "2026-06-04T14:44:17Z"
      }
    },
    {
      "type": "Feature",
      "geometry": {
        "type": "Point",
        "coordinates": [
          5.56,
          47.84
        ]
      },
      "properties": {
        "temperature_2m": 15.3,
        "precipitation": 0.0,
        "cloud_cover": 100,
        "wind_speed_10m": 5.1,
        "last_updated": "2026-06-04T14:44:17Z"
      }
    },
    {
      "type": "Feature",
      "geometry": {
        "type": "Point",
        "coordinates": [
          5.6,
          47.84
        ]
      },
      "properties": {
        "temperature_2m": 14.9,
        "precipitation": 0.0,
        "cloud_cover": 100,
        "wind_speed_10m": 6.52,
        "last_updated": "2026-06-04T14:44:17Z"
      }
    },
    {
      "type": "Feature",
      "geometry": {
        "type": "Point",
        "coordinates": [
          5.66,
          47.84
        ]
      },
      "properties": {
        "temperature_2m": 14.8,
        "precipitation": 0.0,
        "cloud_cover": 100,
        "wind_speed_10m": 7.34,
        "last_updated": "2026-06-04T14:44:17Z"
      }
    },
    {
      "type": "Feature",
      "geometry": {
        "type": "Point",
        "coordinates": [
          5.7,
          47.84
        ]
      },
      "properties": {
        "temperature_2m": 14.8,
        "precipitation": 0.0,
        "cloud_cover": 100,
        "wind_speed_10m": 7.91,
        "last_updated": "2026-06-04T14:44:17Z"
      }
    },
    {
      "type": "Feature",
      "geometry": {
        "type": "Point",
        "coordinates": [
          5.76,
          47.84
        ]
      },
      "properties": {
        "temperature_2m": 14.7,
        "precipitation": 0.0,
        "cloud_cover": 100,
        "wind_speed_10m": 7.96,
        "last_updated": "2026-06-04T14:44:17Z"
      }
    },
    {
      "type": "Feature",
      "geometry": {
        "type": "Point",
        "coordinates": [
          5.8,
          47.84
        ]
      },
      "properties": {
        "temperature_2m": 15.7,
        "precipitation": 0.0,
        "cloud_cover": 100,
        "wind_speed_10m": 8.01,
        "last_updated": "2026-06-04T14:44:17Z"
      }
    },
    {
      "type": "Feature",
      "geometry": {
        "type": "Point",
        "coordinates": [
          5.86,
          47.84
        ]
      },
      "properties": {
        "temperature_2m": 15.3,
        "precipitation": 0.0,
        "cloud_cover": 100,
        "wind_speed_10m": 8.65,
        "last_updated": "2026-06-04T14:44:17Z"
      }
    },
    {
      "type": "Feature",
      "geometry": {
        "type": "Point",
        "coordinates": [
          5.9,
          47.84
        ]
      },
      "properties": {
        "temperature_2m": 15.6,
        "precipitation": 0.0,
        "cloud_cover": 100,
        "wind_speed_10m": 8.14,
        "last_updated": "2026-06-04T14:44:17Z"
      }
    },
    {
      "type": "Feature",
      "geometry": {
        "type": "Point",
        "coordinates": [
          5.94,
          47.84
        ]
      },
      "properties": {
        "temperature_2m": 15.0,
        "precipitation": 0.0,
        "cloud_cover": 100,
        "wind_speed_10m": 8.05,
        "last_updated": "2026-06-04T14:44:17Z"
      }
    },
    {
      "type": "Feature",
      "geometry": {
        "type": "Point",
        "coordinates": [
          4.7,
          47.9
        ]
      },
      "properties": {
        "temperature_2m": 16.8,
        "precipitation": 0.0,
        "cloud_cover": 100,
        "wind_speed_10m": 6.58,
        "last_updated": "2026-06-04T14:44:17Z"
      }
    },
    {
      "type": "Feature",
      "geometry": {
        "type": "Point",
        "coordinates": [
          4.76,
          47.9
        ]
      },
      "properties": {
        "temperature_2m": 16.9,
        "precipitation": 0.0,
        "cloud_cover": 100,
        "wind_speed_10m": 6.94,
        "last_updated": "2026-06-04T14:44:17Z"
      }
    },
    {
      "type": "Feature",
      "geometry": {
        "type": "Point",
        "coordinates": [
          4.8,
          47.9
        ]
      },
      "properties": {
        "temperature_2m": 16.8,
        "precipitation": 0.0,
        "cloud_cover": 100,
        "wind_speed_10m": 5.67,
        "last_updated": "2026-06-04T14:44:17Z"
      }
    },
    {
      "type": "Feature",
      "geometry": {
        "type": "Point",
        "coordinates": [
          4.86,
          47.9
        ]
      },
      "properties": {
        "temperature_2m": 16.3,
        "precipitation": 0.0,
        "cloud_cover": 100,
        "wind_speed_10m": 5.73,
        "last_updated": "2026-06-04T14:44:17Z"
      }
    },
    {
      "type": "Feature",
      "geometry": {
        "type": "Point",
        "coordinates": [
          4.9,
          47.9
        ]
      },
      "properties": {
        "temperature_2m": 16.7,
        "precipitation": 0.0,
        "cloud_cover": 100,
        "wind_speed_10m": 5.8,
        "last_updated": "2026-06-04T14:44:17Z"
      }
    },
    {
      "type": "Feature",
      "geometry": {
        "type": "Point",
        "coordinates": [
          4.94,
          47.9
        ]
      },
      "properties": {
        "temperature_2m": 16.5,
        "precipitation": 0.0,
        "cloud_cover": 100,
        "wind_speed_10m": 5.87,
        "last_updated": "2026-06-04T14:44:17Z"
      }
    },
    {
      "type": "Feature",
      "geometry": {
        "type": "Point",
        "coordinates": [
          5.0,
          47.9
        ]
      },
      "properties": {
        "temperature_2m": 15.9,
        "precipitation": 0.0,
        "cloud_cover": 100,
        "wind_speed_10m": 5.66,
        "last_updated": "2026-06-04T14:44:17Z"
      }
    },
    {
      "type": "Feature",
      "geometry": {
        "type": "Point",
        "coordinates": [
          5.06,
          47.9
        ]
      },
      "properties": {
        "temperature_2m": 15.9,
        "precipitation": 0.0,
        "cloud_cover": 100,
        "wind_speed_10m": 7.0,
        "last_updated": "2026-06-04T14:44:17Z"
      }
    },
    {
      "type": "Feature",
      "geometry": {
        "type": "Point",
        "coordinates": [
          5.1,
          47.9
        ]
      },
      "properties": {
        "temperature_2m": 16.4,
        "precipitation": 0.0,
        "cloud_cover": 100,
        "wind_speed_10m": 7.08,
        "last_updated": "2026-06-04T14:44:17Z"
      }
    },
    {
      "type": "Feature",
      "geometry": {
        "type": "Point",
        "coordinates": [
          5.16,
          47.9
        ]
      },
      "properties": {
        "temperature_2m": 15.6,
        "precipitation": 0.0,
        "cloud_cover": 100,
        "wind_speed_10m": 7.8,
        "last_updated": "2026-06-04T14:44:17Z"
      }
    },
    {
      "type": "Feature",
      "geometry": {
        "type": "Point",
        "coordinates": [
          5.2,
          47.9
        ]
      },
      "properties": {
        "temperature_2m": 16.1,
        "precipitation": 0.0,
        "cloud_cover": 100,
        "wind_speed_10m": 6.88,
        "last_updated": "2026-06-04T14:44:17Z"
      }
    },
    {
      "type": "Feature",
      "geometry": {
        "type": "Point",
        "coordinates": [
          5.26,
          47.9
        ]
      },
      "properties": {
        "temperature_2m": 15.9,
        "precipitation": 0.0,
        "cloud_cover": 100,
        "wind_speed_10m": 7.68,
        "last_updated": "2026-06-04T14:44:17Z"
      }
    },
    {
      "type": "Feature",
      "geometry": {
        "type": "Point",
        "coordinates": [
          5.3,
          47.9
        ]
      },
      "properties": {
        "temperature_2m": 16.7,
        "precipitation": 0.0,
        "cloud_cover": 100,
        "wind_speed_10m": 7.25,
        "last_updated": "2026-06-04T14:44:17Z"
      }
    },
    {
      "type": "Feature",
      "geometry": {
        "type": "Point",
        "coordinates": [
          5.36,
          47.9
        ]
      },
      "properties": {
        "temperature_2m": 16.7,
        "precipitation": 0.0,
        "cloud_cover": 100,
        "wind_speed_10m": 6.66,
        "last_updated": "2026-06-04T14:44:17Z"
      }
    },
    {
      "type": "Feature",
      "geometry": {
        "type": "Point",
        "coordinates": [
          5.4,
          47.9
        ]
      },
      "properties": {
        "temperature_2m": 16.3,
        "precipitation": 0.0,
        "cloud_cover": 100,
        "wind_speed_10m": 6.08,
        "last_updated": "2026-06-04T14:44:17Z"
      }
    },
    {
      "type": "Feature",
      "geometry": {
        "type": "Point",
        "coordinates": [
          5.44,
          47.9
        ]
      },
      "properties": {
        "temperature_2m": 16.2,
        "precipitation": 0.0,
        "cloud_cover": 100,
        "wind_speed_10m": 6.34,
        "last_updated": "2026-06-04T14:44:17Z"
      }
    },
    {
      "type": "Feature",
      "geometry": {
        "type": "Point",
        "coordinates": [
          5.5,
          47.9
        ]
      },
      "properties": {
        "temperature_2m": 15.9,
        "precipitation": 0.0,
        "cloud_cover": 100,
        "wind_speed_10m": 5.73,
        "last_updated": "2026-06-04T14:44:17Z"
      }
    },
    {
      "type": "Feature",
      "geometry": {
        "type": "Point",
        "coordinates": [
          5.56,
          47.9
        ]
      },
      "properties": {
        "temperature_2m": 16.4,
        "precipitation": 0.0,
        "cloud_cover": 100,
        "wind_speed_10m": 4.66,
        "last_updated": "2026-06-04T14:44:17Z"
      }
    },
    {
      "type": "Feature",
      "geometry": {
        "type": "Point",
        "coordinates": [
          5.6,
          47.9
        ]
      },
      "properties": {
        "temperature_2m": 15.4,
        "precipitation": 0.0,
        "cloud_cover": 100,
        "wind_speed_10m": 5.0,
        "last_updated": "2026-06-04T14:44:17Z"
      }
    },
    {
      "type": "Feature",
      "geometry": {
        "type": "Point",
        "coordinates": [
          5.66,
          47.9
        ]
      },
      "properties": {
        "temperature_2m": 15.8,
        "precipitation": 0.0,
        "cloud_cover": 100,
        "wind_speed_10m": 7.66,
        "last_updated": "2026-06-04T14:44:17Z"
      }
    },
    {
      "type": "Feature",
      "geometry": {
        "type": "Point",
        "coordinates": [
          5.7,
          47.9
        ]
      },
      "properties": {
        "temperature_2m": 15.5,
        "precipitation": 0.0,
        "cloud_cover": 100,
        "wind_speed_10m": 7.72,
        "last_updated": "2026-06-04T14:44:17Z"
      }
    },
    {
      "type": "Feature",
      "geometry": {
        "type": "Point",
        "coordinates": [
          5.76,
          47.9
        ]
      },
      "properties": {
        "temperature_2m": 15.5,
        "precipitation": 0.0,
        "cloud_cover": 100,
        "wind_speed_10m": 7.17,
        "last_updated": "2026-06-04T14:44:17Z"
      }
    },
    {
      "type": "Feature",
      "geometry": {
        "type": "Point",
        "coordinates": [
          5.8,
          47.9
        ]
      },
      "properties": {
        "temperature_2m": 15.6,
        "precipitation": 0.0,
        "cloud_cover": 100,
        "wind_speed_10m": 7.49,
        "last_updated": "2026-06-04T14:44:17Z"
      }
    },
    {
      "type": "Feature",
      "geometry": {
        "type": "Point",
        "coordinates": [
          5.86,
          47.9
        ]
      },
      "properties": {
        "temperature_2m": 15.8,
        "precipitation": 0.0,
        "cloud_cover": 100,
        "wind_speed_10m": 6.57,
        "last_updated": "2026-06-04T14:44:17Z"
      }
    },
    {
      "type": "Feature",
      "geometry": {
        "type": "Point",
        "coordinates": [
          5.9,
          47.9
        ]
      },
      "properties": {
        "temperature_2m": 15.5,
        "precipitation": 0.0,
        "cloud_cover": 100,
        "wind_speed_10m": 6.96,
        "last_updated": "2026-06-04T14:44:17Z"
      }
    },
    {
      "type": "Feature",
      "geometry": {
        "type": "Point",
        "coordinates": [
          5.94,
          47.9
        ]
      },
      "properties": {
        "temperature_2m": 15.1,
        "precipitation": 0.0,
        "cloud_cover": 100,
        "wind_speed_10m": 6.89,
        "last_updated": "2026-06-04T14:44:17Z"
      }
    },
    {
      "type": "Feature",
      "geometry": {
        "type": "Point",
        "coordinates": [
          4.7,
          47.96
        ]
      },
      "properties": {
        "temperature_2m": 17.1,
        "precipitation": 0.0,
        "cloud_cover": 100,
        "wind_speed_10m": 7.36,
        "last_updated": "2026-06-04T14:44:17Z"
      }
    },
    {
      "type": "Feature",
      "geometry": {
        "type": "Point",
        "coordinates": [
          4.74,
          47.96
        ]
      },
      "properties": {
        "temperature_2m": 16.4,
        "precipitation": 0.0,
        "cloud_cover": 100,
        "wind_speed_10m": 7.0,
        "last_updated": "2026-06-04T14:44:17Z"
      }
    },
    {
      "type": "Feature",
      "geometry": {
        "type": "Point",
        "coordinates": [
          4.8,
          47.96
        ]
      },
      "properties": {
        "temperature_2m": 17.0,
        "precipitation": 0.0,
        "cloud_cover": 100,
        "wind_speed_10m": 7.07,
        "last_updated": "2026-06-04T14:44:17Z"
      }
    },
    {
      "type": "Feature",
      "geometry": {
        "type": "Point",
        "coordinates": [
          4.86,
          47.96
        ]
      },
      "properties": {
        "temperature_2m": 16.8,
        "precipitation": 0.0,
        "cloud_cover": 100,
        "wind_speed_10m": 7.0,
        "last_updated": "2026-06-04T14:44:17Z"
      }
    },
    {
      "type": "Feature",
      "geometry": {
        "type": "Point",
        "coordinates": [
          4.9,
          47.96
        ]
      },
      "properties": {
        "temperature_2m": 16.7,
        "precipitation": 0.0,
        "cloud_cover": 100,
        "wind_speed_10m": 6.79,
        "last_updated": "2026-06-04T14:44:17Z"
      }
    },
    {
      "type": "Feature",
      "geometry": {
        "type": "Point",
        "coordinates": [
          4.94,
          47.96
        ]
      },
      "properties": {
        "temperature_2m": 16.6,
        "precipitation": 0.0,
        "cloud_cover": 100,
        "wind_speed_10m": 5.87,
        "last_updated": "2026-06-04T14:44:17Z"
      }
    },
    {
      "type": "Feature",
      "geometry": {
        "type": "Point",
        "coordinates": [
          5.0,
          47.96
        ]
      },
      "properties": {
        "temperature_2m": 17.0,
        "precipitation": 0.0,
        "cloud_cover": 100,
        "wind_speed_10m": 6.37,
        "last_updated": "2026-06-04T14:44:17Z"
      }
    },
    {
      "type": "Feature",
      "geometry": {
        "type": "Point",
        "coordinates": [
          5.06,
          47.96
        ]
      },
      "properties": {
        "temperature_2m": 15.9,
        "precipitation": 0.0,
        "cloud_cover": 100,
        "wind_speed_10m": 6.29,
        "last_updated": "2026-06-04T14:44:17Z"
      }
    },
    {
      "type": "Feature",
      "geometry": {
        "type": "Point",
        "coordinates": [
          5.1,
          47.96
        ]
      },
      "properties": {
        "temperature_2m": 16.1,
        "precipitation": 0.0,
        "cloud_cover": 100,
        "wind_speed_10m": 5.87,
        "last_updated": "2026-06-04T14:44:17Z"
      }
    },
    {
      "type": "Feature",
      "geometry": {
        "type": "Point",
        "coordinates": [
          5.16,
          47.96
        ]
      },
      "properties": {
        "temperature_2m": 15.6,
        "precipitation": 0.0,
        "cloud_cover": 100,
        "wind_speed_10m": 6.09,
        "last_updated": "2026-06-04T14:44:17Z"
      }
    },
    {
      "type": "Feature",
      "geometry": {
        "type": "Point",
        "coordinates": [
          5.2,
          47.96
        ]
      },
      "properties": {
        "temperature_2m": 16.3,
        "precipitation": 0.0,
        "cloud_cover": 100,
        "wind_speed_10m": 7.07,
        "last_updated": "2026-06-04T14:44:17Z"
      }
    },
    {
      "type": "Feature",
      "geometry": {
        "type": "Point",
        "coordinates": [
          5.26,
          47.96
        ]
      },
      "properties": {
        "temperature_2m": 16.2,
        "precipitation": 0.0,
        "cloud_cover": 100,
        "wind_speed_10m": 6.51,
        "last_updated": "2026-06-04T14:44:17Z"
      }
    },
    {
      "type": "Feature",
      "geometry": {
        "type": "Point",
        "coordinates": [
          5.3,
          47.96
        ]
      },
      "properties": {
        "temperature_2m": 16.4,
        "precipitation": 0.0,
        "cloud_cover": 100,
        "wind_speed_10m": 7.43,
        "last_updated": "2026-06-04T14:44:17Z"
      }
    },
    {
      "type": "Feature",
      "geometry": {
        "type": "Point",
        "coordinates": [
          5.36,
          47.96
        ]
      },
      "properties": {
        "temperature_2m": 16.2,
        "precipitation": 0.0,
        "cloud_cover": 100,
        "wind_speed_10m": 7.34,
        "last_updated": "2026-06-04T14:44:17Z"
      }
    },
    {
      "type": "Feature",
      "geometry": {
        "type": "Point",
        "coordinates": [
          5.4,
          47.96
        ]
      },
      "properties": {
        "temperature_2m": 16.0,
        "precipitation": 0.0,
        "cloud_cover": 100,
        "wind_speed_10m": 7.15,
        "last_updated": "2026-06-04T14:44:17Z"
      }
    },
    {
      "type": "Feature",
      "geometry": {
        "type": "Point",
        "coordinates": [
          5.44,
          47.96
        ]
      },
      "properties": {
        "temperature_2m": 16.0,
        "precipitation": 0.0,
        "cloud_cover": 100,
        "wind_speed_10m": 7.02,
        "last_updated": "2026-06-04T14:44:17Z"
      }
    },
    {
      "type": "Feature",
      "geometry": {
        "type": "Point",
        "coordinates": [
          5.5,
          47.96
        ]
      },
      "properties": {
        "temperature_2m": 15.7,
        "precipitation": 0.0,
        "cloud_cover": 100,
        "wind_speed_10m": 6.26,
        "last_updated": "2026-06-04T14:44:17Z"
      }
    },
    {
      "type": "Feature",
      "geometry": {
        "type": "Point",
        "coordinates": [
          5.56,
          47.96
        ]
      },
      "properties": {
        "temperature_2m": 16.0,
        "precipitation": 0.0,
        "cloud_cover": 100,
        "wind_speed_10m": 6.55,
        "last_updated": "2026-06-04T14:44:17Z"
      }
    },
    {
      "type": "Feature",
      "geometry": {
        "type": "Point",
        "coordinates": [
          5.6,
          47.96
        ]
      },
      "properties": {
        "temperature_2m": 15.5,
        "precipitation": 0.0,
        "cloud_cover": 100,
        "wind_speed_10m": 6.22,
        "last_updated": "2026-06-04T14:44:17Z"
      }
    },
    {
      "type": "Feature",
      "geometry": {
        "type": "Point",
        "coordinates": [
          5.66,
          47.96
        ]
      },
      "properties": {
        "temperature_2m": 15.1,
        "precipitation": 0.0,
        "cloud_cover": 100,
        "wind_speed_10m": 5.82,
        "last_updated": "2026-06-04T14:44:17Z"
      }
    },
    {
      "type": "Feature",
      "geometry": {
        "type": "Point",
        "coordinates": [
          5.7,
          47.96
        ]
      },
      "properties": {
        "temperature_2m": 15.8,
        "precipitation": 0.0,
        "cloud_cover": 100,
        "wind_speed_10m": 5.44,
        "last_updated": "2026-06-04T14:44:17Z"
      }
    },
    {
      "type": "Feature",
      "geometry": {
        "type": "Point",
        "coordinates": [
          5.76,
          47.96
        ]
      },
      "properties": {
        "temperature_2m": 16.1,
        "precipitation": 0.0,
        "cloud_cover": 100,
        "wind_speed_10m": 6.72,
        "last_updated": "2026-06-04T14:44:17Z"
      }
    },
    {
      "type": "Feature",
      "geometry": {
        "type": "Point",
        "coordinates": [
          5.8,
          47.96
        ]
      },
      "properties": {
        "temperature_2m": 16.1,
        "precipitation": 0.0,
        "cloud_cover": 100,
        "wind_speed_10m": 7.47,
        "last_updated": "2026-06-04T14:44:17Z"
      }
    },
    {
      "type": "Feature",
      "geometry": {
        "type": "Point",
        "coordinates": [
          5.86,
          47.96
        ]
      },
      "properties": {
        "temperature_2m": 15.5,
        "precipitation": 0.0,
        "cloud_cover": 100,
        "wind_speed_10m": 7.89,
        "last_updated": "2026-06-04T14:44:17Z"
      }
    },
    {
      "type": "Feature",
      "geometry": {
        "type": "Point",
        "coordinates": [
          5.9,
          47.96
        ]
      },
      "properties": {
        "temperature_2m": 16.0,
        "precipitation": 0.0,
        "cloud_cover": 100,
        "wind_speed_10m": 7.13,
        "last_updated": "2026-06-04T14:44:17Z"
      }
    },
    {
      "type": "Feature",
      "geometry": {
        "type": "Point",
        "coordinates": [
          5.94,
          47.96
        ]
      },
      "properties": {
        "temperature_2m": 16.0,
        "precipitation": 0.0,
        "cloud_cover": 100,
        "wind_speed_10m": 7.2,
        "last_updated": "2026-06-04T14:44:17Z"
      }
    },
    {
      "type": "Feature",
      "geometry": {
        "type": "Point",
        "coordinates": [
          4.7,
          48.0
        ]
      },
      "properties": {
        "temperature_2m": 16.5,
        "precipitation": 0.0,
        "cloud_cover": 100,
        "wind_speed_10m": 6.37,
        "last_updated": "2026-06-04T14:44:17Z"
      }
    },
    {
      "type": "Feature",
      "geometry": {
        "type": "Point",
        "coordinates": [
          4.76,
          48.0
        ]
      },
      "properties": {
        "temperature_2m": 16.6,
        "precipitation": 0.0,
        "cloud_cover": 100,
        "wind_speed_10m": 6.37,
        "last_updated": "2026-06-04T14:44:17Z"
      }
    },
    {
      "type": "Feature",
      "geometry": {
        "type": "Point",
        "coordinates": [
          4.8,
          48.0
        ]
      },
      "properties": {
        "temperature_2m": 17.2,
        "precipitation": 0.0,
        "cloud_cover": 100,
        "wind_speed_10m": 6.65,
        "last_updated": "2026-06-04T14:44:17Z"
      }
    },
    {
      "type": "Feature",
      "geometry": {
        "type": "Point",
        "coordinates": [
          4.86,
          48.0
        ]
      },
      "properties": {
        "temperature_2m": 16.9,
        "precipitation": 0.0,
        "cloud_cover": 100,
        "wind_speed_10m": 6.39,
        "last_updated": "2026-06-04T14:44:17Z"
      }
    },
    {
      "type": "Feature",
      "geometry": {
        "type": "Point",
        "coordinates": [
          4.9,
          48.0
        ]
      },
      "properties": {
        "temperature_2m": 17.0,
        "precipitation": 0.0,
        "cloud_cover": 100,
        "wind_speed_10m": 6.89,
        "last_updated": "2026-06-04T14:44:17Z"
      }
    },
    {
      "type": "Feature",
      "geometry": {
        "type": "Point",
        "coordinates": [
          4.94,
          48.0
        ]
      },
      "properties": {
        "temperature_2m": 16.8,
        "precipitation": 0.0,
        "cloud_cover": 100,
        "wind_speed_10m": 6.66,
        "last_updated": "2026-06-04T14:44:17Z"
      }
    },
    {
      "type": "Feature",
      "geometry": {
        "type": "Point",
        "coordinates": [
          5.0,
          48.0
        ]
      },
      "properties": {
        "temperature_2m": 16.6,
        "precipitation": 0.0,
        "cloud_cover": 100,
        "wind_speed_10m": 5.76,
        "last_updated": "2026-06-04T14:44:17Z"
      }
    },
    {
      "type": "Feature",
      "geometry": {
        "type": "Point",
        "coordinates": [
          5.06,
          48.0
        ]
      },
      "properties": {
        "temperature_2m": 16.3,
        "precipitation": 0.0,
        "cloud_cover": 100,
        "wind_speed_10m": 6.48,
        "last_updated": "2026-06-04T14:44:17Z"
      }
    },
    {
      "type": "Feature",
      "geometry": {
        "type": "Point",
        "coordinates": [
          5.1,
          48.0
        ]
      },
      "properties": {
        "temperature_2m": 16.4,
        "precipitation": 0.0,
        "cloud_cover": 100,
        "wind_speed_10m": 6.26,
        "last_updated": "2026-06-04T14:44:17Z"
      }
    },
    {
      "type": "Feature",
      "geometry": {
        "type": "Point",
        "coordinates": [
          5.16,
          48.0
        ]
      },
      "properties": {
        "temperature_2m": 16.2,
        "precipitation": 0.0,
        "cloud_cover": 100,
        "wind_speed_10m": 6.86,
        "last_updated": "2026-06-04T14:44:17Z"
      }
    },
    {
      "type": "Feature",
      "geometry": {
        "type": "Point",
        "coordinates": [
          5.2,
          48.0
        ]
      },
      "properties": {
        "temperature_2m": 15.9,
        "precipitation": 0.0,
        "cloud_cover": 100,
        "wind_speed_10m": 6.72,
        "last_updated": "2026-06-04T14:44:17Z"
      }
    },
    {
      "type": "Feature",
      "geometry": {
        "type": "Point",
        "coordinates": [
          5.26,
          48.0
        ]
      },
      "properties": {
        "temperature_2m": 16.5,
        "precipitation": 0.0,
        "cloud_cover": 100,
        "wind_speed_10m": 6.72,
        "last_updated": "2026-06-04T14:44:17Z"
      }
    },
    {
      "type": "Feature",
      "geometry": {
        "type": "Point",
        "coordinates": [
          5.3,
          48.0
        ]
      },
      "properties": {
        "temperature_2m": 16.2,
        "precipitation": 0.0,
        "cloud_cover": 100,
        "wind_speed_10m": 6.65,
        "last_updated": "2026-06-04T14:44:17Z"
      }
    },
    {
      "type": "Feature",
      "geometry": {
        "type": "Point",
        "coordinates": [
          5.36,
          48.0
        ]
      },
      "properties": {
        "temperature_2m": 16.1,
        "precipitation": 0.0,
        "cloud_cover": 100,
        "wind_speed_10m": 7.36,
        "last_updated": "2026-06-04T14:44:17Z"
      }
    },
    {
      "type": "Feature",
      "geometry": {
        "type": "Point",
        "coordinates": [
          5.4,
          48.0
        ]
      },
      "properties": {
        "temperature_2m": 15.7,
        "precipitation": 0.0,
        "cloud_cover": 100,
        "wind_speed_10m": 7.75,
        "last_updated": "2026-06-04T14:44:17Z"
      }
    },
    {
      "type": "Feature",
      "geometry": {
        "type": "Point",
        "coordinates": [
          5.44,
          48.0
        ]
      },
      "properties": {
        "temperature_2m": 16.2,
        "precipitation": 0.0,
        "cloud_cover": 100,
        "wind_speed_10m": 6.59,
        "last_updated": "2026-06-04T14:44:17Z"
      }
    },
    {
      "type": "Feature",
      "geometry": {
        "type": "Point",
        "coordinates": [
          5.5,
          48.0
        ]
      },
      "properties": {
        "temperature_2m": 16.0,
        "precipitation": 0.0,
        "cloud_cover": 100,
        "wind_speed_10m": 6.65,
        "last_updated": "2026-06-04T14:44:17Z"
      }
    },
    {
      "type": "Feature",
      "geometry": {
        "type": "Point",
        "coordinates": [
          5.56,
          48.0
        ]
      },
      "properties": {
        "temperature_2m": 16.1,
        "precipitation": 0.0,
        "cloud_cover": 100,
        "wind_speed_10m": 5.91,
        "last_updated": "2026-06-04T14:44:17Z"
      }
    },
    {
      "type": "Feature",
      "geometry": {
        "type": "Point",
        "coordinates": [
          5.6,
          48.0
        ]
      },
      "properties": {
        "temperature_2m": 15.7,
        "precipitation": 0.0,
        "cloud_cover": 100,
        "wind_speed_10m": 6.35,
        "last_updated": "2026-06-04T14:44:17Z"
      }
    },
    {
      "type": "Feature",
      "geometry": {
        "type": "Point",
        "coordinates": [
          5.66,
          48.0
        ]
      },
      "properties": {
        "temperature_2m": 15.6,
        "precipitation": 0.0,
        "cloud_cover": 100,
        "wind_speed_10m": 6.58,
        "last_updated": "2026-06-04T14:44:17Z"
      }
    },
    {
      "type": "Feature",
      "geometry": {
        "type": "Point",
        "coordinates": [
          5.7,
          48.0
        ]
      },
      "properties": {
        "temperature_2m": 16.2,
        "precipitation": 0.0,
        "cloud_cover": 100,
        "wind_speed_10m": 5.99,
        "last_updated": "2026-06-04T14:44:17Z"
      }
    },
    {
      "type": "Feature",
      "geometry": {
        "type": "Point",
        "coordinates": [
          5.76,
          48.0
        ]
      },
      "properties": {
        "temperature_2m": 15.5,
        "precipitation": 0.0,
        "cloud_cover": 100,
        "wind_speed_10m": 5.99,
        "last_updated": "2026-06-04T14:44:17Z"
      }
    },
    {
      "type": "Feature",
      "geometry": {
        "type": "Point",
        "coordinates": [
          5.8,
          48.0
        ]
      },
      "properties": {
        "temperature_2m": 15.6,
        "precipitation": 0.0,
        "cloud_cover": 100,
        "wind_speed_10m": 6.0,
        "last_updated": "2026-06-04T14:44:17Z"
      }
    },
    {
      "type": "Feature",
      "geometry": {
        "type": "Point",
        "coordinates": [
          5.86,
          48.0
        ]
      },
      "properties": {
        "temperature_2m": 15.8,
        "precipitation": 0.0,
        "cloud_cover": 100,
        "wind_speed_10m": 7.42,
        "last_updated": "2026-06-04T14:44:17Z"
      }
    },
    {
      "type": "Feature",
      "geometry": {
        "type": "Point",
        "coordinates": [
          5.9,
          48.0
        ]
      },
      "properties": {
        "temperature_2m": 16.5,
        "precipitation": 0.0,
        "cloud_cover": 100,
        "wind_speed_10m": 8.63,
        "last_updated": "2026-06-04T14:44:17Z"
      }
    },
    {
      "type": "Feature",
      "geometry": {
        "type": "Point",
        "coordinates": [
          5.94,
          48.0
        ]
      },
      "properties": {
        "temperature_2m": 15.8,
        "precipitation": 0.0,
        "cloud_cover": 100,
        "wind_speed_10m": 7.07,
        "last_updated": "2026-06-04T14:44:17Z"
      }
    },
    {
      "type": "Feature",
      "geometry": {
        "type": "Point",
        "coordinates": [
          4.7,
          48.04
        ]
      },
      "properties": {
        "temperature_2m": 15.9,
        "precipitation": 0.0,
        "cloud_cover": 100,
        "wind_speed_10m": 5.12,
        "last_updated": "2026-06-04T14:44:17Z"
      }
    },
    {
      "type": "Feature",
      "geometry": {
        "type": "Point",
        "coordinates": [
          4.76,
          48.04
        ]
      },
      "properties": {
        "temperature_2m": 17.0,
        "precipitation": 0.0,
        "cloud_cover": 100,
        "wind_speed_10m": 6.16,
        "last_updated": "2026-06-04T14:44:17Z"
      }
    },
    {
      "type": "Feature",
      "geometry": {
        "type": "Point",
        "coordinates": [
          4.8,
          48.04
        ]
      },
      "properties": {
        "temperature_2m": 17.2,
        "precipitation": 0.0,
        "cloud_cover": 100,
        "wind_speed_10m": 6.37,
        "last_updated": "2026-06-04T14:44:17Z"
      }
    },
    {
      "type": "Feature",
      "geometry": {
        "type": "Point",
        "coordinates": [
          4.86,
          48.04
        ]
      },
      "properties": {
        "temperature_2m": 16.9,
        "precipitation": 0.0,
        "cloud_cover": 100,
        "wind_speed_10m": 5.97,
        "last_updated": "2026-06-04T14:44:17Z"
      }
    },
    {
      "type": "Feature",
      "geometry": {
        "type": "Point",
        "coordinates": [
          4.9,
          48.04
        ]
      },
      "properties": {
        "temperature_2m": 17.7,
        "precipitation": 0.0,
        "cloud_cover": 100,
        "wind_speed_10m": 6.87,
        "last_updated": "2026-06-04T14:44:17Z"
      }
    },
    {
      "type": "Feature",
      "geometry": {
        "type": "Point",
        "coordinates": [
          4.94,
          48.04
        ]
      },
      "properties": {
        "temperature_2m": 17.5,
        "precipitation": 0.0,
        "cloud_cover": 100,
        "wind_speed_10m": 6.48,
        "last_updated": "2026-06-04T14:44:17Z"
      }
    },
    {
      "type": "Feature",
      "geometry": {
        "type": "Point",
        "coordinates": [
          5.0,
          48.04
        ]
      },
      "properties": {
        "temperature_2m": 16.9,
        "precipitation": 0.0,
        "cloud_cover": 100,
        "wind_speed_10m": 6.5,
        "last_updated": "2026-06-04T14:44:17Z"
      }
    },
    {
      "type": "Feature",
      "geometry": {
        "type": "Point",
        "coordinates": [
          5.06,
          48.04
        ]
      },
      "properties": {
        "temperature_2m": 16.9,
        "precipitation": 0.0,
        "cloud_cover": 100,
        "wind_speed_10m": 7.75,
        "last_updated": "2026-06-04T14:44:17Z"
      }
    },
    {
      "type": "Feature",
      "geometry": {
        "type": "Point",
        "coordinates": [
          5.1,
          48.04
        ]
      },
      "properties": {
        "temperature_2m": 16.4,
        "precipitation": 0.0,
        "cloud_cover": 100,
        "wind_speed_10m": 6.44,
        "last_updated": "2026-06-04T14:44:17Z"
      }
    },
    {
      "type": "Feature",
      "geometry": {
        "type": "Point",
        "coordinates": [
          5.16,
          48.04
        ]
      },
      "properties": {
        "temperature_2m": 16.8,
        "precipitation": 0.0,
        "cloud_cover": 100,
        "wind_speed_10m": 7.42,
        "last_updated": "2026-06-04T14:44:17Z"
      }
    },
    {
      "type": "Feature",
      "geometry": {
        "type": "Point",
        "coordinates": [
          5.2,
          48.04
        ]
      },
      "properties": {
        "temperature_2m": 16.6,
        "precipitation": 0.0,
        "cloud_cover": 100,
        "wind_speed_10m": 7.17,
        "last_updated": "2026-06-04T14:44:17Z"
      }
    },
    {
      "type": "Feature",
      "geometry": {
        "type": "Point",
        "coordinates": [
          5.26,
          48.06
        ]
      },
      "properties": {
        "temperature_2m": 15.8,
        "precipitation": 0.0,
        "cloud_cover": 100,
        "wind_speed_10m": 7.8,
        "last_updated": "2026-06-04T14:44:17Z"
      }
    },
    {
      "type": "Feature",
      "geometry": {
        "type": "Point",
        "coordinates": [
          5.3,
          48.04
        ]
      },
      "properties": {
        "temperature_2m": 16.2,
        "precipitation": 0.0,
        "cloud_cover": 100,
        "wind_speed_10m": 6.94,
        "last_updated": "2026-06-04T14:44:17Z"
      }
    },
    {
      "type": "Feature",
      "geometry": {
        "type": "Point",
        "coordinates": [
          5.36,
          48.04
        ]
      },
      "properties": {
        "temperature_2m": 15.7,
        "precipitation": 0.0,
        "cloud_cover": 100,
        "wind_speed_10m": 7.57,
        "last_updated": "2026-06-04T14:44:17Z"
      }
    },
    {
      "type": "Feature",
      "geometry": {
        "type": "Point",
        "coordinates": [
          5.4,
          48.04
        ]
      },
      "properties": {
        "temperature_2m": 15.9,
        "precipitation": 0.0,
        "cloud_cover": 100,
        "wind_speed_10m": 7.71,
        "last_updated": "2026-06-04T14:44:17Z"
      }
    },
    {
      "type": "Feature",
      "geometry": {
        "type": "Point",
        "coordinates": [
          5.44,
          48.04
        ]
      },
      "properties": {
        "temperature_2m": 15.9,
        "precipitation": 0.0,
        "cloud_cover": 100,
        "wind_speed_10m": 7.51,
        "last_updated": "2026-06-04T14:44:17Z"
      }
    },
    {
      "type": "Feature",
      "geometry": {
        "type": "Point",
        "coordinates": [
          5.5,
          48.04
        ]
      },
      "properties": {
        "temperature_2m": 16.6,
        "precipitation": 0.0,
        "cloud_cover": 100,
        "wind_speed_10m": 7.09,
        "last_updated": "2026-06-04T14:44:17Z"
      }
    },
    {
      "type": "Feature",
      "geometry": {
        "type": "Point",
        "coordinates": [
          5.56,
          48.04
        ]
      },
      "properties": {
        "temperature_2m": 16.5,
        "precipitation": 0.0,
        "cloud_cover": 100,
        "wind_speed_10m": 6.91,
        "last_updated": "2026-06-04T14:44:17Z"
      }
    },
    {
      "type": "Feature",
      "geometry": {
        "type": "Point",
        "coordinates": [
          5.6,
          48.04
        ]
      },
      "properties": {
        "temperature_2m": 16.1,
        "precipitation": 0.0,
        "cloud_cover": 100,
        "wind_speed_10m": 6.95,
        "last_updated": "2026-06-04T14:44:17Z"
      }
    },
    {
      "type": "Feature",
      "geometry": {
        "type": "Point",
        "coordinates": [
          5.66,
          48.04
        ]
      },
      "properties": {
        "temperature_2m": 15.7,
        "precipitation": 0.0,
        "cloud_cover": 100,
        "wind_speed_10m": 6.22,
        "last_updated": "2026-06-04T14:44:17Z"
      }
    },
    {
      "type": "Feature",
      "geometry": {
        "type": "Point",
        "coordinates": [
          5.7,
          48.04
        ]
      },
      "properties": {
        "temperature_2m": 15.0,
        "precipitation": 0.0,
        "cloud_cover": 100,
        "wind_speed_10m": 6.17,
        "last_updated": "2026-06-04T14:44:17Z"
      }
    },
    {
      "type": "Feature",
      "geometry": {
        "type": "Point",
        "coordinates": [
          5.76,
          48.04
        ]
      },
      "properties": {
        "temperature_2m": 14.4,
        "precipitation": 0.0,
        "cloud_cover": 100,
        "wind_speed_10m": 5.2,
        "last_updated": "2026-06-04T14:44:17Z"
      }
    },
    {
      "type": "Feature",
      "geometry": {
        "type": "Point",
        "coordinates": [
          5.8,
          48.04
        ]
      },
      "properties": {
        "temperature_2m": 15.3,
        "precipitation": 0.1,
        "cloud_cover": 100,
        "wind_speed_10m": 5.5,
        "last_updated": "2026-06-04T14:44:17Z"
      }
    },
    {
      "type": "Feature",
      "geometry": {
        "type": "Point",
        "coordinates": [
          5.86,
          48.04
        ]
      },
      "properties": {
        "temperature_2m": 15.8,
        "precipitation": 0.1,
        "cloud_cover": 100,
        "wind_speed_10m": 5.92,
        "last_updated": "2026-06-04T14:44:17Z"
      }
    },
    {
      "type": "Feature",
      "geometry": {
        "type": "Point",
        "coordinates": [
          5.9,
          48.04
        ]
      },
      "properties": {
        "temperature_2m": 15.7,
        "precipitation": 0.1,
        "cloud_cover": 100,
        "wind_speed_10m": 5.69,
        "last_updated": "2026-06-04T14:44:17Z"
      }
    },
    {
      "type": "Feature",
      "geometry": {
        "type": "Point",
        "coordinates": [
          5.94,
          48.04
        ]
      },
      "properties": {
        "temperature_2m": 15.4,
        "precipitation": 0.0,
        "cloud_cover": 100,
        "wind_speed_10m": 6.62,
        "last_updated": "2026-06-04T14:44:17Z"
      }
    },
    {
      "type": "Feature",
      "geometry": {
        "type": "Point",
        "coordinates": [
          4.7,
          48.1
        ]
      },
      "properties": {
        "temperature_2m": 16.2,
        "precipitation": 0.0,
        "cloud_cover": 100,
        "wind_speed_10m": 5.1,
        "last_updated": "2026-06-04T14:44:17Z"
      }
    },
    {
      "type": "Feature",
      "geometry": {
        "type": "Point",
        "coordinates": [
          4.76,
          48.1
        ]
      },
      "properties": {
        "temperature_2m": 16.6,
        "precipitation": 0.0,
        "cloud_cover": 100,
        "wind_speed_10m": 5.31,
        "last_updated": "2026-06-04T14:44:17Z"
      }
    },
    {
      "type": "Feature",
      "geometry": {
        "type": "Point",
        "coordinates": [
          4.8,
          48.1
        ]
      },
      "properties": {
        "temperature_2m": 17.8,
        "precipitation": 0.0,
        "cloud_cover": 100,
        "wind_speed_10m": 6.01,
        "last_updated": "2026-06-04T14:44:17Z"
      }
    },
    {
      "type": "Feature",
      "geometry": {
        "type": "Point",
        "coordinates": [
          4.86,
          48.1
        ]
      },
      "properties": {
        "temperature_2m": 16.4,
        "precipitation": 0.0,
        "cloud_cover": 100,
        "wind_speed_10m": 6.12,
        "last_updated": "2026-06-04T14:44:17Z"
      }
    },
    {
      "type": "Feature",
      "geometry": {
        "type": "Point",
        "coordinates": [
          4.9,
          48.1
        ]
      },
      "properties": {
        "temperature_2m": 17.7,
        "precipitation": 0.1,
        "cloud_cover": 100,
        "wind_speed_10m": 6.38,
        "last_updated": "2026-06-04T14:44:17Z"
      }
    },
    {
      "type": "Feature",
      "geometry": {
        "type": "Point",
        "coordinates": [
          4.94,
          48.1
        ]
      },
      "properties": {
        "temperature_2m": 17.0,
        "precipitation": 0.2,
        "cloud_cover": 100,
        "wind_speed_10m": 7.18,
        "last_updated": "2026-06-04T14:44:17Z"
      }
    },
    {
      "type": "Feature",
      "geometry": {
        "type": "Point",
        "coordinates": [
          5.0,
          48.1
        ]
      },
      "properties": {
        "temperature_2m": 16.8,
        "precipitation": 0.2,
        "cloud_cover": 100,
        "wind_speed_10m": 6.67,
        "last_updated": "2026-06-04T14:44:17Z"
      }
    },
    {
      "type": "Feature",
      "geometry": {
        "type": "Point",
        "coordinates": [
          5.06,
          48.1
        ]
      },
      "properties": {
        "temperature_2m": 16.8,
        "precipitation": 0.4,
        "cloud_cover": 100,
        "wind_speed_10m": 6.8,
        "last_updated": "2026-06-04T14:44:17Z"
      }
    },
    {
      "type": "Feature",
      "geometry": {
        "type": "Point",
        "coordinates": [
          5.1,
          48.1
        ]
      },
      "properties": {
        "temperature_2m": 16.5,
        "precipitation": 0.8,
        "cloud_cover": 100,
        "wind_speed_10m": 5.66,
        "last_updated": "2026-06-04T14:44:17Z"
      }
    },
    {
      "type": "Feature",
      "geometry": {
        "type": "Point",
        "coordinates": [
          5.16,
          48.1
        ]
      },
      "properties": {
        "temperature_2m": 16.1,
        "precipitation": 0.4,
        "cloud_cover": 100,
        "wind_speed_10m": 6.25,
        "last_updated": "2026-06-04T14:44:17Z"
      }
    },
    {
      "type": "Feature",
      "geometry": {
        "type": "Point",
        "coordinates": [
          5.2,
          48.1
        ]
      },
      "properties": {
        "temperature_2m": 15.7,
        "precipitation": 0.5,
        "cloud_cover": 100,
        "wind_speed_10m": 6.53,
        "last_updated": "2026-06-04T14:44:17Z"
      }
    },
    {
      "type": "Feature",
      "geometry": {
        "type": "Point",
        "coordinates": [
          5.26,
          48.1
        ]
      },
      "properties": {
        "temperature_2m": 15.6,
        "precipitation": 0.0,
        "cloud_cover": 100,
        "wind_speed_10m": 7.37,
        "last_updated": "2026-06-04T14:44:17Z"
      }
    },
    {
      "type": "Feature",
      "geometry": {
        "type": "Point",
        "coordinates": [
          5.3,
          48.1
        ]
      },
      "properties": {
        "temperature_2m": 15.3,
        "precipitation": 0.0,
        "cloud_cover": 100,
        "wind_speed_10m": 7.92,
        "last_updated": "2026-06-04T14:44:17Z"
      }
    },
    {
      "type": "Feature",
      "geometry": {
        "type": "Point",
        "coordinates": [
          5.36,
          48.1
        ]
      },
      "properties": {
        "temperature_2m": 16.2,
        "precipitation": 0.0,
        "cloud_cover": 100,
        "wind_speed_10m": 7.78,
        "last_updated": "2026-06-04T14:44:17Z"
      }
    },
    {
      "type": "Feature",
      "geometry": {
        "type": "Point",
        "coordinates": [
          5.4,
          48.1
        ]
      },
      "properties": {
        "temperature_2m": 16.1,
        "precipitation": 0.0,
        "cloud_cover": 100,
        "wind_speed_10m": 7.92,
        "last_updated": "2026-06-04T14:44:17Z"
      }
    },
    {
      "type": "Feature",
      "geometry": {
        "type": "Point",
        "coordinates": [
          5.44,
          48.1
        ]
      },
      "properties": {
        "temperature_2m": 15.7,
        "precipitation": 0.1,
        "cloud_cover": 100,
        "wind_speed_10m": 6.95,
        "last_updated": "2026-06-04T14:44:17Z"
      }
    },
    {
      "type": "Feature",
      "geometry": {
        "type": "Point",
        "coordinates": [
          5.5,
          48.1
        ]
      },
      "properties": {
        "temperature_2m": 15.4,
        "precipitation": 0.0,
        "cloud_cover": 100,
        "wind_speed_10m": 7.37,
        "last_updated": "2026-06-04T14:44:17Z"
      }
    },
    {
      "type": "Feature",
      "geometry": {
        "type": "Point",
        "coordinates": [
          5.56,
          48.1
        ]
      },
      "properties": {
        "temperature_2m": 16.8,
        "precipitation": 0.0,
        "cloud_cover": 100,
        "wind_speed_10m": 8.26,
        "last_updated": "2026-06-04T14:44:17Z"
      }
    },
    {
      "type": "Feature",
      "geometry": {
        "type": "Point",
        "coordinates": [
          5.6,
          48.1
        ]
      },
      "properties": {
        "temperature_2m": 16.4,
        "precipitation": 0.0,
        "cloud_cover": 100,
        "wind_speed_10m": 7.46,
        "last_updated": "2026-06-04T14:44:17Z"
      }
    },
    {
      "type": "Feature",
      "geometry": {
        "type": "Point",
        "coordinates": [
          5.66,
          48.1
        ]
      },
      "properties": {
        "temperature_2m": 15.9,
        "precipitation": 0.0,
        "cloud_cover": 100,
        "wind_speed_10m": 6.46,
        "last_updated": "2026-06-04T14:44:17Z"
      }
    },
    {
      "type": "Feature",
      "geometry": {
        "type": "Point",
        "coordinates": [
          5.7,
          48.1
        ]
      },
      "properties": {
        "temperature_2m": 15.6,
        "precipitation": 0.0,
        "cloud_cover": 100,
        "wind_speed_10m": 4.96,
        "last_updated": "2026-06-04T14:44:17Z"
      }
    },
    {
      "type": "Feature",
      "geometry": {
        "type": "Point",
        "coordinates": [
          5.76,
          48.1
        ]
      },
      "properties": {
        "temperature_2m": 15.4,
        "precipitation": 0.0,
        "cloud_cover": 100,
        "wind_speed_10m": 5.44,
        "last_updated": "2026-06-04T14:44:17Z"
      }
    },
    {
      "type": "Feature",
      "geometry": {
        "type": "Point",
        "coordinates": [
          5.8,
          48.1
        ]
      },
      "properties": {
        "temperature_2m": 15.5,
        "precipitation": 0.0,
        "cloud_cover": 100,
        "wind_speed_10m": 6.08,
        "last_updated": "2026-06-04T14:44:17Z"
      }
    },
    {
      "type": "Feature",
      "geometry": {
        "type": "Point",
        "coordinates": [
          5.86,
          48.1
        ]
      },
      "properties": {
        "temperature_2m": 15.1,
        "precipitation": 0.0,
        "cloud_cover": 100,
        "wind_speed_10m": 6.57,
        "last_updated": "2026-06-04T14:44:17Z"
      }
    },
    {
      "type": "Feature",
      "geometry": {
        "type": "Point",
        "coordinates": [
          5.9,
          48.1
        ]
      },
      "properties": {
        "temperature_2m": 15.0,
        "precipitation": 0.1,
        "cloud_cover": 100,
        "wind_speed_10m": 6.15,
        "last_updated": "2026-06-04T14:44:17Z"
      }
    },
    {
      "type": "Feature",
      "geometry": {
        "type": "Point",
        "coordinates": [
          5.94,
          48.1
        ]
      },
      "properties": {
        "temperature_2m": 14.7,
        "precipitation": 0.1,
        "cloud_cover": 100,
        "wind_speed_10m": 4.79,
        "last_updated": "2026-06-04T14:44:17Z"
      }
    },
    {
      "type": "Feature",
      "geometry": {
        "type": "Point",
        "coordinates": [
          4.7,
          48.16
        ]
      },
      "properties": {
        "temperature_2m": 16.7,
        "precipitation": 0.0,
        "cloud_cover": 100,
        "wind_speed_10m": 6.81,
        "last_updated": "2026-06-04T14:44:17Z"
      }
    },
    {
      "type": "Feature",
      "geometry": {
        "type": "Point",
        "coordinates": [
          4.76,
          48.16
        ]
      },
      "properties": {
        "temperature_2m": 17.3,
        "precipitation": 0.0,
        "cloud_cover": 100,
        "wind_speed_10m": 4.97,
        "last_updated": "2026-06-04T14:44:17Z"
      }
    },
    {
      "type": "Feature",
      "geometry": {
        "type": "Point",
        "coordinates": [
          4.8,
          48.16
        ]
      },
      "properties": {
        "temperature_2m": 17.9,
        "precipitation": 0.0,
        "cloud_cover": 100,
        "wind_speed_10m": 5.1,
        "last_updated": "2026-06-04T14:44:17Z"
      }
    },
    {
      "type": "Feature",
      "geometry": {
        "type": "Point",
        "coordinates": [
          4.86,
          48.16
        ]
      },
      "properties": {
        "temperature_2m": 17.3,
        "precipitation": 0.0,
        "cloud_cover": 100,
        "wind_speed_10m": 4.95,
        "last_updated": "2026-06-04T14:44:17Z"
      }
    },
    {
      "type": "Feature",
      "geometry": {
        "type": "Point",
        "coordinates": [
          4.9,
          48.16
        ]
      },
      "properties": {
        "temperature_2m": 16.5,
        "precipitation": 0.0,
        "cloud_cover": 100,
        "wind_speed_10m": 5.23,
        "last_updated": "2026-06-04T14:44:17Z"
      }
    },
    {
      "type": "Feature",
      "geometry": {
        "type": "Point",
        "coordinates": [
          4.94,
          48.16
        ]
      },
      "properties": {
        "temperature_2m": 17.2,
        "precipitation": 0.0,
        "cloud_cover": 100,
        "wind_speed_10m": 6.31,
        "last_updated": "2026-06-04T14:44:17Z"
      }
    },
    {
      "type": "Feature",
      "geometry": {
        "type": "Point",
        "coordinates": [
          5.0,
          48.16
        ]
      },
      "properties": {
        "temperature_2m": 16.4,
        "precipitation": 0.2,
        "cloud_cover": 100,
        "wind_speed_10m": 6.24,
        "last_updated": "2026-06-04T14:44:17Z"
      }
    },
    {
      "type": "Feature",
      "geometry": {
        "type": "Point",
        "coordinates": [
          5.06,
          48.16
        ]
      },
      "properties": {
        "temperature_2m": 16.0,
        "precipitation": 0.1,
        "cloud_cover": 100,
        "wind_speed_10m": 5.75,
        "last_updated": "2026-06-04T14:44:17Z"
      }
    },
    {
      "type": "Feature",
      "geometry": {
        "type": "Point",
        "coordinates": [
          5.1,
          48.16
        ]
      },
      "properties": {
        "temperature_2m": 16.6,
        "precipitation": 0.1,
        "cloud_cover": 100,
        "wind_speed_10m": 5.59,
        "last_updated": "2026-06-04T14:44:17Z"
      }
    },
    {
      "type": "Feature",
      "geometry": {
        "type": "Point",
        "coordinates": [
          5.16,
          48.16
        ]
      },
      "properties": {
        "temperature_2m": 15.9,
        "precipitation": 0.4,
        "cloud_cover": 100,
        "wind_speed_10m": 5.59,
        "last_updated": "2026-06-04T14:44:17Z"
      }
    },
    {
      "type": "Feature",
      "geometry": {
        "type": "Point",
        "coordinates": [
          5.2,
          48.16
        ]
      },
      "properties": {
        "temperature_2m": 15.7,
        "precipitation": 0.9,
        "cloud_cover": 100,
        "wind_speed_10m": 6.02,
        "last_updated": "2026-06-04T14:44:17Z"
      }
    },
    {
      "type": "Feature",
      "geometry": {
        "type": "Point",
        "coordinates": [
          5.26,
          48.16
        ]
      },
      "properties": {
        "temperature_2m": 15.2,
        "precipitation": 0.6,
        "cloud_cover": 100,
        "wind_speed_10m": 4.39,
        "last_updated": "2026-06-04T14:44:17Z"
      }
    },
    {
      "type": "Feature",
      "geometry": {
        "type": "Point",
        "coordinates": [
          5.3,
          48.16
        ]
      },
      "properties": {
        "temperature_2m": 14.6,
        "precipitation": 0.2,
        "cloud_cover": 100,
        "wind_speed_10m": 4.2,
        "last_updated": "2026-06-04T14:44:17Z"
      }
    },
    {
      "type": "Feature",
      "geometry": {
        "type": "Point",
        "coordinates": [
          5.36,
          48.16
        ]
      },
      "properties": {
        "temperature_2m": 15.6,
        "precipitation": 0.0,
        "cloud_cover": 100,
        "wind_speed_10m": 5.87,
        "last_updated": "2026-06-04T14:44:17Z"
      }
    },
    {
      "type": "Feature",
      "geometry": {
        "type": "Point",
        "coordinates": [
          5.4,
          48.16
        ]
      },
      "properties": {
        "temperature_2m": 15.3,
        "precipitation": 0.2,
        "cloud_cover": 100,
        "wind_speed_10m": 6.65,
        "last_updated": "2026-06-04T14:44:17Z"
      }
    },
    {
      "type": "Feature",
      "geometry": {
        "type": "Point",
        "coordinates": [
          5.44,
          48.16
        ]
      },
      "properties": {
        "temperature_2m": 15.3,
        "precipitation": 0.7,
        "cloud_cover": 100,
        "wind_speed_10m": 6.08,
        "last_updated": "2026-06-04T14:44:17Z"
      }
    },
    {
      "type": "Feature",
      "geometry": {
        "type": "Point",
        "coordinates": [
          5.5,
          48.16
        ]
      },
      "properties": {
        "temperature_2m": 15.2,
        "precipitation": 0.7,
        "cloud_cover": 100,
        "wind_speed_10m": 5.94,
        "last_updated": "2026-06-04T14:44:17Z"
      }
    },
    {
      "type": "Feature",
      "geometry": {
        "type": "Point",
        "coordinates": [
          5.56,
          48.16
        ]
      },
      "properties": {
        "temperature_2m": 16.2,
        "precipitation": 0.6,
        "cloud_cover": 100,
        "wind_speed_10m": 5.69,
        "last_updated": "2026-06-04T14:44:17Z"
      }
    },
    {
      "type": "Feature",
      "geometry": {
        "type": "Point",
        "coordinates": [
          5.6,
          48.16
        ]
      },
      "properties": {
        "temperature_2m": 16.0,
        "precipitation": 0.3,
        "cloud_cover": 100,
        "wind_speed_10m": 5.91,
        "last_updated": "2026-06-04T14:44:17Z"
      }
    },
    {
      "type": "Feature",
      "geometry": {
        "type": "Point",
        "coordinates": [
          5.66,
          48.16
        ]
      },
      "properties": {
        "temperature_2m": 15.3,
        "precipitation": 0.0,
        "cloud_cover": 100,
        "wind_speed_10m": 4.52,
        "last_updated": "2026-06-04T14:44:17Z"
      }
    },
    {
      "type": "Feature",
      "geometry": {
        "type": "Point",
        "coordinates": [
          5.7,
          48.16
        ]
      },
      "properties": {
        "temperature_2m": 15.9,
        "precipitation": 0.0,
        "cloud_cover": 100,
        "wind_speed_10m": 4.16,
        "last_updated": "2026-06-04T14:44:17Z"
      }
    },
    {
      "type": "Feature",
      "geometry": {
        "type": "Point",
        "coordinates": [
          5.76,
          48.16
        ]
      },
      "properties": {
        "temperature_2m": 15.1,
        "precipitation": 0.0,
        "cloud_cover": 100,
        "wind_speed_10m": 4.25,
        "last_updated": "2026-06-04T14:44:17Z"
      }
    },
    {
      "type": "Feature",
      "geometry": {
        "type": "Point",
        "coordinates": [
          5.8,
          48.16
        ]
      },
      "properties": {
        "temperature_2m": 15.6,
        "precipitation": 0.0,
        "cloud_cover": 100,
        "wind_speed_10m": 5.64,
        "last_updated": "2026-06-04T14:44:17Z"
      }
    },
    {
      "type": "Feature",
      "geometry": {
        "type": "Point",
        "coordinates": [
          5.86,
          48.16
        ]
      },
      "properties": {
        "temperature_2m": 14.6,
        "precipitation": 0.0,
        "cloud_cover": 100,
        "wind_speed_10m": 6.18,
        "last_updated": "2026-06-04T14:44:17Z"
      }
    },
    {
      "type": "Feature",
      "geometry": {
        "type": "Point",
        "coordinates": [
          5.9,
          48.16
        ]
      },
      "properties": {
        "temperature_2m": 14.9,
        "precipitation": 0.0,
        "cloud_cover": 100,
        "wind_speed_10m": 6.48,
        "last_updated": "2026-06-04T14:44:17Z"
      }
    },
    {
      "type": "Feature",
      "geometry": {
        "type": "Point",
        "coordinates": [
          5.94,
          48.16
        ]
      },
      "properties": {
        "temperature_2m": 14.6,
        "precipitation": 0.0,
        "cloud_cover": 100,
        "wind_speed_10m": 6.54,
        "last_updated": "2026-06-04T14:44:17Z"
      }
    },
    {
      "type": "Feature",
      "geometry": {
        "type": "Point",
        "coordinates": [
          4.7,
          48.2
        ]
      },
      "properties": {
        "temperature_2m": 16.5,
        "precipitation": 0.0,
        "cloud_cover": 100,
        "wind_speed_10m": 7.18,
        "last_updated": "2026-06-04T14:44:17Z"
      }
    },
    {
      "type": "Feature",
      "geometry": {
        "type": "Point",
        "coordinates": [
          4.76,
          48.2
        ]
      },
      "properties": {
        "temperature_2m": 17.9,
        "precipitation": 0.0,
        "cloud_cover": 100,
        "wind_speed_10m": 6.08,
        "last_updated": "2026-06-04T14:44:17Z"
      }
    },
    {
      "type": "Feature",
      "geometry": {
        "type": "Point",
        "coordinates": [
          4.8,
          48.2
        ]
      },
      "properties": {
        "temperature_2m": 17.7,
        "precipitation": 0.0,
        "cloud_cover": 100,
        "wind_speed_10m": 5.59,
        "last_updated": "2026-06-04T14:44:17Z"
      }
    },
    {
      "type": "Feature",
      "geometry": {
        "type": "Point",
        "coordinates": [
          4.86,
          48.2
        ]
      },
      "properties": {
        "temperature_2m": 16.6,
        "precipitation": 0.0,
        "cloud_cover": 100,
        "wind_speed_10m": 4.81,
        "last_updated": "2026-06-04T14:44:17Z"
      }
    },
    {
      "type": "Feature",
      "geometry": {
        "type": "Point",
        "coordinates": [
          4.9,
          48.2
        ]
      },
      "properties": {
        "temperature_2m": 16.6,
        "precipitation": 0.0,
        "cloud_cover": 100,
        "wind_speed_10m": 5.17,
        "last_updated": "2026-06-04T14:44:17Z"
      }
    },
    {
      "type": "Feature",
      "geometry": {
        "type": "Point",
        "coordinates": [
          4.94,
          48.2
        ]
      },
      "properties": {
        "temperature_2m": 16.7,
        "precipitation": 0.0,
        "cloud_cover": 100,
        "wind_speed_10m": 5.8,
        "last_updated": "2026-06-04T14:44:17Z"
      }
    },
    {
      "type": "Feature",
      "geometry": {
        "type": "Point",
        "coordinates": [
          5.0,
          48.2
        ]
      },
      "properties": {
        "temperature_2m": 16.3,
        "precipitation": 0.0,
        "cloud_cover": 100,
        "wind_speed_10m": 6.65,
        "last_updated": "2026-06-04T14:44:17Z"
      }
    },
    {
      "type": "Feature",
      "geometry": {
        "type": "Point",
        "coordinates": [
          5.06,
          48.2
        ]
      },
      "properties": {
        "temperature_2m": 16.4,
        "precipitation": 0.0,
        "cloud_cover": 100,
        "wind_speed_10m": 6.08,
        "last_updated": "2026-06-04T14:44:17Z"
      }
    },
    {
      "type": "Feature",
      "geometry": {
        "type": "Point",
        "coordinates": [
          5.1,
          48.2
        ]
      },
      "properties": {
        "temperature_2m": 17.1,
        "precipitation": 0.0,
        "cloud_cover": 100,
        "wind_speed_10m": 5.61,
        "last_updated": "2026-06-04T14:44:17Z"
      }
    },
    {
      "type": "Feature",
      "geometry": {
        "type": "Point",
        "coordinates": [
          5.16,
          48.2
        ]
      },
      "properties": {
        "temperature_2m": 17.1,
        "precipitation": 0.0,
        "cloud_cover": 100,
        "wind_speed_10m": 6.28,
        "last_updated": "2026-06-04T14:44:17Z"
      }
    },
    {
      "type": "Feature",
      "geometry": {
        "type": "Point",
        "coordinates": [
          5.2,
          48.2
        ]
      },
      "properties": {
        "temperature_2m": 16.3,
        "precipitation": 0.0,
        "cloud_cover": 100,
        "wind_speed_10m": 6.08,
        "last_updated": "2026-06-04T14:44:17Z"
      }
    },
    {
      "type": "Feature",
      "geometry": {
        "type": "Point",
        "coordinates": [
          5.26,
          48.2
        ]
      },
      "properties": {
        "temperature_2m": 16.0,
        "precipitation": 0.0,
        "cloud_cover": 100,
        "wind_speed_10m": 6.54,
        "last_updated": "2026-06-04T14:44:17Z"
      }
    },
    {
      "type": "Feature",
      "geometry": {
        "type": "Point",
        "coordinates": [
          5.3,
          48.2
        ]
      },
      "properties": {
        "temperature_2m": 15.9,
        "precipitation": 0.0,
        "cloud_cover": 100,
        "wind_speed_10m": 6.31,
        "last_updated": "2026-06-04T14:44:17Z"
      }
    },
    {
      "type": "Feature",
      "geometry": {
        "type": "Point",
        "coordinates": [
          5.36,
          48.2
        ]
      },
      "properties": {
        "temperature_2m": 15.3,
        "precipitation": 0.0,
        "cloud_cover": 100,
        "wind_speed_10m": 6.09,
        "last_updated": "2026-06-04T14:44:17Z"
      }
    },
    {
      "type": "Feature",
      "geometry": {
        "type": "Point",
        "coordinates": [
          5.4,
          48.2
        ]
      },
      "properties": {
        "temperature_2m": 15.5,
        "precipitation": 0.0,
        "cloud_cover": 100,
        "wind_speed_10m": 5.33,
        "last_updated": "2026-06-04T14:44:17Z"
      }
    },
    {
      "type": "Feature",
      "geometry": {
        "type": "Point",
        "coordinates": [
          5.44,
          48.2
        ]
      },
      "properties": {
        "temperature_2m": 15.5,
        "precipitation": 0.0,
        "cloud_cover": 100,
        "wind_speed_10m": 5.74,
        "last_updated": "2026-06-04T14:44:17Z"
      }
    },
    {
      "type": "Feature",
      "geometry": {
        "type": "Point",
        "coordinates": [
          5.5,
          48.2
        ]
      },
      "properties": {
        "temperature_2m": 15.0,
        "precipitation": 0.0,
        "cloud_cover": 100,
        "wind_speed_10m": 5.95,
        "last_updated": "2026-06-04T14:44:17Z"
      }
    },
    {
      "type": "Feature",
      "geometry": {
        "type": "Point",
        "coordinates": [
          5.56,
          48.2
        ]
      },
      "properties": {
        "temperature_2m": 15.4,
        "precipitation": 0.0,
        "cloud_cover": 100,
        "wind_speed_10m": 5.66,
        "last_updated": "2026-06-04T14:44:17Z"
      }
    },
    {
      "type": "Feature",
      "geometry": {
        "type": "Point",
        "coordinates": [
          5.6,
          48.2
        ]
      },
      "properties": {
        "temperature_2m": 15.7,
        "precipitation": 0.0,
        "cloud_cover": 100,
        "wind_speed_10m": 5.69,
        "last_updated": "2026-06-04T14:44:17Z"
      }
    },
    {
      "type": "Feature",
      "geometry": {
        "type": "Point",
        "coordinates": [
          5.66,
          48.2
        ]
      },
      "properties": {
        "temperature_2m": 15.6,
        "precipitation": 0.0,
        "cloud_cover": 100,
        "wind_speed_10m": 4.52,
        "last_updated": "2026-06-04T14:44:17Z"
      }
    },
    {
      "type": "Feature",
      "geometry": {
        "type": "Point",
        "coordinates": [
          5.7,
          48.22
        ]
      },
      "properties": {
        "temperature_2m": 14.7,
        "precipitation": 0.0,
        "cloud_cover": 100,
        "wind_speed_10m": 7.08,
        "last_updated": "2026-06-04T14:44:17Z"
      }
    },
    {
      "type": "Feature",
      "geometry": {
        "type": "Point",
        "coordinates": [
          5.76,
          48.2
        ]
      },
      "properties": {
        "temperature_2m": 16.3,
        "precipitation": 0.0,
        "cloud_cover": 100,
        "wind_speed_10m": 7.0,
        "last_updated": "2026-06-04T14:44:17Z"
      }
    },
    {
      "type": "Feature",
      "geometry": {
        "type": "Point",
        "coordinates": [
          5.8,
          48.2
        ]
      },
      "properties": {
        "temperature_2m": 15.9,
        "precipitation": 0.0,
        "cloud_cover": 100,
        "wind_speed_10m": 5.99,
        "last_updated": "2026-06-04T14:44:17Z"
      }
    },
    {
      "type": "Feature",
      "geometry": {
        "type": "Point",
        "coordinates": [
          5.86,
          48.2
        ]
      },
      "properties": {
        "temperature_2m": 15.2,
        "precipitation": 0.0,
        "cloud_cover": 100,
        "wind_speed_10m": 4.98,
        "last_updated": "2026-06-04T14:44:17Z"
      }
    },
    {
      "type": "Feature",
      "geometry": {
        "type": "Point",
        "coordinates": [
          5.9,
          48.2
        ]
      },
      "properties": {
        "temperature_2m": 15.7,
        "precipitation": 0.0,
        "cloud_cover": 100,
        "wind_speed_10m": 6.28,
        "last_updated": "2026-06-04T14:44:17Z"
      }
    },
    {
      "type": "Feature",
      "geometry": {
        "type": "Point",
        "coordinates": [
          5.94,
          48.2
        ]
      },
      "properties": {
        "temperature_2m": 15.6,
        "precipitation": 0.0,
        "cloud_cover": 100,
        "wind_speed_10m": 5.95,
        "last_updated": "2026-06-04T14:44:17Z"
      }
    },
    {
      "type": "Feature",
      "geometry": {
        "type": "Point",
        "coordinates": [
          4.7,
          48.24
        ]
      },
      "properties": {
        "temperature_2m": 17.3,
        "precipitation": 0.0,
        "cloud_cover": 100,
        "wind_speed_10m": 5.16,
        "last_updated": "2026-06-04T14:44:17Z"
      }
    },
    {
      "type": "Feature",
      "geometry": {
        "type": "Point",
        "coordinates": [
          4.76,
          48.24
        ]
      },
      "properties": {
        "temperature_2m": 17.5,
        "precipitation": 0.0,
        "cloud_cover": 100,
        "wind_speed_10m": 5.8,
        "last_updated": "2026-06-04T14:44:17Z"
      }
    },
    {
      "type": "Feature",
      "geometry": {
        "type": "Point",
        "coordinates": [
          4.8,
          48.24
        ]
      },
      "properties": {
        "temperature_2m": 16.8,
        "precipitation": 0.0,
        "cloud_cover": 100,
        "wind_speed_10m": 6.36,
        "last_updated": "2026-06-04T14:44:17Z"
      }
    },
    {
      "type": "Feature",
      "geometry": {
        "type": "Point",
        "coordinates": [
          4.86,
          48.24
        ]
      },
      "properties": {
        "temperature_2m": 16.4,
        "precipitation": 0.0,
        "cloud_cover": 100,
        "wind_speed_10m": 7.0,
        "last_updated": "2026-06-04T14:44:17Z"
      }
    },
    {
      "type": "Feature",
      "geometry": {
        "type": "Point",
        "coordinates": [
          4.9,
          48.24
        ]
      },
      "properties": {
        "temperature_2m": 16.9,
        "precipitation": 0.0,
        "cloud_cover": 100,
        "wind_speed_10m": 6.44,
        "last_updated": "2026-06-04T14:44:17Z"
      }
    },
    {
      "type": "Feature",
      "geometry": {
        "type": "Point",
        "coordinates": [
          4.94,
          48.24
        ]
      },
      "properties": {
        "temperature_2m": 17.2,
        "precipitation": 0.0,
        "cloud_cover": 100,
        "wind_speed_10m": 6.19,
        "last_updated": "2026-06-04T14:44:17Z"
      }
    },
    {
      "type": "Feature",
      "geometry": {
        "type": "Point",
        "coordinates": [
          5.0,
          48.24
        ]
      },
      "properties": {
        "temperature_2m": 16.6,
        "precipitation": 0.0,
        "cloud_cover": 100,
        "wind_speed_10m": 4.7,
        "last_updated": "2026-06-04T14:44:17Z"
      }
    },
    {
      "type": "Feature",
      "geometry": {
        "type": "Point",
        "coordinates": [
          5.06,
          48.24
        ]
      },
      "properties": {
        "temperature_2m": 16.7,
        "precipitation": 0.0,
        "cloud_cover": 100,
        "wind_speed_10m": 5.04,
        "last_updated": "2026-06-04T14:44:17Z"
      }
    },
    {
      "type": "Feature",
      "geometry": {
        "type": "Point",
        "coordinates": [
          5.1,
          48.24
        ]
      },
      "properties": {
        "temperature_2m": 17.7,
        "precipitation": 0.0,
        "cloud_cover": 100,
        "wind_speed_10m": 5.47,
        "last_updated": "2026-06-04T14:44:17Z"
      }
    },
    {
      "type": "Feature",
      "geometry": {
        "type": "Point",
        "coordinates": [
          5.16,
          48.24
        ]
      },
      "properties": {
        "temperature_2m": 17.0,
        "precipitation": 0.0,
        "cloud_cover": 100,
        "wind_speed_10m": 5.73,
        "last_updated": "2026-06-04T14:44:17Z"
      }
    },
    {
      "type": "Feature",
      "geometry": {
        "type": "Point",
        "coordinates": [
          5.2,
          48.24
        ]
      },
      "properties": {
        "temperature_2m": 16.3,
        "precipitation": 0.0,
        "cloud_cover": 100,
        "wind_speed_10m": 5.45,
        "last_updated": "2026-06-04T14:44:17Z"
      }
    },
    {
      "type": "Feature",
      "geometry": {
        "type": "Point",
        "coordinates": [
          5.26,
          48.24
        ]
      },
      "properties": {
        "temperature_2m": 16.5,
        "precipitation": 0.0,
        "cloud_cover": 100,
        "wind_speed_10m": 6.74,
        "last_updated": "2026-06-04T14:44:17Z"
      }
    },
    {
      "type": "Feature",
      "geometry": {
        "type": "Point",
        "coordinates": [
          5.3,
          48.24
        ]
      },
      "properties": {
        "temperature_2m": 17.1,
        "precipitation": 0.0,
        "cloud_cover": 100,
        "wind_speed_10m": 6.31,
        "last_updated": "2026-06-04T14:44:17Z"
      }
    },
    {
      "type": "Feature",
      "geometry": {
        "type": "Point",
        "coordinates": [
          5.36,
          48.24
        ]
      },
      "properties": {
        "temperature_2m": 16.5,
        "precipitation": 0.0,
        "cloud_cover": 100,
        "wind_speed_10m": 5.23,
        "last_updated": "2026-06-04T14:44:17Z"
      }
    },
    {
      "type": "Feature",
      "geometry": {
        "type": "Point",
        "coordinates": [
          5.4,
          48.24
        ]
      },
      "properties": {
        "temperature_2m": 16.6,
        "precipitation": 0.0,
        "cloud_cover": 100,
        "wind_speed_10m": 5.25,
        "last_updated": "2026-06-04T14:44:17Z"
      }
    },
    {
      "type": "Feature",
      "geometry": {
        "type": "Point",
        "coordinates": [
          5.44,
          48.24
        ]
      },
      "properties": {
        "temperature_2m": 16.2,
        "precipitation": 0.0,
        "cloud_cover": 100,
        "wind_speed_10m": 5.64,
        "last_updated": "2026-06-04T14:44:17Z"
      }
    },
    {
      "type": "Feature",
      "geometry": {
        "type": "Point",
        "coordinates": [
          5.5,
          48.24
        ]
      },
      "properties": {
        "temperature_2m": 15.9,
        "precipitation": 0.0,
        "cloud_cover": 100,
        "wind_speed_10m": 6.32,
        "last_updated": "2026-06-04T14:44:17Z"
      }
    },
    {
      "type": "Feature",
      "geometry": {
        "type": "Point",
        "coordinates": [
          5.56,
          48.24
        ]
      },
      "properties": {
        "temperature_2m": 15.9,
        "precipitation": 0.0,
        "cloud_cover": 100,
        "wind_speed_10m": 7.07,
        "last_updated": "2026-06-04T14:44:17Z"
      }
    },
    {
      "type": "Feature",
      "geometry": {
        "type": "Point",
        "coordinates": [
          5.6,
          48.24
        ]
      },
      "properties": {
        "temperature_2m": 16.0,
        "precipitation": 0.0,
        "cloud_cover": 100,
        "wind_speed_10m": 7.08,
        "last_updated": "2026-06-04T14:44:17Z"
      }
    },
    {
      "type": "Feature",
      "geometry": {
        "type": "Point",
        "coordinates": [
          5.66,
          48.24
        ]
      },
      "properties": {
        "temperature_2m": 15.0,
        "precipitation": 0.0,
        "cloud_cover": 100,
        "wind_speed_10m": 7.47,
        "last_updated": "2026-06-04T14:44:17Z"
      }
    },
    {
      "type": "Feature",
      "geometry": {
        "type": "Point",
        "coordinates": [
          5.7,
          48.24
        ]
      },
      "properties": {
        "temperature_2m": 16.1,
        "precipitation": 0.0,
        "cloud_cover": 100,
        "wind_speed_10m": 7.53,
        "last_updated": "2026-06-04T14:44:17Z"
      }
    },
    {
      "type": "Feature",
      "geometry": {
        "type": "Point",
        "coordinates": [
          5.76,
          48.24
        ]
      },
      "properties": {
        "temperature_2m": 16.0,
        "precipitation": 0.0,
        "cloud_cover": 100,
        "wind_speed_10m": 6.67,
        "last_updated": "2026-06-04T14:44:17Z"
      }
    },
    {
      "type": "Feature",
      "geometry": {
        "type": "Point",
        "coordinates": [
          5.8,
          48.24
        ]
      },
      "properties": {
        "temperature_2m": 16.0,
        "precipitation": 0.0,
        "cloud_cover": 100,
        "wind_speed_10m": 5.77,
        "last_updated": "2026-06-04T14:44:17Z"
      }
    },
    {
      "type": "Feature",
      "geometry": {
        "type": "Point",
        "coordinates": [
          5.86,
          48.24
        ]
      },
      "properties": {
        "temperature_2m": 15.5,
        "precipitation": 0.0,
        "cloud_cover": 100,
        "wind_speed_10m": 5.55,
        "last_updated": "2026-06-04T14:44:17Z"
      }
    },
    {
      "type": "Feature",
      "geometry": {
        "type": "Point",
        "coordinates": [
          5.9,
          48.24
        ]
      },
      "properties": {
        "temperature_2m": 16.0,
        "precipitation": 0.0,
        "cloud_cover": 100,
        "wind_speed_10m": 6.02,
        "last_updated": "2026-06-04T14:44:17Z"
      }
    },
    {
      "type": "Feature",
      "geometry": {
        "type": "Point",
        "coordinates": [
          5.94,
          48.24
        ]
      },
      "properties": {
        "temperature_2m": 15.7,
        "precipitation": 0.0,
        "cloud_cover": 100,
        "wind_speed_10m": 6.8,
        "last_updated": "2026-06-04T14:44:17Z"
      }
    },
    {
      "type": "Feature",
      "geometry": {
        "type": "Point",
        "coordinates": [
          4.7,
          48.3
        ]
      },
      "properties": {
        "temperature_2m": 16.6,
        "precipitation": 0.0,
        "cloud_cover": 100,
        "wind_speed_10m": 5.27,
        "last_updated": "2026-06-04T14:44:17Z"
      }
    },
    {
      "type": "Feature",
      "geometry": {
        "type": "Point",
        "coordinates": [
          4.76,
          48.3
        ]
      },
      "properties": {
        "temperature_2m": 16.6,
        "precipitation": 0.0,
        "cloud_cover": 100,
        "wind_speed_10m": 4.91,
        "last_updated": "2026-06-04T14:44:17Z"
      }
    },
    {
      "type": "Feature",
      "geometry": {
        "type": "Point",
        "coordinates": [
          4.8,
          48.3
        ]
      },
      "properties": {
        "temperature_2m": 16.3,
        "precipitation": 0.0,
        "cloud_cover": 100,
        "wind_speed_10m": 5.3,
        "last_updated": "2026-06-04T14:44:17Z"
      }
    },
    {
      "type": "Feature",
      "geometry": {
        "type": "Point",
        "coordinates": [
          4.86,
          48.3
        ]
      },
      "properties": {
        "temperature_2m": 16.2,
        "precipitation": 0.0,
        "cloud_cover": 100,
        "wind_speed_10m": 4.88,
        "last_updated": "2026-06-04T14:44:17Z"
      }
    },
    {
      "type": "Feature",
      "geometry": {
        "type": "Point",
        "coordinates": [
          4.9,
          48.3
        ]
      },
      "properties": {
        "temperature_2m": 16.0,
        "precipitation": 0.0,
        "cloud_cover": 100,
        "wind_speed_10m": 5.64,
        "last_updated": "2026-06-04T14:44:17Z"
      }
    },
    {
      "type": "Feature",
      "geometry": {
        "type": "Point",
        "coordinates": [
          4.94,
          48.3
        ]
      },
      "properties": {
        "temperature_2m": 17.0,
        "precipitation": 0.0,
        "cloud_cover": 100,
        "wind_speed_10m": 6.4,
        "last_updated": "2026-06-04T14:44:17Z"
      }
    },
    {
      "type": "Feature",
      "geometry": {
        "type": "Point",
        "coordinates": [
          5.0,
          48.3
        ]
      },
      "properties": {
        "temperature_2m": 16.5,
        "precipitation": 0.0,
        "cloud_cover": 100,
        "wind_speed_10m": 7.07,
        "last_updated": "2026-06-04T14:44:17Z"
      }
    },
    {
      "type": "Feature",
      "geometry": {
        "type": "Point",
        "coordinates": [
          5.06,
          48.3
        ]
      },
      "properties": {
        "temperature_2m": 16.9,
        "precipitation": 0.0,
        "cloud_cover": 100,
        "wind_speed_10m": 6.48,
        "last_updated": "2026-06-04T14:44:17Z"
      }
    },
    {
      "type": "Feature",
      "geometry": {
        "type": "Point",
        "coordinates": [
          5.1,
          48.3
        ]
      },
      "properties": {
        "temperature_2m": 17.2,
        "precipitation": 0.0,
        "cloud_cover": 100,
        "wind_speed_10m": 6.33,
        "last_updated": "2026-06-04T14:44:17Z"
      }
    },
    {
      "type": "Feature",
      "geometry": {
        "type": "Point",
        "coordinates": [
          5.16,
          48.3
        ]
      },
      "properties": {
        "temperature_2m": 17.6,
        "precipitation": 0.0,
        "cloud_cover": 100,
        "wind_speed_10m": 5.64,
        "last_updated": "2026-06-04T14:44:17Z"
      }
    },
    {
      "type": "Feature",
      "geometry": {
        "type": "Point",
        "coordinates": [
          5.2,
          48.3
        ]
      },
      "properties": {
        "temperature_2m": 16.9,
        "precipitation": 0.0,
        "cloud_cover": 100,
        "wind_speed_10m": 4.92,
        "last_updated": "2026-06-04T14:44:17Z"
      }
    },
    {
      "type": "Feature",
      "geometry": {
        "type": "Point",
        "coordinates": [
          5.26,
          48.3
        ]
      },
      "properties": {
        "temperature_2m": 17.6,
        "precipitation": 0.0,
        "cloud_cover": 100,
        "wind_speed_10m": 5.24,
        "last_updated": "2026-06-04T14:44:17Z"
      }
    },
    {
      "type": "Feature",
      "geometry": {
        "type": "Point",
        "coordinates": [
          5.3,
          48.3
        ]
      },
      "properties": {
        "temperature_2m": 16.5,
        "precipitation": 0.0,
        "cloud_cover": 100,
        "wind_speed_10m": 4.92,
        "last_updated": "2026-06-04T14:44:17Z"
      }
    },
    {
      "type": "Feature",
      "geometry": {
        "type": "Point",
        "coordinates": [
          5.36,
          48.3
        ]
      },
      "properties": {
        "temperature_2m": 16.5,
        "precipitation": 0.0,
        "cloud_cover": 100,
        "wind_speed_10m": 5.39,
        "last_updated": "2026-06-04T14:44:17Z"
      }
    },
    {
      "type": "Feature",
      "geometry": {
        "type": "Point",
        "coordinates": [
          5.4,
          48.3
        ]
      },
      "properties": {
        "temperature_2m": 16.6,
        "precipitation": 0.0,
        "cloud_cover": 100,
        "wind_speed_10m": 5.59,
        "last_updated": "2026-06-04T14:44:17Z"
      }
    },
    {
      "type": "Feature",
      "geometry": {
        "type": "Point",
        "coordinates": [
          5.44,
          48.3
        ]
      },
      "properties": {
        "temperature_2m": 15.6,
        "precipitation": 0.0,
        "cloud_cover": 100,
        "wind_speed_10m": 6.16,
        "last_updated": "2026-06-04T14:44:17Z"
      }
    },
    {
      "type": "Feature",
      "geometry": {
        "type": "Point",
        "coordinates": [
          5.5,
          48.3
        ]
      },
      "properties": {
        "temperature_2m": 16.4,
        "precipitation": 0.0,
        "cloud_cover": 100,
        "wind_speed_10m": 7.64,
        "last_updated": "2026-06-04T14:44:17Z"
      }
    },
    {
      "type": "Feature",
      "geometry": {
        "type": "Point",
        "coordinates": [
          5.56,
          48.3
        ]
      },
      "properties": {
        "temperature_2m": 16.7,
        "precipitation": 0.0,
        "cloud_cover": 100,
        "wind_speed_10m": 6.63,
        "last_updated": "2026-06-04T14:44:17Z"
      }
    },
    {
      "type": "Feature",
      "geometry": {
        "type": "Point",
        "coordinates": [
          5.6,
          48.3
        ]
      },
      "properties": {
        "temperature_2m": 16.3,
        "precipitation": 0.0,
        "cloud_cover": 100,
        "wind_speed_10m": 5.33,
        "last_updated": "2026-06-04T14:44:17Z"
      }
    },
    {
      "type": "Feature",
      "geometry": {
        "type": "Point",
        "coordinates": [
          5.66,
          48.3
        ]
      },
      "properties": {
        "temperature_2m": 16.3,
        "precipitation": 0.0,
        "cloud_cover": 100,
        "wind_speed_10m": 5.59,
        "last_updated": "2026-06-04T14:44:17Z"
      }
    },
    {
      "type": "Feature",
      "geometry": {
        "type": "Point",
        "coordinates": [
          5.7,
          48.3
        ]
      },
      "properties": {
        "temperature_2m": 16.2,
        "precipitation": 0.0,
        "cloud_cover": 100,
        "wind_speed_10m": 6.1,
        "last_updated": "2026-06-04T14:44:17Z"
      }
    },
    {
      "type": "Feature",
      "geometry": {
        "type": "Point",
        "coordinates": [
          5.76,
          48.3
        ]
      },
      "properties": {
        "temperature_2m": 15.4,
        "precipitation": 0.0,
        "cloud_cover": 100,
        "wind_speed_10m": 6.54,
        "last_updated": "2026-06-04T14:44:17Z"
      }
    },
    {
      "type": "Feature",
      "geometry": {
        "type": "Point",
        "coordinates": [
          5.8,
          48.3
        ]
      },
      "properties": {
        "temperature_2m": 15.8,
        "precipitation": 0.0,
        "cloud_cover": 100,
        "wind_speed_10m": 5.84,
        "last_updated": "2026-06-04T14:44:17Z"
      }
    },
    {
      "type": "Feature",
      "geometry": {
        "type": "Point",
        "coordinates": [
          5.86,
          48.3
        ]
      },
      "properties": {
        "temperature_2m": 16.4,
        "precipitation": 0.0,
        "cloud_cover": 100,
        "wind_speed_10m": 6.62,
        "last_updated": "2026-06-04T14:44:17Z"
      }
    },
    {
      "type": "Feature",
      "geometry": {
        "type": "Point",
        "coordinates": [
          5.9,
          48.3
        ]
      },
      "properties": {
        "temperature_2m": 16.0,
        "precipitation": 0.0,
        "cloud_cover": 100,
        "wind_speed_10m": 6.14,
        "last_updated": "2026-06-04T14:44:17Z"
      }
    },
    {
      "type": "Feature",
      "geometry": {
        "type": "Point",
        "coordinates": [
          5.94,
          48.3
        ]
      },
      "properties": {
        "temperature_2m": 15.8,
        "precipitation": 0.0,
        "cloud_cover": 100,
        "wind_speed_10m": 5.87,
        "last_updated": "2026-06-04T14:44:17Z"
      }
    },
    {
      "type": "Feature",
      "geometry": {
        "type": "Point",
        "coordinates": [
          4.7,
          48.34
        ]
      },
      "properties": {
        "temperature_2m": 17.6,
        "precipitation": 0.0,
        "cloud_cover": 100,
        "wind_speed_10m": 5.54,
        "last_updated": "2026-06-04T14:44:17Z"
      }
    },
    {
      "type": "Feature",
      "geometry": {
        "type": "Point",
        "coordinates": [
          4.76,
          48.34
        ]
      },
      "properties": {
        "temperature_2m": 17.4,
        "precipitation": 0.0,
        "cloud_cover": 100,
        "wind_speed_10m": 5.62,
        "last_updated": "2026-06-04T14:44:17Z"
      }
    },
    {
      "type": "Feature",
      "geometry": {
        "type": "Point",
        "coordinates": [
          4.8,
          48.34
        ]
      },
      "properties": {
        "temperature_2m": 17.3,
        "precipitation": 0.0,
        "cloud_cover": 100,
        "wind_speed_10m": 5.59,
        "last_updated": "2026-06-04T14:44:17Z"
      }
    },
    {
      "type": "Feature",
      "geometry": {
        "type": "Point",
        "coordinates": [
          4.86,
          48.34
        ]
      },
      "properties": {
        "temperature_2m": 16.8,
        "precipitation": 0.0,
        "cloud_cover": 100,
        "wind_speed_10m": 5.25,
        "last_updated": "2026-06-04T14:44:17Z"
      }
    },
    {
      "type": "Feature",
      "geometry": {
        "type": "Point",
        "coordinates": [
          4.9,
          48.34
        ]
      },
      "properties": {
        "temperature_2m": 16.3,
        "precipitation": 0.0,
        "cloud_cover": 100,
        "wind_speed_10m": 5.11,
        "last_updated": "2026-06-04T14:44:17Z"
      }
    },
    {
      "type": "Feature",
      "geometry": {
        "type": "Point",
        "coordinates": [
          4.94,
          48.34
        ]
      },
      "properties": {
        "temperature_2m": 16.1,
        "precipitation": 0.0,
        "cloud_cover": 100,
        "wind_speed_10m": 4.76,
        "last_updated": "2026-06-04T14:44:17Z"
      }
    },
    {
      "type": "Feature",
      "geometry": {
        "type": "Point",
        "coordinates": [
          5.0,
          48.34
        ]
      },
      "properties": {
        "temperature_2m": 16.3,
        "precipitation": 0.0,
        "cloud_cover": 100,
        "wind_speed_10m": 5.78,
        "last_updated": "2026-06-04T14:44:17Z"
      }
    },
    {
      "type": "Feature",
      "geometry": {
        "type": "Point",
        "coordinates": [
          5.06,
          48.34
        ]
      },
      "properties": {
        "temperature_2m": 16.8,
        "precipitation": 0.0,
        "cloud_cover": 100,
        "wind_speed_10m": 6.83,
        "last_updated": "2026-06-04T14:44:17Z"
      }
    },
    {
      "type": "Feature",
      "geometry": {
        "type": "Point",
        "coordinates": [
          5.1,
          48.34
        ]
      },
      "properties": {
        "temperature_2m": 16.5,
        "precipitation": 0.0,
        "cloud_cover": 100,
        "wind_speed_10m": 6.72,
        "last_updated": "2026-06-04T14:44:17Z"
      }
    },
    {
      "type": "Feature",
      "geometry": {
        "type": "Point",
        "coordinates": [
          5.16,
          48.34
        ]
      },
      "properties": {
        "temperature_2m": 17.7,
        "precipitation": 0.0,
        "cloud_cover": 100,
        "wind_speed_10m": 6.33,
        "last_updated": "2026-06-04T14:44:17Z"
      }
    },
    {
      "type": "Feature",
      "geometry": {
        "type": "Point",
        "coordinates": [
          5.2,
          48.34
        ]
      },
      "properties": {
        "temperature_2m": 17.0,
        "precipitation": 0.0,
        "cloud_cover": 100,
        "wind_speed_10m": 5.3,
        "last_updated": "2026-06-04T14:44:17Z"
      }
    },
    {
      "type": "Feature",
      "geometry": {
        "type": "Point",
        "coordinates": [
          5.26,
          48.34
        ]
      },
      "properties": {
        "temperature_2m": 17.0,
        "precipitation": 0.0,
        "cloud_cover": 100,
        "wind_speed_10m": 5.35,
        "last_updated": "2026-06-04T14:44:17Z"
      }
    },
    {
      "type": "Feature",
      "geometry": {
        "type": "Point",
        "coordinates": [
          5.3,
          48.34
        ]
      },
      "properties": {
        "temperature_2m": 16.3,
        "precipitation": 0.0,
        "cloud_cover": 100,
        "wind_speed_10m": 5.0,
        "last_updated": "2026-06-04T14:44:17Z"
      }
    },
    {
      "type": "Feature",
      "geometry": {
        "type": "Point",
        "coordinates": [
          5.36,
          48.34
        ]
      },
      "properties": {
        "temperature_2m": 16.1,
        "precipitation": 0.0,
        "cloud_cover": 100,
        "wind_speed_10m": 6.33,
        "last_updated": "2026-06-04T14:44:17Z"
      }
    },
    {
      "type": "Feature",
      "geometry": {
        "type": "Point",
        "coordinates": [
          5.4,
          48.34
        ]
      },
      "properties": {
        "temperature_2m": 16.1,
        "precipitation": 0.0,
        "cloud_cover": 100,
        "wind_speed_10m": 5.4,
        "last_updated": "2026-06-04T14:44:17Z"
      }
    },
    {
      "type": "Feature",
      "geometry": {
        "type": "Point",
        "coordinates": [
          5.44,
          48.34
        ]
      },
      "properties": {
        "temperature_2m": 15.9,
        "precipitation": 0.0,
        "cloud_cover": 100,
        "wind_speed_10m": 5.6,
        "last_updated": "2026-06-04T14:44:17Z"
      }
    },
    {
      "type": "Feature",
      "geometry": {
        "type": "Point",
        "coordinates": [
          5.5,
          48.34
        ]
      },
      "properties": {
        "temperature_2m": 16.1,
        "precipitation": 0.0,
        "cloud_cover": 100,
        "wind_speed_10m": 6.05,
        "last_updated": "2026-06-04T14:44:17Z"
      }
    },
    {
      "type": "Feature",
      "geometry": {
        "type": "Point",
        "coordinates": [
          5.56,
          48.34
        ]
      },
      "properties": {
        "temperature_2m": 15.9,
        "precipitation": 0.0,
        "cloud_cover": 100,
        "wind_speed_10m": 6.57,
        "last_updated": "2026-06-04T14:44:17Z"
      }
    },
    {
      "type": "Feature",
      "geometry": {
        "type": "Point",
        "coordinates": [
          5.6,
          48.34
        ]
      },
      "properties": {
        "temperature_2m": 16.6,
        "precipitation": 0.0,
        "cloud_cover": 100,
        "wind_speed_10m": 6.94,
        "last_updated": "2026-06-04T14:44:17Z"
      }
    },
    {
      "type": "Feature",
      "geometry": {
        "type": "Point",
        "coordinates": [
          5.66,
          48.34
        ]
      },
      "properties": {
        "temperature_2m": 16.5,
        "precipitation": 0.0,
        "cloud_cover": 100,
        "wind_speed_10m": 6.16,
        "last_updated": "2026-06-04T14:44:17Z"
      }
    },
    {
      "type": "Feature",
      "geometry": {
        "type": "Point",
        "coordinates": [
          5.7,
          48.34
        ]
      },
      "properties": {
        "temperature_2m": 16.7,
        "precipitation": 0.0,
        "cloud_cover": 100,
        "wind_speed_10m": 6.01,
        "last_updated": "2026-06-04T14:44:17Z"
      }
    },
    {
      "type": "Feature",
      "geometry": {
        "type": "Point",
        "coordinates": [
          5.76,
          48.34
        ]
      },
      "properties": {
        "temperature_2m": 16.0,
        "precipitation": 0.0,
        "cloud_cover": 100,
        "wind_speed_10m": 5.46,
        "last_updated": "2026-06-04T14:44:17Z"
      }
    },
    {
      "type": "Feature",
      "geometry": {
        "type": "Point",
        "coordinates": [
          5.8,
          48.34
        ]
      },
      "properties": {
        "temperature_2m": 15.6,
        "precipitation": 0.0,
        "cloud_cover": 100,
        "wind_speed_10m": 5.61,
        "last_updated": "2026-06-04T14:44:17Z"
      }
    },
    {
      "type": "Feature",
      "geometry": {
        "type": "Point",
        "coordinates": [
          5.86,
          48.34
        ]
      },
      "properties": {
        "temperature_2m": 16.3,
        "precipitation": 0.0,
        "cloud_cover": 100,
        "wind_speed_10m": 6.6,
        "last_updated": "2026-06-04T14:44:17Z"
      }
    },
    {
      "type": "Feature",
      "geometry": {
        "type": "Point",
        "coordinates": [
          5.9,
          48.34
        ]
      },
      "properties": {
        "temperature_2m": 15.8,
        "precipitation": 0.0,
        "cloud_cover": 100,
        "wind_speed_10m": 6.91,
        "last_updated": "2026-06-04T14:44:17Z"
      }
    },
    {
      "type": "Feature",
      "geometry": {
        "type": "Point",
        "coordinates": [
          5.94,
          48.34
        ]
      },
      "properties": {
        "temperature_2m": 15.9,
        "precipitation": 0.0,
        "cloud_cover": 100,
        "wind_speed_10m": 6.72,
        "last_updated": "2026-06-04T14:44:17Z"
      }
    },
    {
      "type": "Feature",
      "geometry": {
        "type": "Point",
        "coordinates": [
          4.7,
          48.4
        ]
      },
      "properties": {
        "temperature_2m": 18.1,
        "precipitation": 0.0,
        "cloud_cover": 100,
        "wind_speed_10m": 5.09,
        "last_updated": "2026-06-04T14:44:17Z"
      }
    },
    {
      "type": "Feature",
      "geometry": {
        "type": "Point",
        "coordinates": [
          4.76,
          48.4
        ]
      },
      "properties": {
        "temperature_2m": 17.8,
        "precipitation": 0.0,
        "cloud_cover": 100,
        "wind_speed_10m": 4.88,
        "last_updated": "2026-06-04T14:44:17Z"
      }
    },
    {
      "type": "Feature",
      "geometry": {
        "type": "Point",
        "coordinates": [
          4.8,
          48.4
        ]
      },
      "properties": {
        "temperature_2m": 17.6,
        "precipitation": 0.0,
        "cloud_cover": 100,
        "wind_speed_10m": 5.38,
        "last_updated": "2026-06-04T14:44:17Z"
      }
    },
    {
      "type": "Feature",
      "geometry": {
        "type": "Point",
        "coordinates": [
          4.86,
          48.4
        ]
      },
      "properties": {
        "temperature_2m": 17.9,
        "precipitation": 0.0,
        "cloud_cover": 100,
        "wind_speed_10m": 5.45,
        "last_updated": "2026-06-04T14:44:17Z"
      }
    },
    {
      "type": "Feature",
      "geometry": {
        "type": "Point",
        "coordinates": [
          4.9,
          48.4
        ]
      },
      "properties": {
        "temperature_2m": 17.6,
        "precipitation": 0.0,
        "cloud_cover": 100,
        "wind_speed_10m": 5.52,
        "last_updated": "2026-06-04T14:44:17Z"
      }
    },
    {
      "type": "Feature",
      "geometry": {
        "type": "Point",
        "coordinates": [
          4.94,
          48.4
        ]
      },
      "properties": {
        "temperature_2m": 17.2,
        "precipitation": 0.0,
        "cloud_cover": 100,
        "wind_speed_10m": 5.81,
        "last_updated": "2026-06-04T14:44:17Z"
      }
    },
    {
      "type": "Feature",
      "geometry": {
        "type": "Point",
        "coordinates": [
          5.0,
          48.4
        ]
      },
      "properties": {
        "temperature_2m": 16.5,
        "precipitation": 0.0,
        "cloud_cover": 100,
        "wind_speed_10m": 5.87,
        "last_updated": "2026-06-04T14:44:17Z"
      }
    },
    {
      "type": "Feature",
      "geometry": {
        "type": "Point",
        "coordinates": [
          5.06,
          48.4
        ]
      },
      "properties": {
        "temperature_2m": 16.3,
        "precipitation": 0.0,
        "cloud_cover": 100,
        "wind_speed_10m": 6.16,
        "last_updated": "2026-06-04T14:44:17Z"
      }
    },
    {
      "type": "Feature",
      "geometry": {
        "type": "Point",
        "coordinates": [
          5.1,
          48.4
        ]
      },
      "properties": {
        "temperature_2m": 16.2,
        "precipitation": 0.0,
        "cloud_cover": 100,
        "wind_speed_10m": 5.69,
        "last_updated": "2026-06-04T14:44:17Z"
      }
    },
    {
      "type": "Feature",
      "geometry": {
        "type": "Point",
        "coordinates": [
          5.16,
          48.4
        ]
      },
      "properties": {
        "temperature_2m": 17.1,
        "precipitation": 0.0,
        "cloud_cover": 100,
        "wind_speed_10m": 5.52,
        "last_updated": "2026-06-04T14:44:17Z"
      }
    },
    {
      "type": "Feature",
      "geometry": {
        "type": "Point",
        "coordinates": [
          5.2,
          48.4
        ]
      },
      "properties": {
        "temperature_2m": 15.9,
        "precipitation": 0.0,
        "cloud_cover": 100,
        "wind_speed_10m": 5.75,
        "last_updated": "2026-06-04T14:44:17Z"
      }
    },
    {
      "type": "Feature",
      "geometry": {
        "type": "Point",
        "coordinates": [
          5.26,
          48.4
        ]
      },
      "properties": {
        "temperature_2m": 16.4,
        "precipitation": 0.0,
        "cloud_cover": 100,
        "wind_speed_10m": 6.54,
        "last_updated": "2026-06-04T14:44:17Z"
      }
    },
    {
      "type": "Feature",
      "geometry": {
        "type": "Point",
        "coordinates": [
          5.3,
          48.4
        ]
      },
      "properties": {
        "temperature_2m": 16.1,
        "precipitation": 0.0,
        "cloud_cover": 100,
        "wind_speed_10m": 6.62,
        "last_updated": "2026-06-04T14:44:17Z"
      }
    },
    {
      "type": "Feature",
      "geometry": {
        "type": "Point",
        "coordinates": [
          5.36,
          48.4
        ]
      },
      "properties": {
        "temperature_2m": 15.9,
        "precipitation": 0.0,
        "cloud_cover": 100,
        "wind_speed_10m": 7.45,
        "last_updated": "2026-06-04T14:44:17Z"
      }
    },
    {
      "type": "Feature",
      "geometry": {
        "type": "Point",
        "coordinates": [
          5.4,
          48.4
        ]
      },
      "properties": {
        "temperature_2m": 16.1,
        "precipitation": 0.0,
        "cloud_cover": 100,
        "wind_speed_10m": 6.17,
        "last_updated": "2026-06-04T14:44:17Z"
      }
    },
    {
      "type": "Feature",
      "geometry": {
        "type": "Point",
        "coordinates": [
          5.44,
          48.4
        ]
      },
      "properties": {
        "temperature_2m": 16.0,
        "precipitation": 0.1,
        "cloud_cover": 100,
        "wind_speed_10m": 5.69,
        "last_updated": "2026-06-04T14:44:17Z"
      }
    },
    {
      "type": "Feature",
      "geometry": {
        "type": "Point",
        "coordinates": [
          5.5,
          48.4
        ]
      },
      "properties": {
        "temperature_2m": 15.9,
        "precipitation": 0.2,
        "cloud_cover": 100,
        "wind_speed_10m": 5.98,
        "last_updated": "2026-06-04T14:44:17Z"
      }
    },
    {
      "type": "Feature",
      "geometry": {
        "type": "Point",
        "coordinates": [
          5.56,
          48.4
        ]
      },
      "properties": {
        "temperature_2m": 15.5,
        "precipitation": 0.1,
        "cloud_cover": 100,
        "wind_speed_10m": 7.11,
        "last_updated": "2026-06-04T14:44:17Z"
      }
    },
    {
      "type": "Feature",
      "geometry": {
        "type": "Point",
        "coordinates": [
          5.6,
          48.4
        ]
      },
      "properties": {
        "temperature_2m": 15.7,
        "precipitation": 0.0,
        "cloud_cover": 100,
        "wind_speed_10m": 6.16,
        "last_updated": "2026-06-04T14:44:17Z"
      }
    },
    {
      "type": "Feature",
      "geometry": {
        "type": "Point",
        "coordinates": [
          5.66,
          48.4
        ]
      },
      "properties": {
        "temperature_2m": 16.4,
        "precipitation": 0.0,
        "cloud_cover": 100,
        "wind_speed_10m": 7.07,
        "last_updated": "2026-06-04T14:44:17Z"
      }
    },
    {
      "type": "Feature",
      "geometry": {
        "type": "Point",
        "coordinates": [
          5.7,
          48.4
        ]
      },
      "properties": {
        "temperature_2m": 16.4,
        "precipitation": 0.0,
        "cloud_cover": 100,
        "wind_speed_10m": 7.0,
        "last_updated": "2026-06-04T14:44:17Z"
      }
    },
    {
      "type": "Feature",
      "geometry": {
        "type": "Point",
        "coordinates": [
          5.76,
          48.4
        ]
      },
      "properties": {
        "temperature_2m": 16.4,
        "precipitation": 0.0,
        "cloud_cover": 100,
        "wind_speed_10m": 6.59,
        "last_updated": "2026-06-04T14:44:17Z"
      }
    },
    {
      "type": "Feature",
      "geometry": {
        "type": "Point",
        "coordinates": [
          5.8,
          48.4
        ]
      },
      "properties": {
        "temperature_2m": 15.8,
        "precipitation": 0.0,
        "cloud_cover": 100,
        "wind_speed_10m": 6.3,
        "last_updated": "2026-06-04T14:44:17Z"
      }
    },
    {
      "type": "Feature",
      "geometry": {
        "type": "Point",
        "coordinates": [
          5.86,
          48.4
        ]
      },
      "properties": {
        "temperature_2m": 15.5,
        "precipitation": 0.0,
        "cloud_cover": 100,
        "wind_speed_10m": 7.34,
        "last_updated": "2026-06-04T14:44:17Z"
      }
    },
    {
      "type": "Feature",
      "geometry": {
        "type": "Point",
        "coordinates": [
          5.9,
          48.4
        ]
      },
      "properties": {
        "temperature_2m": 15.9,
        "precipitation": 0.0,
        "cloud_cover": 100,
        "wind_speed_10m": 7.03,
        "last_updated": "2026-06-04T14:44:17Z"
      }
    },
    {
      "type": "Feature",
      "geometry": {
        "type": "Point",
        "coordinates": [
          5.94,
          48.4
        ]
      },
      "properties": {
        "temperature_2m": 15.4,
        "precipitation": 0.0,
        "cloud_cover": 100,
        "wind_speed_10m": 7.07,
        "last_updated": "2026-06-04T14:44:17Z"
      }
    },
    {
      "type": "Feature",
      "geometry": {
        "type": "Point",
        "coordinates": [
          4.7,
          48.46
        ]
      },
      "properties": {
        "temperature_2m": 18.7,
        "precipitation": 0.0,
        "cloud_cover": 100,
        "wind_speed_10m": 6.22,
        "last_updated": "2026-06-04T14:44:17Z"
      }
    },
    {
      "type": "Feature",
      "geometry": {
        "type": "Point",
        "coordinates": [
          4.76,
          48.46
        ]
      },
      "properties": {
        "temperature_2m": 18.0,
        "precipitation": 0.0,
        "cloud_cover": 100,
        "wind_speed_10m": 5.81,
        "last_updated": "2026-06-04T14:44:17Z"
      }
    },
    {
      "type": "Feature",
      "geometry": {
        "type": "Point",
        "coordinates": [
          4.8,
          48.46
        ]
      },
      "properties": {
        "temperature_2m": 18.2,
        "precipitation": 0.0,
        "cloud_cover": 100,
        "wind_speed_10m": 5.94,
        "last_updated": "2026-06-04T14:44:17Z"
      }
    },
    {
      "type": "Feature",
      "geometry": {
        "type": "Point",
        "coordinates": [
          4.86,
          48.46
        ]
      },
      "properties": {
        "temperature_2m": 17.6,
        "precipitation": 0.0,
        "cloud_cover": 100,
        "wind_speed_10m": 4.6,
        "last_updated": "2026-06-04T14:44:17Z"
      }
    },
    {
      "type": "Feature",
      "geometry": {
        "type": "Point",
        "coordinates": [
          4.9,
          48.46
        ]
      },
      "properties": {
        "temperature_2m": 17.4,
        "precipitation": 0.0,
        "cloud_cover": 100,
        "wind_speed_10m": 4.53,
        "last_updated": "2026-06-04T14:44:17Z"
      }
    },
    {
      "type": "Feature",
      "geometry": {
        "type": "Point",
        "coordinates": [
          4.94,
          48.46
        ]
      },
      "properties": {
        "temperature_2m": 17.5,
        "precipitation": 0.0,
        "cloud_cover": 100,
        "wind_speed_10m": 4.6,
        "last_updated": "2026-06-04T14:44:17Z"
      }
    },
    {
      "type": "Feature",
      "geometry": {
        "type": "Point",
        "coordinates": [
          5.0,
          48.46
        ]
      },
      "properties": {
        "temperature_2m": 17.0,
        "precipitation": 0.0,
        "cloud_cover": 100,
        "wind_speed_10m": 5.88,
        "last_updated": "2026-06-04T14:44:17Z"
      }
    },
    {
      "type": "Feature",
      "geometry": {
        "type": "Point",
        "coordinates": [
          5.06,
          48.46
        ]
      },
      "properties": {
        "temperature_2m": 16.5,
        "precipitation": 0.0,
        "cloud_cover": 100,
        "wind_speed_10m": 5.81,
        "last_updated": "2026-06-04T14:44:17Z"
      }
    },
    {
      "type": "Feature",
      "geometry": {
        "type": "Point",
        "coordinates": [
          5.1,
          48.46
        ]
      },
      "properties": {
        "temperature_2m": 16.2,
        "precipitation": 0.0,
        "cloud_cover": 100,
        "wind_speed_10m": 5.37,
        "last_updated": "2026-06-04T14:44:17Z"
      }
    },
    {
      "type": "Feature",
      "geometry": {
        "type": "Point",
        "coordinates": [
          5.16,
          48.46
        ]
      },
      "properties": {
        "temperature_2m": 17.1,
        "precipitation": 0.0,
        "cloud_cover": 100,
        "wind_speed_10m": 5.23,
        "last_updated": "2026-06-04T14:44:17Z"
      }
    },
    {
      "type": "Feature",
      "geometry": {
        "type": "Point",
        "coordinates": [
          5.2,
          48.46
        ]
      },
      "properties": {
        "temperature_2m": 16.0,
        "precipitation": 0.0,
        "cloud_cover": 100,
        "wind_speed_10m": 6.02,
        "last_updated": "2026-06-04T14:44:17Z"
      }
    },
    {
      "type": "Feature",
      "geometry": {
        "type": "Point",
        "coordinates": [
          5.26,
          48.46
        ]
      },
      "properties": {
        "temperature_2m": 15.9,
        "precipitation": 0.0,
        "cloud_cover": 100,
        "wind_speed_10m": 6.64,
        "last_updated": "2026-06-04T14:44:17Z"
      }
    },
    {
      "type": "Feature",
      "geometry": {
        "type": "Point",
        "coordinates": [
          5.3,
          48.46
        ]
      },
      "properties": {
        "temperature_2m": 16.2,
        "precipitation": 0.0,
        "cloud_cover": 100,
        "wind_speed_10m": 6.47,
        "last_updated": "2026-06-04T14:44:17Z"
      }
    },
    {
      "type": "Feature",
      "geometry": {
        "type": "Point",
        "coordinates": [
          5.36,
          48.46
        ]
      },
      "properties": {
        "temperature_2m": 16.0,
        "precipitation": 0.0,
        "cloud_cover": 100,
        "wind_speed_10m": 7.32,
        "last_updated": "2026-06-04T14:44:17Z"
      }
    },
    {
      "type": "Feature",
      "geometry": {
        "type": "Point",
        "coordinates": [
          5.4,
          48.46
        ]
      },
      "properties": {
        "temperature_2m": 15.7,
        "precipitation": 0.0,
        "cloud_cover": 100,
        "wind_speed_10m": 7.06,
        "last_updated": "2026-06-04T14:44:17Z"
      }
    },
    {
      "type": "Feature",
      "geometry": {
        "type": "Point",
        "coordinates": [
          5.44,
          48.46
        ]
      },
      "properties": {
        "temperature_2m": 16.3,
        "precipitation": 0.0,
        "cloud_cover": 100,
        "wind_speed_10m": 6.82,
        "last_updated": "2026-06-04T14:44:17Z"
      }
    },
    {
      "type": "Feature",
      "geometry": {
        "type": "Point",
        "coordinates": [
          5.5,
          48.46
        ]
      },
      "properties": {
        "temperature_2m": 15.9,
        "precipitation": 0.0,
        "cloud_cover": 100,
        "wind_speed_10m": 5.47,
        "last_updated": "2026-06-04T14:44:17Z"
      }
    },
    {
      "type": "Feature",
      "geometry": {
        "type": "Point",
        "coordinates": [
          5.56,
          48.46
        ]
      },
      "properties": {
        "temperature_2m": 15.3,
        "precipitation": 0.1,
        "cloud_cover": 100,
        "wind_speed_10m": 5.6,
        "last_updated": "2026-06-04T14:44:17Z"
      }
    },
    {
      "type": "Feature",
      "geometry": {
        "type": "Point",
        "coordinates": [
          5.6,
          48.46
        ]
      },
      "properties": {
        "temperature_2m": 15.4,
        "precipitation": 0.2,
        "cloud_cover": 100,
        "wind_speed_10m": 4.96,
        "last_updated": "2026-06-04T14:44:17Z"
      }
    },
    {
      "type": "Feature",
      "geometry": {
        "type": "Point",
        "coordinates": [
          5.66,
          48.46
        ]
      },
      "properties": {
        "temperature_2m": 16.1,
        "precipitation": 0.1,
        "cloud_cover": 100,
        "wind_speed_10m": 5.02,
        "last_updated": "2026-06-04T14:44:17Z"
      }
    },
    {
      "type": "Feature",
      "geometry": {
        "type": "Point",
        "coordinates": [
          5.7,
          48.46
        ]
      },
      "properties": {
        "temperature_2m": 16.5,
        "precipitation": 0.0,
        "cloud_cover": 100,
        "wind_speed_10m": 5.46,
        "last_updated": "2026-06-04T14:44:17Z"
      }
    },
    {
      "type": "Feature",
      "geometry": {
        "type": "Point",
        "coordinates": [
          5.76,
          48.46
        ]
      },
      "properties": {
        "temperature_2m": 16.1,
        "precipitation": 0.0,
        "cloud_cover": 100,
        "wind_speed_10m": 5.02,
        "last_updated": "2026-06-04T14:44:17Z"
      }
    },
    {
      "type": "Feature",
      "geometry": {
        "type": "Point",
        "coordinates": [
          5.8,
          48.46
        ]
      },
      "properties": {
        "temperature_2m": 15.8,
        "precipitation": 0.0,
        "cloud_cover": 100,
        "wind_speed_10m": 5.75,
        "last_updated": "2026-06-04T14:44:17Z"
      }
    },
    {
      "type": "Feature",
      "geometry": {
        "type": "Point",
        "coordinates": [
          5.86,
          48.46
        ]
      },
      "properties": {
        "temperature_2m": 15.9,
        "precipitation": 0.0,
        "cloud_cover": 100,
        "wind_speed_10m": 6.47,
        "last_updated": "2026-06-04T14:44:17Z"
      }
    },
    {
      "type": "Feature",
      "geometry": {
        "type": "Point",
        "coordinates": [
          5.9,
          48.46
        ]
      },
      "properties": {
        "temperature_2m": 15.7,
        "precipitation": 0.0,
        "cloud_cover": 100,
        "wind_speed_10m": 5.81,
        "last_updated": "2026-06-04T14:44:17Z"
      }
    },
    {
      "type": "Feature",
      "geometry": {
        "type": "Point",
        "coordinates": [
          5.94,
          48.46
        ]
      },
      "properties": {
        "temperature_2m": 15.5,
        "precipitation": 0.0,
        "cloud_cover": 100,
        "wind_speed_10m": 7.08,
        "last_updated": "2026-06-04T14:44:17Z"
      }
    },
    {
      "type": "Feature",
      "geometry": {
        "type": "Point",
        "coordinates": [
          4.7,
          48.5
        ]
      },
      "properties": {
        "temperature_2m": 18.8,
        "precipitation": 0.0,
        "cloud_cover": 100,
        "wind_speed_10m": 7.98,
        "last_updated": "2026-06-04T14:44:17Z"
      }
    },
    {
      "type": "Feature",
      "geometry": {
        "type": "Point",
        "coordinates": [
          4.76,
          48.5
        ]
      },
      "properties": {
        "temperature_2m": 18.2,
        "precipitation": 0.0,
        "cloud_cover": 100,
        "wind_speed_10m": 7.44,
        "last_updated": "2026-06-04T14:44:17Z"
      }
    },
    {
      "type": "Feature",
      "geometry": {
        "type": "Point",
        "coordinates": [
          4.8,
          48.5
        ]
      },
      "properties": {
        "temperature_2m": 18.0,
        "precipitation": 0.0,
        "cloud_cover": 100,
        "wind_speed_10m": 6.94,
        "last_updated": "2026-06-04T14:44:17Z"
      }
    },
    {
      "type": "Feature",
      "geometry": {
        "type": "Point",
        "coordinates": [
          4.86,
          48.5
        ]
      },
      "properties": {
        "temperature_2m": 17.9,
        "precipitation": 0.0,
        "cloud_cover": 100,
        "wind_speed_10m": 5.6,
        "last_updated": "2026-06-04T14:44:17Z"
      }
    },
    {
      "type": "Feature",
      "geometry": {
        "type": "Point",
        "coordinates": [
          4.9,
          48.5
        ]
      },
      "properties": {
        "temperature_2m": 17.4,
        "precipitation": 0.0,
        "cloud_cover": 100,
        "wind_speed_10m": 4.88,
        "last_updated": "2026-06-04T14:44:17Z"
      }
    },
    {
      "type": "Feature",
      "geometry": {
        "type": "Point",
        "coordinates": [
          4.94,
          48.5
        ]
      },
      "properties": {
        "temperature_2m": 17.7,
        "precipitation": 0.0,
        "cloud_cover": 100,
        "wind_speed_10m": 5.38,
        "last_updated": "2026-06-04T14:44:17Z"
      }
    },
    {
      "type": "Feature",
      "geometry": {
        "type": "Point",
        "coordinates": [
          5.0,
          48.5
        ]
      },
      "properties": {
        "temperature_2m": 17.4,
        "precipitation": 0.0,
        "cloud_cover": 100,
        "wind_speed_10m": 5.83,
        "last_updated": "2026-06-04T14:44:17Z"
      }
    },
    {
      "type": "Feature",
      "geometry": {
        "type": "Point",
        "coordinates": [
          5.06,
          48.5
        ]
      },
      "properties": {
        "temperature_2m": 16.7,
        "precipitation": 0.0,
        "cloud_cover": 100,
        "wind_speed_10m": 5.25,
        "last_updated": "2026-06-04T14:44:17Z"
      }
    },
    {
      "type": "Feature",
      "geometry": {
        "type": "Point",
        "coordinates": [
          5.1,
          48.5
        ]
      },
      "properties": {
        "temperature_2m": 16.5,
        "precipitation": 0.0,
        "cloud_cover": 100,
        "wind_speed_10m": 5.32,
        "last_updated": "2026-06-04T14:44:17Z"
      }
    },
    {
      "type": "Feature",
      "geometry": {
        "type": "Point",
        "coordinates": [
          5.16,
          48.5
        ]
      },
      "properties": {
        "temperature_2m": 16.2,
        "precipitation": 0.0,
        "cloud_cover": 100,
        "wind_speed_10m": 4.95,
        "last_updated": "2026-06-04T14:44:17Z"
      }
    },
    {
      "type": "Feature",
      "geometry": {
        "type": "Point",
        "coordinates": [
          5.2,
          48.5
        ]
      },
      "properties": {
        "temperature_2m": 16.1,
        "precipitation": 0.0,
        "cloud_cover": 100,
        "wind_speed_10m": 5.38,
        "last_updated": "2026-06-04T14:44:17Z"
      }
    },
    {
      "type": "Feature",
      "geometry": {
        "type": "Point",
        "coordinates": [
          5.26,
          48.5
        ]
      },
      "properties": {
        "temperature_2m": 15.9,
        "precipitation": 0.0,
        "cloud_cover": 100,
        "wind_speed_10m": 7.07,
        "last_updated": "2026-06-04T14:44:17Z"
      }
    },
    {
      "type": "Feature",
      "geometry": {
        "type": "Point",
        "coordinates": [
          5.3,
          48.5
        ]
      },
      "properties": {
        "temperature_2m": 15.5,
        "precipitation": 0.0,
        "cloud_cover": 100,
        "wind_speed_10m": 7.0,
        "last_updated": "2026-06-04T14:44:17Z"
      }
    },
    {
      "type": "Feature",
      "geometry": {
        "type": "Point",
        "coordinates": [
          5.36,
          48.5
        ]
      },
      "properties": {
        "temperature_2m": 15.7,
        "precipitation": 0.0,
        "cloud_cover": 100,
        "wind_speed_10m": 6.59,
        "last_updated": "2026-06-04T14:44:17Z"
      }
    },
    {
      "type": "Feature",
      "geometry": {
        "type": "Point",
        "coordinates": [
          5.4,
          48.5
        ]
      },
      "properties": {
        "temperature_2m": 15.6,
        "precipitation": 0.0,
        "cloud_cover": 100,
        "wind_speed_10m": 6.65,
        "last_updated": "2026-06-04T14:44:17Z"
      }
    },
    {
      "type": "Feature",
      "geometry": {
        "type": "Point",
        "coordinates": [
          5.44,
          48.5
        ]
      },
      "properties": {
        "temperature_2m": 15.7,
        "precipitation": 0.0,
        "cloud_cover": 100,
        "wind_speed_10m": 6.94,
        "last_updated": "2026-06-04T14:44:17Z"
      }
    },
    {
      "type": "Feature",
      "geometry": {
        "type": "Point",
        "coordinates": [
          5.5,
          48.5
        ]
      },
      "properties": {
        "temperature_2m": 16.1,
        "precipitation": 0.0,
        "cloud_cover": 100,
        "wind_speed_10m": 5.66,
        "last_updated": "2026-06-04T14:44:17Z"
      }
    },
    {
      "type": "Feature",
      "geometry": {
        "type": "Point",
        "coordinates": [
          5.56,
          48.5
        ]
      },
      "properties": {
        "temperature_2m": 15.6,
        "precipitation": 0.0,
        "cloud_cover": 100,
        "wind_speed_10m": 5.02,
        "last_updated": "2026-06-04T14:44:17Z"
      }
    },
    {
      "type": "Feature",
      "geometry": {
        "type": "Point",
        "coordinates": [
          5.6,
          48.5
        ]
      },
      "properties": {
        "temperature_2m": 15.0,
        "precipitation": 0.2,
        "cloud_cover": 100,
        "wind_speed_10m": 5.52,
        "last_updated": "2026-06-04T14:44:17Z"
      }
    },
    {
      "type": "Feature",
      "geometry": {
        "type": "Point",
        "coordinates": [
          5.66,
          48.5
        ]
      },
      "properties": {
        "temperature_2m": 15.6,
        "precipitation": 0.3,
        "cloud_cover": 100,
        "wind_speed_10m": 4.89,
        "last_updated": "2026-06-04T14:44:17Z"
      }
    },
    {
      "type": "Feature",
      "geometry": {
        "type": "Point",
        "coordinates": [
          5.7,
          48.5
        ]
      },
      "properties": {
        "temperature_2m": 16.6,
        "precipitation": 0.2,
        "cloud_cover": 100,
        "wind_speed_10m": 5.38,
        "last_updated": "2026-06-04T14:44:17Z"
      }
    },
    {
      "type": "Feature",
      "geometry": {
        "type": "Point",
        "coordinates": [
          5.76,
          48.5
        ]
      },
      "properties": {
        "temperature_2m": 15.3,
        "precipitation": 0.1,
        "cloud_cover": 100,
        "wind_speed_10m": 5.87,
        "last_updated": "2026-06-04T14:44:17Z"
      }
    },
    {
      "type": "Feature",
      "geometry": {
        "type": "Point",
        "coordinates": [
          5.8,
          48.52
        ]
      },
      "properties": {
        "temperature_2m": 15.2,
        "precipitation": 0.0,
        "cloud_cover": 100,
        "wind_speed_10m": 6.23,
        "last_updated": "2026-06-04T14:44:17Z"
      }
    },
    {
      "type": "Feature",
      "geometry": {
        "type": "Point",
        "coordinates": [
          5.86,
          48.5
        ]
      },
      "properties": {
        "temperature_2m": 16.1,
        "precipitation": 0.0,
        "cloud_cover": 100,
        "wind_speed_10m": 6.26,
        "last_updated": "2026-06-04T14:44:17Z"
      }
    },
    {
      "type": "Feature",
      "geometry": {
        "type": "Point",
        "coordinates": [
          5.9,
          48.5
        ]
      },
      "properties": {
        "temperature_2m": 15.3,
        "precipitation": 0.0,
        "cloud_cover": 100,
        "wind_speed_10m": 5.45,
        "last_updated": "2026-06-04T14:44:17Z"
      }
    },
    {
      "type": "Feature",
      "geometry": {
        "type": "Point",
        "coordinates": [
          5.94,
          48.5
        ]
      },
      "properties": {
        "temperature_2m": 15.1,
        "precipitation": 0.0,
        "cloud_cover": 100,
        "wind_speed_10m": 5.95,
        "last_updated": "2026-06-04T14:44:17Z"
      }
    },
    {
      "type": "Feature",
      "geometry": {
        "type": "Point",
        "coordinates": [
          4.7,
          48.54
        ]
      },
      "properties": {
        "temperature_2m": 18.7,
        "precipitation": 0.0,
        "cloud_cover": 100,
        "wind_speed_10m": 8.71,
        "last_updated": "2026-06-04T14:44:17Z"
      }
    },
    {
      "type": "Feature",
      "geometry": {
        "type": "Point",
        "coordinates": [
          4.76,
          48.54
        ]
      },
      "properties": {
        "temperature_2m": 18.7,
        "precipitation": 0.0,
        "cloud_cover": 100,
        "wind_speed_10m": 7.64,
        "last_updated": "2026-06-04T14:44:17Z"
      }
    },
    {
      "type": "Feature",
      "geometry": {
        "type": "Point",
        "coordinates": [
          4.8,
          48.54
        ]
      },
      "properties": {
        "temperature_2m": 18.5,
        "precipitation": 0.0,
        "cloud_cover": 100,
        "wind_speed_10m": 7.14,
        "last_updated": "2026-06-04T14:44:17Z"
      }
    },
    {
      "type": "Feature",
      "geometry": {
        "type": "Point",
        "coordinates": [
          4.86,
          48.54
        ]
      },
      "properties": {
        "temperature_2m": 17.8,
        "precipitation": 0.0,
        "cloud_cover": 100,
        "wind_speed_10m": 5.45,
        "last_updated": "2026-06-04T14:44:17Z"
      }
    },
    {
      "type": "Feature",
      "geometry": {
        "type": "Point",
        "coordinates": [
          4.9,
          48.54
        ]
      },
      "properties": {
        "temperature_2m": 18.1,
        "precipitation": 0.0,
        "cloud_cover": 100,
        "wind_speed_10m": 6.08,
        "last_updated": "2026-06-04T14:44:17Z"
      }
    },
    {
      "type": "Feature",
      "geometry": {
        "type": "Point",
        "coordinates": [
          4.94,
          48.54
        ]
      },
      "properties": {
        "temperature_2m": 17.5,
        "precipitation": 0.0,
        "cloud_cover": 100,
        "wind_speed_10m": 5.66,
        "last_updated": "2026-06-04T14:44:17Z"
      }
    },
    {
      "type": "Feature",
      "geometry": {
        "type": "Point",
        "coordinates": [
          5.0,
          48.54
        ]
      },
      "properties": {
        "temperature_2m": 17.4,
        "precipitation": 0.0,
        "cloud_cover": 100,
        "wind_speed_10m": 5.38,
        "last_updated": "2026-06-04T14:44:17Z"
      }
    },
    {
      "type": "Feature",
      "geometry": {
        "type": "Point",
        "coordinates": [
          5.06,
          48.54
        ]
      },
      "properties": {
        "temperature_2m": 17.3,
        "precipitation": 0.0,
        "cloud_cover": 100,
        "wind_speed_10m": 5.94,
        "last_updated": "2026-06-04T14:44:17Z"
      }
    },
    {
      "type": "Feature",
      "geometry": {
        "type": "Point",
        "coordinates": [
          5.1,
          48.54
        ]
      },
      "properties": {
        "temperature_2m": 17.5,
        "precipitation": 0.0,
        "cloud_cover": 100,
        "wind_speed_10m": 5.32,
        "last_updated": "2026-06-04T14:44:17Z"
      }
    },
    {
      "type": "Feature",
      "geometry": {
        "type": "Point",
        "coordinates": [
          5.16,
          48.54
        ]
      },
      "properties": {
        "temperature_2m": 16.5,
        "precipitation": 0.0,
        "cloud_cover": 100,
        "wind_speed_10m": 6.09,
        "last_updated": "2026-06-04T14:44:17Z"
      }
    },
    {
      "type": "Feature",
      "geometry": {
        "type": "Point",
        "coordinates": [
          5.2,
          48.54
        ]
      },
      "properties": {
        "temperature_2m": 16.2,
        "precipitation": 0.0,
        "cloud_cover": 100,
        "wind_speed_10m": 6.15,
        "last_updated": "2026-06-04T14:44:17Z"
      }
    },
    {
      "type": "Feature",
      "geometry": {
        "type": "Point",
        "coordinates": [
          5.26,
          48.54
        ]
      },
      "properties": {
        "temperature_2m": 15.8,
        "precipitation": 0.0,
        "cloud_cover": 100,
        "wind_speed_10m": 6.86,
        "last_updated": "2026-06-04T14:44:17Z"
      }
    },
    {
      "type": "Feature",
      "geometry": {
        "type": "Point",
        "coordinates": [
          5.3,
          48.54
        ]
      },
      "properties": {
        "temperature_2m": 16.0,
        "precipitation": 0.0,
        "cloud_cover": 100,
        "wind_speed_10m": 7.14,
        "last_updated": "2026-06-04T14:44:17Z"
      }
    },
    {
      "type": "Feature",
      "geometry": {
        "type": "Point",
        "coordinates": [
          5.36,
          48.54
        ]
      },
      "properties": {
        "temperature_2m": 16.1,
        "precipitation": 0.0,
        "cloud_cover": 100,
        "wind_speed_10m": 6.58,
        "last_updated": "2026-06-04T14:44:17Z"
      }
    },
    {
      "type": "Feature",
      "geometry": {
        "type": "Point",
        "coordinates": [
          5.4,
          48.54
        ]
      },
      "properties": {
        "temperature_2m": 15.5,
        "precipitation": 0.0,
        "cloud_cover": 100,
        "wind_speed_10m": 5.87,
        "last_updated": "2026-06-04T14:44:17Z"
      }
    },
    {
      "type": "Feature",
      "geometry": {
        "type": "Point",
        "coordinates": [
          5.44,
          48.54
        ]
      },
      "properties": {
        "temperature_2m": 15.7,
        "precipitation": 0.0,
        "cloud_cover": 100,
        "wind_speed_10m": 7.15,
        "last_updated": "2026-06-04T14:44:17Z"
      }
    },
    {
      "type": "Feature",
      "geometry": {
        "type": "Point",
        "coordinates": [
          5.5,
          48.54
        ]
      },
      "properties": {
        "temperature_2m": 16.1,
        "precipitation": 0.0,
        "cloud_cover": 100,
        "wind_speed_10m": 6.93,
        "last_updated": "2026-06-04T14:44:17Z"
      }
    },
    {
      "type": "Feature",
      "geometry": {
        "type": "Point",
        "coordinates": [
          5.56,
          48.54
        ]
      },
      "properties": {
        "temperature_2m": 15.7,
        "precipitation": 0.0,
        "cloud_cover": 100,
        "wind_speed_10m": 6.23,
        "last_updated": "2026-06-04T14:44:17Z"
      }
    },
    {
      "type": "Feature",
      "geometry": {
        "type": "Point",
        "coordinates": [
          5.6,
          48.54
        ]
      },
      "properties": {
        "temperature_2m": 15.6,
        "precipitation": 0.0,
        "cloud_cover": 100,
        "wind_speed_10m": 6.44,
        "last_updated": "2026-06-04T14:44:17Z"
      }
    },
    {
      "type": "Feature",
      "geometry": {
        "type": "Point",
        "coordinates": [
          5.66,
          48.54
        ]
      },
      "properties": {
        "temperature_2m": 15.9,
        "precipitation": 0.0,
        "cloud_cover": 100,
        "wind_speed_10m": 6.08,
        "last_updated": "2026-06-04T14:44:17Z"
      }
    },
    {
      "type": "Feature",
      "geometry": {
        "type": "Point",
        "coordinates": [
          5.7,
          48.54
        ]
      },
      "properties": {
        "temperature_2m": 15.9,
        "precipitation": 0.1,
        "cloud_cover": 100,
        "wind_speed_10m": 6.24,
        "last_updated": "2026-06-04T14:44:17Z"
      }
    },
    {
      "type": "Feature",
      "geometry": {
        "type": "Point",
        "coordinates": [
          5.76,
          48.54
        ]
      },
      "properties": {
        "temperature_2m": 16.3,
        "precipitation": 0.0,
        "cloud_cover": 100,
        "wind_speed_10m": 5.38,
        "last_updated": "2026-06-04T14:44:17Z"
      }
    },
    {
      "type": "Feature",
      "geometry": {
        "type": "Point",
        "coordinates": [
          5.8,
          48.54
        ]
      },
      "properties": {
        "temperature_2m": 16.3,
        "precipitation": 0.0,
        "cloud_cover": 100,
        "wind_speed_10m": 6.16,
        "last_updated": "2026-06-04T14:44:17Z"
      }
    },
    {
      "type": "Feature",
      "geometry": {
        "type": "Point",
        "coordinates": [
          5.86,
          48.54
        ]
      },
      "properties": {
        "temperature_2m": 16.4,
        "precipitation": 0.0,
        "cloud_cover": 100,
        "wind_speed_10m": 6.25,
        "last_updated": "2026-06-04T14:44:17Z"
      }
    },
    {
      "type": "Feature",
      "geometry": {
        "type": "Point",
        "coordinates": [
          5.9,
          48.54
        ]
      },
      "properties": {
        "temperature_2m": 16.3,
        "precipitation": 0.0,
        "cloud_cover": 100,
        "wind_speed_10m": 6.24,
        "last_updated": "2026-06-04T14:44:17Z"
      }
    },
    {
      "type": "Feature",
      "geometry": {
        "type": "Point",
        "coordinates": [
          5.94,
          48.54
        ]
      },
      "properties": {
        "temperature_2m": 15.5,
        "precipitation": 0.0,
        "cloud_cover": 100,
        "wind_speed_10m": 6.44,
        "last_updated": "2026-06-04T14:44:17Z"
      }
    },
    {
      "type": "Feature",
      "geometry": {
        "type": "Point",
        "coordinates": [
          4.7,
          48.6
        ]
      },
      "properties": {
        "temperature_2m": 18.8,
        "precipitation": 0.0,
        "cloud_cover": 100,
        "wind_speed_10m": 6.53,
        "last_updated": "2026-06-04T14:44:17Z"
      }
    },
    {
      "type": "Feature",
      "geometry": {
        "type": "Point",
        "coordinates": [
          4.76,
          48.62
        ]
      },
      "properties": {
        "temperature_2m": 18.6,
        "precipitation": 0.0,
        "cloud_cover": 100,
        "wind_speed_10m": 7.34,
        "last_updated": "2026-06-04T14:44:17Z"
      }
    },
    {
      "type": "Feature",
      "geometry": {
        "type": "Point",
        "coordinates": [
          4.8,
          48.6
        ]
      },
      "properties": {
        "temperature_2m": 19.3,
        "precipitation": 0.0,
        "cloud_cover": 100,
        "wind_speed_10m": 8.46,
        "last_updated": "2026-06-04T14:44:17Z"
      }
    },
    {
      "type": "Feature",
      "geometry": {
        "type": "Point",
        "coordinates": [
          4.86,
          48.6
        ]
      },
      "properties": {
        "temperature_2m": 18.8,
        "precipitation": 0.0,
        "cloud_cover": 100,
        "wind_speed_10m": 7.46,
        "last_updated": "2026-06-04T14:44:17Z"
      }
    },
    {
      "type": "Feature",
      "geometry": {
        "type": "Point",
        "coordinates": [
          4.9,
          48.6
        ]
      },
      "properties": {
        "temperature_2m": 18.5,
        "precipitation": 0.0,
        "cloud_cover": 100,
        "wind_speed_10m": 6.84,
        "last_updated": "2026-06-04T14:44:17Z"
      }
    },
    {
      "type": "Feature",
      "geometry": {
        "type": "Point",
        "coordinates": [
          4.94,
          48.6
        ]
      },
      "properties": {
        "temperature_2m": 17.7,
        "precipitation": 0.0,
        "cloud_cover": 100,
        "wind_speed_10m": 4.95,
        "last_updated": "2026-06-04T14:44:17Z"
      }
    },
    {
      "type": "Feature",
      "geometry": {
        "type": "Point",
        "coordinates": [
          5.0,
          48.6
        ]
      },
      "properties": {
        "temperature_2m": 17.4,
        "precipitation": 0.0,
        "cloud_cover": 100,
        "wind_speed_10m": 5.02,
        "last_updated": "2026-06-04T14:44:17Z"
      }
    },
    {
      "type": "Feature",
      "geometry": {
        "type": "Point",
        "coordinates": [
          5.06,
          48.6
        ]
      },
      "properties": {
        "temperature_2m": 17.5,
        "precipitation": 0.0,
        "cloud_cover": 100,
        "wind_speed_10m": 6.58,
        "last_updated": "2026-06-04T14:44:17Z"
      }
    },
    {
      "type": "Feature",
      "geometry": {
        "type": "Point",
        "coordinates": [
          5.1,
          48.6
        ]
      },
      "properties": {
        "temperature_2m": 17.4,
        "precipitation": 0.0,
        "cloud_cover": 100,
        "wind_speed_10m": 6.88,
        "last_updated": "2026-06-04T14:44:17Z"
      }
    },
    {
      "type": "Feature",
      "geometry": {
        "type": "Point",
        "coordinates": [
          5.16,
          48.6
        ]
      },
      "properties": {
        "temperature_2m": 16.6,
        "precipitation": 0.0,
        "cloud_cover": 100,
        "wind_speed_10m": 6.24,
        "last_updated": "2026-06-04T14:44:17Z"
      }
    },
    {
      "type": "Feature",
      "geometry": {
        "type": "Point",
        "coordinates": [
          5.2,
          48.6
        ]
      },
      "properties": {
        "temperature_2m": 16.4,
        "precipitation": 0.0,
        "cloud_cover": 100,
        "wind_speed_10m": 5.81,
        "last_updated": "2026-06-04T14:44:17Z"
      }
    },
    {
      "type": "Feature",
      "geometry": {
        "type": "Point",
        "coordinates": [
          5.26,
          48.6
        ]
      },
      "properties": {
        "temperature_2m": 16.9,
        "precipitation": 0.0,
        "cloud_cover": 100,
        "wind_speed_10m": 5.38,
        "last_updated": "2026-06-04T14:44:17Z"
      }
    },
    {
      "type": "Feature",
      "geometry": {
        "type": "Point",
        "coordinates": [
          5.3,
          48.6
        ]
      },
      "properties": {
        "temperature_2m": 16.6,
        "precipitation": 0.0,
        "cloud_cover": 100,
        "wind_speed_10m": 5.38,
        "last_updated": "2026-06-04T14:44:17Z"
      }
    },
    {
      "type": "Feature",
      "geometry": {
        "type": "Point",
        "coordinates": [
          5.36,
          48.6
        ]
      },
      "properties": {
        "temperature_2m": 15.8,
        "precipitation": 0.0,
        "cloud_cover": 100,
        "wind_speed_10m": 5.59,
        "last_updated": "2026-06-04T14:44:17Z"
      }
    },
    {
      "type": "Feature",
      "geometry": {
        "type": "Point",
        "coordinates": [
          5.4,
          48.6
        ]
      },
      "properties": {
        "temperature_2m": 16.1,
        "precipitation": 0.0,
        "cloud_cover": 100,
        "wind_speed_10m": 5.8,
        "last_updated": "2026-06-04T14:44:17Z"
      }
    },
    {
      "type": "Feature",
      "geometry": {
        "type": "Point",
        "coordinates": [
          5.44,
          48.6
        ]
      },
      "properties": {
        "temperature_2m": 16.1,
        "precipitation": 0.0,
        "cloud_cover": 100,
        "wind_speed_10m": 6.3,
        "last_updated": "2026-06-04T14:44:17Z"
      }
    },
    {
      "type": "Feature",
      "geometry": {
        "type": "Point",
        "coordinates": [
          5.5,
          48.6
        ]
      },
      "properties": {
        "temperature_2m": 15.6,
        "precipitation": 0.0,
        "cloud_cover": 100,
        "wind_speed_10m": 7.07,
        "last_updated": "2026-06-04T14:44:17Z"
      }
    },
    {
      "type": "Feature",
      "geometry": {
        "type": "Point",
        "coordinates": [
          5.56,
          48.6
        ]
      },
      "properties": {
        "temperature_2m": 16.1,
        "precipitation": 0.1,
        "cloud_cover": 100,
        "wind_speed_10m": 6.74,
        "last_updated": "2026-06-04T14:44:17Z"
      }
    },
    {
      "type": "Feature",
      "geometry": {
        "type": "Point",
        "coordinates": [
          5.6,
          48.6
        ]
      },
      "properties": {
        "temperature_2m": 15.7,
        "precipitation": 0.0,
        "cloud_cover": 100,
        "wind_speed_10m": 5.94,
        "last_updated": "2026-06-04T14:44:17Z"
      }
    },
    {
      "type": "Feature",
      "geometry": {
        "type": "Point",
        "coordinates": [
          5.66,
          48.6
        ]
      },
      "properties": {
        "temperature_2m": 15.7,
        "precipitation": 0.0,
        "cloud_cover": 100,
        "wind_speed_10m": 6.3,
        "last_updated": "2026-06-04T14:44:17Z"
      }
    },
    {
      "type": "Feature",
      "geometry": {
        "type": "Point",
        "coordinates": [
          5.7,
          48.6
        ]
      },
      "properties": {
        "temperature_2m": 15.8,
        "precipitation": 0.0,
        "cloud_cover": 100,
        "wind_speed_10m": 6.04,
        "last_updated": "2026-06-04T14:44:17Z"
      }
    },
    {
      "type": "Feature",
      "geometry": {
        "type": "Point",
        "coordinates": [
          5.76,
          48.6
        ]
      },
      "properties": {
        "temperature_2m": 15.6,
        "precipitation": 0.0,
        "cloud_cover": 100,
        "wind_speed_10m": 5.95,
        "last_updated": "2026-06-04T14:44:17Z"
      }
    },
    {
      "type": "Feature",
      "geometry": {
        "type": "Point",
        "coordinates": [
          5.8,
          48.6
        ]
      },
      "properties": {
        "temperature_2m": 15.4,
        "precipitation": 0.0,
        "cloud_cover": 100,
        "wind_speed_10m": 6.38,
        "last_updated": "2026-06-04T14:44:17Z"
      }
    },
    {
      "type": "Feature",
      "geometry": {
        "type": "Point",
        "coordinates": [
          5.86,
          48.6
        ]
      },
      "properties": {
        "temperature_2m": 16.5,
        "precipitation": 0.0,
        "cloud_cover": 100,
        "wind_speed_10m": 7.0,
        "last_updated": "2026-06-04T14:44:17Z"
      }
    },
    {
      "type": "Feature",
      "geometry": {
        "type": "Point",
        "coordinates": [
          5.9,
          48.6
        ]
      },
      "properties": {
        "temperature_2m": 16.7,
        "precipitation": 0.0,
        "cloud_cover": 100,
        "wind_speed_10m": 6.58,
        "last_updated": "2026-06-04T14:44:17Z"
      }
    },
    {
      "type": "Feature",
      "geometry": {
        "type": "Point",
        "coordinates": [
          5.94,
          48.6
        ]
      },
      "properties": {
        "temperature_2m": 15.9,
        "precipitation": 0.0,
        "cloud_cover": 100,
        "wind_speed_10m": 6.72,
        "last_updated": "2026-06-04T14:44:17Z"
      }
    },
    {
      "type": "Feature",
      "geometry": {
        "type": "Point",
        "coordinates": [
          4.7,
          48.66
        ]
      },
      "properties": {
        "temperature_2m": 18.4,
        "precipitation": 0.0,
        "cloud_cover": 100,
        "wind_speed_10m": 6.94,
        "last_updated": "2026-06-04T14:44:17Z"
      }
    },
    {
      "type": "Feature",
      "geometry": {
        "type": "Point",
        "coordinates": [
          4.76,
          48.66
        ]
      },
      "properties": {
        "temperature_2m": 18.2,
        "precipitation": 0.0,
        "cloud_cover": 100,
        "wind_speed_10m": 7.29,
        "last_updated": "2026-06-04T14:44:17Z"
      }
    },
    {
      "type": "Feature",
      "geometry": {
        "type": "Point",
        "coordinates": [
          4.8,
          48.66
        ]
      },
      "properties": {
        "temperature_2m": 18.0,
        "precipitation": 0.2,
        "cloud_cover": 100,
        "wind_speed_10m": 7.6,
        "last_updated": "2026-06-04T14:44:17Z"
      }
    },
    {
      "type": "Feature",
      "geometry": {
        "type": "Point",
        "coordinates": [
          4.86,
          48.66
        ]
      },
      "properties": {
        "temperature_2m": 18.2,
        "precipitation": 0.1,
        "cloud_cover": 100,
        "wind_speed_10m": 8.54,
        "last_updated": "2026-06-04T14:44:17Z"
      }
    },
    {
      "type": "Feature",
      "geometry": {
        "type": "Point",
        "coordinates": [
          4.9,
          48.66
        ]
      },
      "properties": {
        "temperature_2m": 18.2,
        "precipitation": 0.0,
        "cloud_cover": 100,
        "wind_speed_10m": 7.98,
        "last_updated": "2026-06-04T14:44:17Z"
      }
    },
    {
      "type": "Feature",
      "geometry": {
        "type": "Point",
        "coordinates": [
          4.94,
          48.66
        ]
      },
      "properties": {
        "temperature_2m": 18.4,
        "precipitation": 0.0,
        "cloud_cover": 100,
        "wind_speed_10m": 6.52,
        "last_updated": "2026-06-04T14:44:17Z"
      }
    },
    {
      "type": "Feature",
      "geometry": {
        "type": "Point",
        "coordinates": [
          5.0,
          48.66
        ]
      },
      "properties": {
        "temperature_2m": 17.8,
        "precipitation": 0.0,
        "cloud_cover": 100,
        "wind_speed_10m": 6.29,
        "last_updated": "2026-06-04T14:44:17Z"
      }
    },
    {
      "type": "Feature",
      "geometry": {
        "type": "Point",
        "coordinates": [
          5.06,
          48.66
        ]
      },
      "properties": {
        "temperature_2m": 16.9,
        "precipitation": 0.0,
        "cloud_cover": 100,
        "wind_speed_10m": 6.3,
        "last_updated": "2026-06-04T14:44:17Z"
      }
    },
    {
      "type": "Feature",
      "geometry": {
        "type": "Point",
        "coordinates": [
          5.1,
          48.66
        ]
      },
      "properties": {
        "temperature_2m": 16.9,
        "precipitation": 0.0,
        "cloud_cover": 100,
        "wind_speed_10m": 6.79,
        "last_updated": "2026-06-04T14:44:17Z"
      }
    },
    {
      "type": "Feature",
      "geometry": {
        "type": "Point",
        "coordinates": [
          5.16,
          48.66
        ]
      },
      "properties": {
        "temperature_2m": 17.0,
        "precipitation": 0.0,
        "cloud_cover": 100,
        "wind_speed_10m": 7.21,
        "last_updated": "2026-06-04T14:44:17Z"
      }
    },
    {
      "type": "Feature",
      "geometry": {
        "type": "Point",
        "coordinates": [
          5.2,
          48.66
        ]
      },
      "properties": {
        "temperature_2m": 17.1,
        "precipitation": 0.0,
        "cloud_cover": 100,
        "wind_speed_10m": 6.87,
        "last_updated": "2026-06-04T14:44:17Z"
      }
    },
    {
      "type": "Feature",
      "geometry": {
        "type": "Point",
        "coordinates": [
          5.26,
          48.66
        ]
      },
      "properties": {
        "temperature_2m": 16.4,
        "precipitation": 0.0,
        "cloud_cover": 100,
        "wind_speed_10m": 6.75,
        "last_updated": "2026-06-04T14:44:17Z"
      }
    },
    {
      "type": "Feature",
      "geometry": {
        "type": "Point",
        "coordinates": [
          5.3,
          48.66
        ]
      },
      "properties": {
        "temperature_2m": 16.2,
        "precipitation": 0.0,
        "cloud_cover": 100,
        "wind_speed_10m": 6.65,
        "last_updated": "2026-06-04T14:44:17Z"
      }
    },
    {
      "type": "Feature",
      "geometry": {
        "type": "Point",
        "coordinates": [
          5.36,
          48.66
        ]
      },
      "properties": {
        "temperature_2m": 16.9,
        "precipitation": 0.0,
        "cloud_cover": 100,
        "wind_speed_10m": 6.79,
        "last_updated": "2026-06-04T14:44:17Z"
      }
    },
    {
      "type": "Feature",
      "geometry": {
        "type": "Point",
        "coordinates": [
          5.4,
          48.66
        ]
      },
      "properties": {
        "temperature_2m": 16.3,
        "precipitation": 0.0,
        "cloud_cover": 100,
        "wind_speed_10m": 6.65,
        "last_updated": "2026-06-04T14:44:17Z"
      }
    },
    {
      "type": "Feature",
      "geometry": {
        "type": "Point",
        "coordinates": [
          5.44,
          48.66
        ]
      },
      "properties": {
        "temperature_2m": 16.4,
        "precipitation": 0.0,
        "cloud_cover": 100,
        "wind_speed_10m": 6.51,
        "last_updated": "2026-06-04T14:44:17Z"
      }
    },
    {
      "type": "Feature",
      "geometry": {
        "type": "Point",
        "coordinates": [
          5.5,
          48.66
        ]
      },
      "properties": {
        "temperature_2m": 15.5,
        "precipitation": 0.0,
        "cloud_cover": 100,
        "wind_speed_10m": 6.65,
        "last_updated": "2026-06-04T14:44:17Z"
      }
    },
    {
      "type": "Feature",
      "geometry": {
        "type": "Point",
        "coordinates": [
          5.56,
          48.66
        ]
      },
      "properties": {
        "temperature_2m": 16.1,
        "precipitation": 0.0,
        "cloud_cover": 100,
        "wind_speed_10m": 6.3,
        "last_updated": "2026-06-04T14:44:17Z"
      }
    },
    {
      "type": "Feature",
      "geometry": {
        "type": "Point",
        "coordinates": [
          5.6,
          48.66
        ]
      },
      "properties": {
        "temperature_2m": 16.1,
        "precipitation": 0.0,
        "cloud_cover": 100,
        "wind_speed_10m": 5.25,
        "last_updated": "2026-06-04T14:44:17Z"
      }
    },
    {
      "type": "Feature",
      "geometry": {
        "type": "Point",
        "coordinates": [
          5.66,
          48.66
        ]
      },
      "properties": {
        "temperature_2m": 15.7,
        "precipitation": 0.0,
        "cloud_cover": 100,
        "wind_speed_10m": 5.67,
        "last_updated": "2026-06-04T14:44:17Z"
      }
    },
    {
      "type": "Feature",
      "geometry": {
        "type": "Point",
        "coordinates": [
          5.7,
          48.66
        ]
      },
      "properties": {
        "temperature_2m": 16.4,
        "precipitation": 0.0,
        "cloud_cover": 100,
        "wind_speed_10m": 6.63,
        "last_updated": "2026-06-04T14:44:17Z"
      }
    },
    {
      "type": "Feature",
      "geometry": {
        "type": "Point",
        "coordinates": [
          5.76,
          48.66
        ]
      },
      "properties": {
        "temperature_2m": 16.2,
        "precipitation": 0.0,
        "cloud_cover": 100,
        "wind_speed_10m": 5.56,
        "last_updated": "2026-06-04T14:44:17Z"
      }
    },
    {
      "type": "Feature",
      "geometry": {
        "type": "Point",
        "coordinates": [
          5.8,
          48.66
        ]
      },
      "properties": {
        "temperature_2m": 15.7,
        "precipitation": 0.0,
        "cloud_cover": 100,
        "wind_speed_10m": 6.24,
        "last_updated": "2026-06-04T14:44:17Z"
      }
    },
    {
      "type": "Feature",
      "geometry": {
        "type": "Point",
        "coordinates": [
          5.86,
          48.66
        ]
      },
      "properties": {
        "temperature_2m": 16.8,
        "precipitation": 0.0,
        "cloud_cover": 100,
        "wind_speed_10m": 5.44,
        "last_updated": "2026-06-04T14:44:17Z"
      }
    },
    {
      "type": "Feature",
      "geometry": {
        "type": "Point",
        "coordinates": [
          5.9,
          48.66
        ]
      },
      "properties": {
        "temperature_2m": 17.0,
        "precipitation": 0.0,
        "cloud_cover": 100,
        "wind_speed_10m": 4.63,
        "last_updated": "2026-06-04T14:44:17Z"
      }
    },
    {
      "type": "Feature",
      "geometry": {
        "type": "Point",
        "coordinates": [
          5.94,
          48.66
        ]
      },
      "properties": {
        "temperature_2m": 16.0,
        "precipitation": 0.0,
        "cloud_cover": 100,
        "wind_speed_10m": 5.06,
        "last_updated": "2026-06-04T14:44:17Z"
      }
    }
  ]
}